first_author,year,title,type,collections,tags
Bijlert,2010,2010 Elections 20: What if the Hazaras win in Uruzgan? (updated) | Afghanistan Analysts Network,blogPost,afghan_elections,
Wilder,2010,Footnotes to an AAN political parties blog | Afghanistan Analysts Network,blogPost,afghan_elections,
Ruttig,2010,2010 Elections 2: Political Parties at the Fringes Again | Afghanistan Analysts Network,blogPost,afghan_elections,
AAN Team,2010,Flash from the Past: Russian Advice on Afghanistan,blogPost,taliban,
Ruttig,2014,From Point Zero to 'New Warmth': Russian-Afghan relations since 1989,blogPost,newspaper,
Mohan,2015,Raja Mandala: Dargah diplomacy,blogPost,dargah_sharif,
Kefalakos,2015,China is the first non-EU country to invest in Europe’s €315 billion Plan,blogPost,OBOR_train,
Ahmed,2015,America Turned Away Jewish Refugees Because Some Were Feared To Be Nazi Agents,blogPost,socialmedia,
,2015,Afghanistan likely to receive Russia’s support in fight against terrorism,blogPost,taliban,
,2015,US should keep some bases open in Afghanistan beyond 2016: McCain,blogPost,taliban,
,2016,Four nations call on Taliban to enter into early talks with Afghan govt,blogPost,taliban,
Adili,2017,Afghanistan's Incomplete New Electoral Law: Changes and controversies | Afghanistan Analysts Network,blogPost,afghan_elections,
ANI,2017,Over 400 Pakistani pilgrims arrive India to visit Ajmer Sharif Dargah,blogPost,dargah_sharif,
,2017,Afghanistan-China-Pak Summit/Beijing to Back up Stability in Afghanistan,blogPost,taliban,
,2017,This time in Oman; Afghanistan’s Quadrilateral Summit!,blogPost,taliban,
Corner,2017,No fear of the bear? Bilateral economic relations between Germany and Russia,blogPost,economicglobalism,
European,2017,China's expansion of OBOR leaves Africa caught in a dilemma | GRI,blogPost,economicglobalism,
Hussain,2017,Afghanistan as heart of Asia,blogPost,Afghanistan,
Ruttig,2018,Election Day One: A rural-urban divide emerging | Afghanistan Analysts Network,blogPost,afghan_elections,
Times Headline,2018,Pakistan Election: Pakistani candidates express urge to visit Ajmer Sharif,blogPost,dargah_sharif,
says,2018,Belt and Road Dispute Settlement and Transnational Governance,blogPost,BRI-EEU,
,2018,Implications of trade in Chinese Yuan under CPEC,blogPost,CPEC,
,2018,Shahbaz Taseer Shows The Real Face Of Taliban Narrating An Incident From His Kidnapping!,blogPost,taliban,
Mehmood,2018,U.S. & Taliban Inch Closer To Peace Talks Despite ‘Insider Attacks’ On American Troops,blogPost,taliban,
,2018,Trilateral Conference on Afghan Peace to be Held in Indonesia: HPC,blogPost,taliban,
,2018,Arabia to Host Quadrilateral Summit on Afghanistan this Week: HPC,blogPost,taliban,
,2018,Quadrilateral Summit on Afghan Peace Held in Abu Dhabi,blogPost,taliban,
,2018,"Maulana Sami ul Haq refuses to arbitrate between Afghan govt, Taliban",blogPost,taliban,
,2018,Heavy clashes reported among Afghan forces and Taliban in Kunduz,blogPost,taliban,
Mark,2018,Singapore FTA Includes BRI,blogPost,BRI-EEU,
,2018,Taliban revealed their real faces in Moscow summit: Afghan Senate,blogPost,taliban,
Palmer,2018,All hell breaks loose in the Trump-Russia scandal,blogPost,tweetlinks_TD1,
Adili,2019,"Afghanistan's 2019 Election (24): Disputed recount, threats not to accept results, and some interesting new data | Afghanistan Analysts Network",blogPost,afghan_elections,
Twitter@pajhwok,2019,Two people charged with robbery were flogged by the #Taliban Ghor province.  #Afghanistan - Pajhwok Afghan News,blogPost,taliban,
editor,2019,China’s Belt and Road Initiative (BRI) and Nigeria’s Memorandum of Understanding on the BRI,blogPost,BRI-EEU,
,2019,Uzbekistan plans to build first commercial nuclear reactor,blogPost,uzbekistan,
Omirtai 1993,2019,"Atomic Energy: Peaceful atom, new dimension of Kazakh-Uzbek relations",blogPost,uzbekistan,
,2019,The Department of Defense's New Indo-Pacific Strategy,blogPost,Geopolitics,
,2019,"Marc A. Thiessen: United States can’t stop fighting terrorists in Afghanistan, Syria now",blogPost,taliban,
,2019,Taliban call Constitution obstacle to peace as Moscow conference kicks off,blogPost,taliban,
,2019,"Taliban: Gani, Amerikan Köleliğinde Birinciliği Kazandı",blogPost,taliban,
Newsbaycomng,2019,"Obaseki’s Industrialisation Drive Receives Fresh Impetus From China’s Belt, Road Initiative • Newsbay",blogPost,BRI-EEU,
Remyga,2019,Project of the century: How the Belt and Road initiative will impact the Eurasian region,blogPost,BRI-EEU,
Geropoulos,2019,The amended Gas Directive will cover both internal EU gas pipelines as well as all gas pipelines from non-EU countries into the EU,blogPost,russiapipelines,
Wood,2019,"Hypocrisy: Merkel Defends Iran Deal For EU Profits, Wants US Troops To Stay In Syria, While Germany Pays Little For Defense And Gives Energy Security To Russia With Nord Stream II",blogPost,russiapipelines,
,2019,Perché il compromesso Macron-Merkel sul Nord Stream 2 soddisfa la Germania,blogPost,russiapipelines,
Reporters,2019,Russia warns EU not to hamper Nord Stream,blogPost,russiapipelines,
Gotev,2019,Normandy summit upholds 'Steinmeier formula' for Eastern Ukraine,blogPost,Mackinder,
@RadioPakistan,2019,"We repeatedly asked to India for actionable evidence:"" Prime Minister  @ImranKhanPTI  https://pscp.tv/w/1PlJQymzWRdJE",blogPost,securitycomplex,
@FaezaDawood,2019,"PM of Pakistan: “If India Attacks Pakistan in ANY way, Pakistan will not think to retaliate...Pakistan WILL retaliate” My take on his address (Part 3)",blogPost,securitycomplex,
Pieraccini,2019,Nuclear War vs. Belt and Road Initiative: Why China Will Prevail,blogPost,GreatPowers,
Durrani,2019,Is conflict-ridden Afghanistan deterring regional connectivity?,blogPost,taliban2,
Malalai,2019,@MalalaiBashir,blogPost,taliban2,
PTI,2019,Pakistan high commissioner offers prayers at Ajmer Sharif,blogPost,dargah_sharif,
Staff,2020,"FM Zarif, UN Chief Discuss Afghanistan Developments",blogPost,Afghanistan,
@TOLOnews,2020,US DefSec Mark Esper at NATO,blogPost,taliban2,
Times of News,2020,"What’s Pompeo’s Secret Mission in Ukraine, Central Asia?",blogPost,centralAsia,
Khama Press,2020,Pentagon to procure 10 Chinook helicopters for Afghan Special Forces,blogPost,taliban2,
Ghazniwal,2020,@TGHazniwal,blogPost,taliban2,
,2020,85 percent of bombs used in Afghanistan originate from Pakistan: retired US general,blogPost,taliban2,
Feroz,2020,Is Afghan Intelligence Building a Regime of Terror With the CIA’s Help?,blogPost,taliban2,
Babar,2020,Naya Pakistan and the Afghan peace process,blogPost,Afghanistan,
Ashna,2021,"The Taliban have issued a new decree where all high ranking government officials are said to be from Hanafi sect of Islam. What kind of government are they running? We have Shias, Hindus, and Sikhs in Kabul who are way more educated than these people. https://t.co/tN6D2nAaEG",blogPost,taliban_twitter,
Tahiri,2021,Taliban Evicted Indigenous Hazaras from Daikundi’s Gizab – 400 Families Displaced So Far,blogPost,taliban2,
@ziashahreyar,2021,A Taliban official in an interview in Kabul on the importance of Hijab.,blogPost,taliban_twitter,
Nihad Jariri,2021,"This is huge. @suhailshaheen1 Taliban spokesman, tells @akhbar: ""There is no bay'a"" NO pledge of allegiance between Al-Qaeda & Taliban. We know Zawahiri pledged allegiance to Akhundzada. Was understood that Taliban didn't ""wish"" to acknowledge that publicly. Well, there you go. https://t.co/bEdKQ0FolU",blogPost,taliban_twitter,
Press24,2021,US conducts airstrike targeting Taliban in Afghanistan,blogPost,taliban2,
1TVNewsAF,2021,"President Ghani: Taliban fighting has no religious and national legitimacy, we will focus on managing the situation in next three to six months, positive changes will come based on special plans. https://t.co/lrfA70TaxX",blogPost,taliban2,
Lalzoy,2021,Salma Dam under Taliban rockets,blogPost,taliban2,
,2021,"Pentagon condemns attack on Kandahar Airfield, U.S base",blogPost,taliban2,
Gbadamosi,2022,How China’s Appetite for Rosewood Fuels Illegal Logging in Ghana,blogPost,environment,
ICEF Monitor,2022,Forecast projects 1.8 million Indian students abroad by 2024,blogPost,environment,
Barrech,2023,Regional connectivity under NSP,blogPost,energy_statistics,
Pannier,2024,U.S. Decision to Give Military Aircraft to Uzbekistan Upsets Taliban - The Times Of Central Asia,blogPost,taliban2,
Qodousi,2024,Iranian officials in talks with Taliban: Herat-Khaf railway is a good opportunity for transit between the two countries,blogPost,Afghanistan,
Taban,2024,Dangerous Journeys: Security and Migration at the Afghanistan-Iran Border,blogPost,taliban_twitter,
afgembisb.passport@gmail.com,2024,https://islamabad.mfa.gov.af/2283-2/,blogPost,taliban_twitter,
Mohammad,2024,How the Pashtun Tahafuz Movement Built a Virtual Resistance,blogPost,pakistan,
,2024,Revoke the ban on Pashtun Tahaffuz Movement in Pakistan,blogPost,pakistan,
Kemelova,2025,"Digging Deeper: Kazakhmys Barlau’s Plan for Exploration, Talent, and Afghanistan’s Geology",blogPost,Afghanistan,
Sakenova,2025,Kazakhstan Strengthens Ties with Afghanistan,blogPost,Afghanistan,
Vorotnikov,2025,New rail lines planned in Afghanistan,blogPost,Afghanistan,
BATRAK,2025,Central Asia Advances the Trans-Afghan Transport Corridor,blogPost,Afghanistan,
,2025,Uzbekistan and Russia Advance Trans-Afghan Railway Project to Pakistan - The Times Of Central Asia,blogPost,Afghanistan,
Ariana News,2025,China interested in financing Trans-Afghan railway project: Pakistan FM | Ariana News | Afghanistan News,blogPost,Afghanistan,
Mohammadi,2025,Taliban say trade shipment from France arrives in Herat,blogPost,Afghanistan,
Ariana News,2025,Pakistani and Uzbek envoys hold talks on Trans-Afghan railway project | Ariana News | Afghanistan News,blogPost,Afghanistan,
Adili,2028,Afghanistan Election Conundrum (11): Electoral reform and the preparations for the 2018 elections – a summary | Afghanistan Analysts Network,blogPost,afghan_elections,
,,"Sakhalin-1 Oil and Gas Project, Okhotsk Sea, Russia",blogPost,centralAsia,
,,What are secret elements in US-Taliban deal?,blogPost,taliban2,
,,Delegates to carry talks with Taliban in doldrums,blogPost,taliban2,
@AmbJohnBolton,,"John Bolton on Twitter: ""I support @Liz_Cheney &amp; the 22 Members who signed her letter questioning a peace deal with the Taliban. ""Commitments"" made by these terrorists have no credibility. Any peace that surrenders American interests is no peace at all."" / Twitter",blogPost,taliban2,
@nytopinion,,"New York Times Opinion on Twitter: """"The withdrawal of foreign forces has been our first and foremost demand. That we today stand at the threshold of a peace agreement with the United States is no small milestone,"" writes Sirajuddin Haqqani, the deputy leader of the Taliban. https://t.co/D6rQIL6fns"" / Twitter",blogPost,taliban2,
,,Afghanistan's 2019 Elections (4): What will happen when the presidential tenure runs out on 22 May? | Afghanistan Analysts Network,blogPost,afghan_elections,
Greer,,"One Belt, One Road, One Big Mistake",blogPost,BRI-EEU,
Hirsh,,Ryan Crocker: The Taliban Will ‘Retake the Country’,blogPost,taliban,
,,"Michael Clarke - Beijing’s “March West”: One Belt, One Road and China’s Quest for Great Power Status (2016-11-03)",blogPost,economicglobalism,
,,Russia wants to build a hyperloop track—if China helps pay for it,blogPost,OBOR_train,
,,China Enlists U.N. to Promote Its Belt and Road Project,blogPost,OBOR_train,
,,U.S. trade with Uzbekistan tops $229 million through April 2019,blogPost,uzbekistan,
Team,,"Uzbekistan, Russia agree on site for nuclear plant | CBRNe Portal",blogPost,uzbekistan,
,,Charting Progress in China’s Belt and Road Initiative,blogPost,BRI-EEU,
Notezai,,Will Balochistan Blow Up China’s Belt and Road?,blogPost,CPEC,
,,Nuclear War vs. Belt and Road Initiative: Why China Will Prevail,blogPost,BRI-EEU,
,,"Hassan Nasrallah: Daesh is Still a US-Israeli Asset, Threatens Central Asia | The Vineyard of the Saker",blogPost,taliban,
,,"""Nothing is agreed until everything is agreed"": First steps in Afghan peace negotiations | Afghanistan Analysts Network",blogPost,taliban,
Lieven,,It's Time to Trust the Taliban,blogPost,taliban,
,,"Taliban attacks army checkpoint in Afghanistan, kill 6 troops: official – National – Quality News",blogPost,taliban,
,,"The China “Belt & Road, Hemao Agriculture” International Seminar on Digital Economy in Singapore | Kerala Daily",blogPost,BRI-EEU,
,,UN concerned over Abdullah loyalist’s outlawed reshuffles,blogPost,taliban2,
Johnson,,What good did the USSR in Afghanistan | The Global Domain News,blogPost,Afghanistan,
Danforth,,The End of History and the Last Map,blogPost,GreatPowers,
,,US-Taliban Talks has reached its ending stages: Taliban – Afghan Studies Center,blogPost,taliban2,
,,"Islamabad, Kabul and New Delhi: Can the trio launch a joint offensive against poverty? – Afghan Studies Center",blogPost,taliban2,
,,"Afghanistan, China and Connectivity – Afghan Studies Center",blogPost,taliban2,
,,"[Watch] Russia, Pakistan on board US-Taliban talks, India has ‘no influence’ – Zamir Kabulov – Afghan Studies Center",blogPost,taliban2,
,,Constitutional Democracy the only way forward for Pakistan & Afghanistan – Afghan Studies Center,blogPost,taliban2,
,,Pak Embassy in Kabul Announces Establishment of a New Economical Trade Link between Pakistan & Afghanistan – Afghan Studies Center,blogPost,taliban2,
,,"Afghan forces destroy Taliban strongholds, kill 63 rebels",blogPost,taliban2,
,,17 hostages freed from Taliban prison,blogPost,taliban2,
,,Editorial: Biden’s morally bankrupt remarks,blogPost,taliban2,
Mackinder,1942,Democratic Ideals and Reality: A Study in the Politics of Reconstruction,book,iqbal,
Iqbal,1966,Javid-Nama,book,Afghanistan,
Arendt,1970,On violence,book,pakistan,Violence
Forrester,1973,World dynamics,book,climate_change,Demography; Economic development; Mathematical models; Statics and dynamics (Social sciences)
Waltz,1979,Theory of international politics,book,realism,
Beitz,1979,Political theory and international relations,book,realism,
Dupree,1980,Afghanistan,book,sa654,
Darr,1982,The World of Iqbal,book,iqbal,
Wolpert,1982,"Roots of confrontation in South Asia: Afghanistan, Pakistan, India, and the superpowers",book,Afghanistan,
Buzan,1983,"People, states, and fear: the national security problem in international relations",book,securitycomplex,
Baldwin,1985,Economic Statecraft,book,callforpapers,
Buzan,1986,South Asian Insecurity and the Great Powers,book,securitycomplex,
Blumer,1986,Symbolic Interactionism: Perspective and Method,book,socialmedia,
Amin,1987,"Afghanistan crisis : implications and options for Muslim world, Iran, and Pakistan.",book,sa653,
Arjomand,1989,The Turban for the crown: the Islamic revolution in Iran,book,iran,
Anwar,1989,The tragedy of Afghanistan : a first-hand account,book,sa653,
Anwar,1989,The tragedy of Afghanistan: a first-hand account,book,sa654,
Roy,1990,Islam and resistance in Afghanistan,book,sa654,
Parekh,1991,Gandhi's Political Philosophy: A Critical Examination,book,peacebuilding,
Folke,1991,Linking the Natural Environment and the Economy: Essays from the Eco-Eco Group,book,climate_change,
Brouwer,1991,"Land Use Changes in Europe: Processes of Change, Environmental Transformations and Future Patterns",book,climate_change,
Wallerstein,1991,Geopolitics and geoculture: essays on the changing world-system,book,climate_change,Geopolitics
Buzan,1993,The logic of anarchy: neorealism to structural realism,book,realism,
Lardy,1993,Foreign Trade and Economic Reform in China,book,wordpress_blog,
Younghusband,1993,The Heart of a Continent,book,Afghanistan,
Malik,1993,Dilemmas of National Security and Cooperation in India and Pakistan,book,southasia,
Baudrillard,1994,Simulacra and simulation,book,simulacrum,Reality; Resemblance (Philosophy)
Racioppi,1994,Soviet Policy Towards South Asia Since 1970,book,Afghanistan,
Weiner,1994,The New geopolitics of Central Asia and its borderlands,book,sa653,
Cordovez,1995,Out of Afghanistan: The Inside Story of the Soviet Withdrawal,book,Afghanistan,
Olesen,1995,Islam and politics in Afghanistan,book,islam method political; sa653,
Cordovez,1995,Out of Afghanistan: the inside story of the Soviet withdrawal,book,sa653,
Agnew,1995,"Mastering space: hegemony, territory and international political economy",book,GreatPowers,Geopolitics; International economic relations; International relations; World politics
Lederach,1996,Preparing For Peace: Conflict Transformation Across Cultures,book,peacebuilding,
Suzuki,1996,Global Environmental Security: From Protection to Prevention,book,environment,
Myers,1996,Ultimate security: the environmental basis of political stability,book,environment,Case studies; Environmental aspects; Environmental policy; National security; United States
Toal,1996,Critical geopolitics: the politics of writing global space,book,Geopolitics,
Litvinsky,1996,History of civilizations of Central Asia: AD 250 to 750,book,centralAsia,
Arora,1997,Intergovernmental Fiscal Relations: The Chinese System in Perspective,book,federalism,
Heise,1997,"Chronoschisms: Time, Narrative, and Postmodernism",book,twitteropoliics,
Kakar,1997,Afghanistan: the Soviet invasion and the Afghan response ; 1979 - 1982,book,sa653; sa654,
Buzan,1998,Security: A New Framework for Analysis,book,securitycomplex,
Maley,1998,Fundamentalism reborn? Afghanistan and the Taliban,book,sa653,
Mūsawī,1998,"The Hazaras of Afghanistan: an historical, cultural, economic and political study",book,sa654,
Jarvis,1998,Postmodern cartographies: the geographical imagination in contemporary American culture,book,sa662,
Arendt,1998,The human condition,book,,
Arendt,1998,The human condition,book,,
Arendt,1998,The human condition,book,,
Croissant,1999,Oil and Geopolitics in the Caspian Sea Region,book,taliban,
Wendt,1999,Social Theory of International Politics,book,realism,
Wendt,1999,Social theory of international politics,book,securitycomplex,
Kliot,2000,Geopolitics at the End of the Twentieth Century: The Changing World Political Map,book,securitycomplex,
Cooley,2000,"Unholy wars: Afghanistan, America, and international terrorism",book,sa653,
Shah,2000,Jaina theory of multiple facets of reality and truth: = (Anekāntavāda),book,peacebuilding,
Gerrard,2000,Fundamentals of soils,book,climate_change,Soils
Mearsheimer,2001,The tragedy of Great Power politics,book,realism,
Connery,2001,"Ideologies of Land and Sea: Alfred Thayer Mahan, Carl Schmitt, and the Shaping of Global Myth Elements",book,centralAsia,
Kaplan,2001,Soldiers of God: with Islamic warriors in Afghanistan and Pakistan,book,sa653,
Kaplan,2001,Soldiers of God: with Islamic warriors in Afghanistan and Pakistan,book,sa654,
Lewis,2001,Constructing public opinion: how political elites do what they like and why we seem to go along with it,book,twittergeopolitics2b,Mass media and public opinion; Political psychology; Public opinion; United States
Goodman,2002,"China Deconstructs: Politics, Trade and Regionalism",book,BRI-EEU,
Held,2002,"Global transformations: politics, economics and culture",book,Geopolitics,
Rashid,2002,"Taliban: Islam, oil and the new great game in Central Asia",book,WorldFocus,
Shahrani,2002,The Kirghiz and Wakhi of Afghanistan: Adaptation to Closed Frontiers and War,book,Afghanistan,
Cooley,2002,"Unholy Wars: Afghanistan, America and International Terrorism",book,Afghanistan,
Quester,2002,Offense and Defense in the International System,book,realism,
Edwards,2002,Before Taliban: genealogies of the Afghan jihad,book,sa654,
Dalby,2002,Rethinking Geopolitics.,book,sa662,
Rubin,2002,The fragmentation of Afghanistan: state formation and collapse in the international system,book,sa653; sa654,
McCauley,2002,Afghanistan and Central Asia: a modern history,book,sa653; sa654,
Dundas,2002,The Jains,book,peacebuilding,
Buzan,2003,Regions and Powers: The Structure of International Security,book,Afghanistan; Geopolitics,
Adle,2003,History of civilizations of Central Asia. Vol. 5: Development in contrast: from the sixteenth to the mid-nineteenth century,book,eurasiain17thcentury,
Peimani,2003,"Falling Terrorism and Rising Conflicts: The Afghan ""Contribution"" to Polarization and Confrontation in West and South Asia",book,Afghanistan,
Rasanayagam,2003,Afghanistan: A Modern History,book,Afghanistan,
Hanami,2003,Perspectives on Structural Realism,book,realism,
Mearsheimer,2003,The Tragedy of Great Power Politics,book,,
Griffin,2003,"Reaping the whirlwind: Afghanistan, Al-Qa'ida, and the holy war",book,sa653,
Grare,2003,"Pakistan in the face of the Afghan conflict, 1979-1985",book,sa653,
Brodsky,2003,With all our strength: the Revolutionary Association of the Women of Afghanistan,book,sa654,
Tanner,2003,Afghanistan: a military history from Alexander the Great to the fall of the Taliban,book,sa654,
Kidner,2003,Socio-economic applications of geographic information science,book,sa662,
Buzan,2003,Regions and powers: the structure of international security,book,securitycomplex,
Falk,2004,The Declining World Order: America's Imperial Geopolitics,book,FDI,
Buzan,2004,The United States and the great powers: world politics in the twenty-first century,book,Geopolitics,
Paul,2004,Balance of power: theory and practice in the 21st century,book,realism,
M,2004,Asian Economic Cooperation In The New Millennium: China's Economic Presence,book,southasia,
Fiscus,2004,America's War in Afghanistan,book,Afghanistan,
Mojtahed-Zadeh,2004,The Small Players of the Great Game: The Settlement of Iran's Eastern Borderlands and the Creation of Afghanistan,book,Afghanistan,
Smith,2004,"Handbook of Visual Communication: Theory, Methods, and Media",book,semiotics_phenomenology,
Mojtahed-Zadeh,2004,Small players of the Great Game: the settlement of Iran's eastern borderlands and the creation of Afghanistan,book,sa653,
Carnahan,2004,Reforming fiscal and economic management in Afghanistan,book,sa654,
Dale,2004,"The garden of the eight paradises: Bābur and the culture of Empire in Central Asia, Afghanistan and India (1483-1530)",book,sa654,
Saikal,2004,Modern Afghanistan: a history of struggle and survival,book,sa654,
Ewans,2004,Conflict in Afghanistan: Studies in Asymetric Warfare,book,Afghanistan; sa653,
Arendt,2004,The origins of totalitarianism,book,pakistan,
Burchill,2005,Theories of international relations,book,realism,
Harvey,2005,A brief history of neoliberalism,book,Geopolitics,
Foucault,2005,The Order of Things,book,BRI-EEU,
Harvey,2005,The New Imperialism,book,FDI,
Aydinli,2005,"Globalization, security, and the nation-state: paradigms in transition",book,Geopolitics,
Wibbels,2005,Federalism and the Market: Intergovernmental Conflict and Economic Reform in the Developing World,book,federalism,
Hagerty,2005,South Asia in World Politics,book,Afghanistan,
Dhaka,2005,South Asia and Central Asia: Geopolitical Dynamics,book,Afghanistan,
Naumkin,2005,Radical Islam in Central Asia: Between Pen and Rifle,book,uzbekistan,
Starr,2005,A greater Central Asia partnership for Afghanistan and its neighbors,book,centralAsia,
Dorronsoro,2005,"Revolution unending: Afghanistan, 1979 to the present",book,sa654,
Schaetzl,2005,Soils: genesis and geomorphology,book,climate_change,Geomorphology; Soil formation; Soil structure; Soils
Hasnali,2006,"At the dawn of the Cold War: the Soviet-American crisis over Iranian Azerbaijan, 1941 - 1946",book,iran,
Peters,2006,War and Escalation in South Asia,book,Afghanistan,
Bleaney,2006,Afghanistan: A Bibliography,book,Afghanistan,
Sluga,2006,"Nation, Psychology, and International Politics, 1870-1919",book,twitteropoliics,
Marshall,2006,"The Russian General Staff and Asia, 1800-1917",book,Mackinder,
Wight,2006,"Agents, structures and international relations: politics as ontology",book,securitycomplex,
Kakar,2006,"A political and diplomatic history of Afghanistan, 1863-1901",book,sa653,
Bleaney,2006,Afghanistan : a bibliography,book,sa653,
López,2006,Economic development and environmental sustainability: new policy options,book,environment,
Ross,2006,Histology: a text and atlas with correlated cell and molecular biology,book,twittergeopolitics2b,
Fukuyama,2006,Nation-Building: Beyond Afghanistan and Iraq,book,sa653; securitycomplex,
Charmaz,2006,Constructing grounded theory,book,grounded_theory,Grounded theory; Research Methodology; Social sciences
The Diagram Group,2006,Weather and climate: an illustrated guide to science,book,climate_change,
Mojtahed-Zadeh,2007,Small players of the great game: the settlement of Iran's eastern borderlands and the creation of Afghanistan,book,iran,
Miller,2007,"States, nations, and the great powers: the sources of regional war and peace",book,securitycomplex,
Kinzer,2007,Overthrow: America's century of regime change from Hawaii to Iraq,book,realism,
Colas,2007,The War on Terrorism and the American 'Empire' after the Cold War,book,FDI,
Fujita,2007,Regional Integration in East Asia: From the Viewpoint of Spatial Economics,book,economicglobalism,
Wahab,2007,A Brief History of Afghanistan,book,Afghanistan,
Rumer,2007,"Central Asia: Views from Washington, Moscow, and Beijing",book,uzbekistan,
Booth,2007,Theory of world security,book,securitycomplex,
Rotberg,2007,Building a New Afghanistan,book,Afghanistan; taliban2,
Thrower,2007,Maps & civilization: cartography in culture and society,book,sa662,
Runion,2007,The history of Afghanistan,book,sa654,
Roy,2007,The failure of political Islam,book,sa654,
Gregory,2007,"Historical GIS: technologies, methodologies, and scholarship",book,sa662,
Macdonald,2007,"Drugs in Afghanistan: opium, outlaws and scorpion tales",book,sa653; sa654,
Balabanova,2007,"Media, wars and politics: comparing the incomparable in Western and Eastern Europe",book,twittergeopolitics2b,Bulgaria; Europe; Great Britain; Press coverage; War
World Bank,2007,World development report 2008: agriculture for development,book,foodsecurity,Agriculture; Economic aspects; Population
Fujita,2008,Economic integration in East Asia: perspectives from spatial and neoclassical economics,book,Geopolitics,
Hopkins,2008,The Makings of Modern Afghanistan,book,Afghanistan,
Jones,2008,Counterinsurgency in Afghanistan: RAND Counterinsurgency Study--Volume 4,book,Afghanistan,
Starr,2008,In defense of greater Central Asia,book,centralAsia,
Sabet,2008,"Islam and the political: theory, governance and international relations",book,islam method political,
Pain,2008,Fear: critical geopolitics and everyday life,book,securitycomplex,
Borovik,2008,The hidden war : a Russian journalist's account of the Soviet war in Afghanistan,book,sa653,
Rashid,2008,"Descent into chaos: the United States and the failure of nation building in Pakistan, Afghanistan, and Central Asia",book,sa654,
Fazal,2008,GIS basics,book,sa662,
Cosgrove,2008,"Geography and vision: seeing, imagining and representing the world",book,sa662,
Bernstein,2008,Global liberalism and political order: toward a new grand compromise?,book,environment,
Gallis,2008,NATO in Afghanistan: A Test of the Transatlantic Alliance,book,sa653,
Henson,2008,The rough guide to weather,book,climate_change,
Jeffreys,2009,"China's Governmentalities: Governing Change, Changing Government",book,BRI-EEU,
Lim,2009,Oil and gas in china: The new energy superpower's relations with its region,book,oilrussiachina,
Brecher,2009,Realism and Institutionalism in International Studies.,book,realism,
Boadway,2009,Fiscal Federalism: Principles and Practice of Multiorder Governance,book,federalism,
Semple,2009,Reconciliation in Afghanistan,book,Afghanistan,
Synnott,2009,Transforming Pakistan: Ways Out of Instability,book,Afghanistan,
Wolpert,2009,Shameful Flight: The Last Years of the British Empire in India,book,Afghanistan,
Bush,2009,The National Security Strategy of the United States of America,book,uzbekistan,
Lo,2009,"Axis of Convenience: Moscow, Beijing, and the New Geopolitics",book,GreatPowers,
Nye,2009,Soft Power: The Means To Success In World Politics,book,socialmedia,
Crews,2009,The Taliban and the crisis of Afghanistan,book,taliban2,
Crews,2009,Taliban and the Crisis of Afghanistan.,book,sa653,
Arjomand,2009,"Constitutional politics in the Middle East : with special reference to Turkey, Iraq, Iran and Afghanistan",book,sa653,
Abirafeh,2009,Gender and international aid in Afghanistan: the politics and effects of intervention,book,sa654,
Lefebvre,2009,"State, space, world: selected essays",book,sa662,
Lombaerde,2009,The EU and world regionalism: the makability of regions in the 21st century,book,environment,European Union countries; Foreign relations; Interregionalism; Politics and government; Regional disparities; Regional economics; Regional planning
Hayes,2009,Afghanistan: Transition under Threat,book,Afghanistan; sa653,
Slaymaker,2009,The Cryosphere and Global Environmental Change,book,climate_change,
Barry,2009,"Atmosphere, Weather and Climate",book,climate_change,
Liu,2010,The Silk Road in world history,book,BRI-EEU,
Ryan,2010,Neoconservatism and the new American century,book,realism,
Guo,2010,Thirty Years of China - U.S. Relations: Analytical Approaches and Contemporary Issues,book,realism,
Feenstra,2010,China's Growing Role in World Trade,book,wordpress_blog,
Gillis,2010,Securing the Borderless Network: Security for the Web 2.0 World,book,socialmedia,
Flemes,2010,"Regional leadership in the global system: ideas, interests and strategies of regional powers",book,securitycomplex,
Lkhagvadorj,2010,Fiscal Federalism and Decentralization in Mongolia,book,federalism,
Peyrouse,2010,"China and India in Central Asia: A New ""Great Game""?",book,Afghanistan,
Oakley,2010,Prioritizing Strategic Interests in South Asia,book,Afghanistan,
Herman,2010,Manufacturing Consent: The Political Economy of the Mass Media,book,socialmedia,
Neville,2010,The complete guide to referencing and avoiding plagiarism,book,taliban2,
Zaeef,2010,My life with the Taliban,book,sa654,
Wood,2010,Rethinking the power of maps,book,sa662,
Clunan,2010,Ungoverned spaces: alternatives to state authority in an era of softened sovereignty,book,sa662,
Bodenhamer,2010,The spatial humanities: GIS and the future of humanities scholarship,book,sa662,
Fettweis,2010,Dangerous Times? the international politics of great power peace,book,GreatPowers,
Floyd,2010,Security and the environment: securitisation theory and US environmental security policy,book,environment,Environmental policy; National security; United States
Armitage,2010,U.S. Strategy for Pakistan and Afghanistan,book,Afghanistan; sa653,
Emadi,2010,"Dynamics of Political Development in Afghanistan: The British, Russian, and American Invasions",book,Afghanistan; sa653,
Katzman,2010,Iran: U. S. Concerns and Policy Responses`,book,securitycomplex,History / World
Kavalski,2010,The new Central Asia: the regional impact of international actors,book,centralAsia,
McBeath,2010,Environmental change and food security in China,book,climate_change,Agricultural innovations; China; Effect of global warming on; Effect of pollution on; Food crops; Food supply; Government policy
Hailin,2011,China - South Asian Relations : Making New Partnership: a Rising China and Its Neighbors,book,southasia,POLITICAL SCIENCE / International Relations / General; POLITICAL SCIENCE / World / General; South Asian cooperation
Li,2011,"China-ASEAN Sub-regional Cooperation: Progress, Problems and Prospect",book,southasia,
Aspen Institute India,2011,The United States and India: A Shared Strategic Future,book,Afghanistan,
Russell,2011,"Mining the Social Web: Analyzing Data from Facebook, Twitter, LinkedIn, and Other Social Media Sites",book,twitteropoliics,
Engdahl,2011,Gods of Money: Wall Street and the Death of the American Century,book,twitteropoliics,
Clarke,2011,Xinjiang and China's Rise in Central Asia - A History,book,uzbekistan,
Grygiel,2011,Great Powers and Geopolitical Change,book,Geopolitics,
Tapper,2011,Tribe and state in Iran and Afghanistan,book,sa654,
Kondlo,2011,Governance in the 21st century,book,africa,
Burns,2011,"American Interests in South Asia: Building a Grand Strategy in Afghanistan, Pakistan, and India",book,Afghanistan; sa653,
Khan,2011,Afghanistan And Pakistan,book,Afghanistan; sa653,
Goodson,2011,"Afghanistan's Endless War: State Failure, Regional Politics, and the Rise of the Taliban",book,Afghanistan; sa653,
Dodge,2011,Afghanistan: To 2015 and Beyond,book,Afghanistan; sa653,
Klüver,2011,"Social understanding: on hermeneutics, geometrical models and artificial intelligence",book,MGIMO_biblio,
Smith,2011,"Afghanistan's troubled transition: politics, peacekeeping, and the 2004 presidential election",book,sa653,
Singh,2011,Soil health and climate change,book,climate_change,Bodengüte; Climatic changes; Klimaänderung; Quality; Soil productivity; Soils
Shrivastava,2011,पर्यावरण एवं सामाजिक सरोकार,book,climate_change,
Amineh,2012,Secure oil and alternative energy: The geopolitics of energy paths of china and the European Union,book,oilrussiachina,
Wu,2012,"Energy economy in china: Policy imperatives, market dynamics, and regional developments",book,oilrussiachina,
Hang,2012,"China-Russia, central Asia and east Europe relations: Review and analysis",book,oilrussiachina,
Reveron,2012,"Cyberspace and national security: threats, opportunities, and power in a virtual world",book,socialmedia,
Costigan,2012,Cyberspaces and global affairs,book,socialmedia,
Kandiyoti,2012,Pipelines: flowing oil and crude politics,book,WorldFocus,
Rashid,2012,"Pakistan on the Brink: The future of Pakistan, Afghanistan and the West",book,Afghanistan,
Kaplan,2012,The Revenge of Geography: What the Map Tells Us About Coming Conflicts and the Battle Against Fate,book,Afghanistan,
Vinokurov,2012,Eurasian Integration: Challenges of Transcontinental Regionalism,book,Afghanistan,
Cook,2012,"Afghanistan: the Perfect Failure: A War Doomed by the Coalition's Strategies, Policies and Political Correctness",book,Afghanistan,
Rothstein,2012,Afghan Endgames: Strategy and Policy Choices for America's Longest War,book,Afghanistan,
Trottier,2012,Social media as surveillance: rethinking visibility in a converging world,book,socialmedia,
Engdahl,2012,A Century of War: Anglo-American Oil Politics and the New World Order,book,twitteropoliics,
Leetaru,2012,Data Mining Methods for the Content Analyst: An Introduction to the Computational Analysis of Content,book,twitteropoliics,
Elder-Vass,2012,The Reality of Social Construction,book,socialmedia,
Shannon,2012,Psychology and Constructivism in International Relations: An Ideational Alliance,book,socialmedia,
Lee,2012,New Silk Road and the Northern Distribution Network: A Golden Road to Central Asian Trade Reform?.,book,BRI-EEU,
Tsygankov,2012,Russia and the West from Alexander to Putin: Honor in International Relations,book,realism,
Parmelee,2012,Politics and the Twitter Revolution: How Tweets Influence the Relationship Between Political Leaders and the Public,book,twitteropoliics,
Hynek,2012,Statebuilding in Afghanistan: multinational contributions to reconstruction,book,sa653,
Aoun,2012,"Religious movements, militancy, and conflict in South Asia : cases from India, Pakistan, and Afghanistan /",book,sa653,
Iliffe,2012,"Datums and map projections for remote sensing, GIS, and surveying",book,sa662,
Cook,2012,Afghanistan,book,sa653,
Huasheng,2012,"China and Afghanistan: China's interests, stances, and perspectives",book,sa653; taliban,
Khan,2012,Pakistan's strategic culture and foreign policy making: a study of Pakistan's post 9/11 Afghan policy change,book,sa653,Afghanistan; Foreign relations; Pakistan; Strategic aspects; Strategic culture
Tadjbakhsh,2012,"Central Asia and Afghanistan: Insulation on the Silk Road, Between Eurasia and the Heart of Asia",book,Afghanistan,
Bader,2013,Obama and China's Rise: An Insider's Account of America's Asia Strategy,book,callforpapers,
Wei,2013,Vertical Specialization and Trade Surplus in China,book,wordpress_blog,
Vassiliev,2013,Central Asia: Political and Economic Challenges in the Post-Soviet Era,book,kazakhitaly,
Pervez,2013,Security Community in South Asia: India-Pakistan,book,securitycomplex,
Oxley,2013,Security Risks in Social Media Technologies: Safe Practices in Public Service Applications,book,socialmedia,
Tomsen,2013,"The Wars of Afghanistan: Messianic Terrorism, Tribal Conflicts, and the Failures of Great Powers",book,Afghanistan,
Cohen,2013,Shooting for a Century: The India-Pakistan Conundrum,book,Afghanistan,
Riedel,2013,"Avoiding Armageddon: America, India, and Pakistan to the Brink and Back",book,Afghanistan,
Rubin,2013,Afghanistan from the Cold War through the War on Terror,book,Afghanistan,
Dalrymple,2013,"A Deadly Triangle: Afghanistan, Pakistan, and India",book,Afghanistan,
Tanrisever,2013,Afghanistan and Central Asia: NATO's Role in Regional Security Since 9/11,book,Afghanistan,
Parsons,2013,Social System,book,talcottparsons,
Anderson,2013,Frontiers: Territory and State Formation in the Modern World,book,twitteropoliics,
Herron,2013,Learning Cython Programming,book,twitteropoliics,
Williams,2013,Steaming to Victory: How Britain's Railways Won the War,book,twitteropoliics,
Candela,2013,QIAOXIANG ON THE SILK ROAD,book,callforpapers,
Akbarzadeh,2013,"Uzbekistan and the United States: Authoritarianism, Islamism and Washington's Security Agenda",book,uzbekistan,
Kumar,2013,Twitter Data Analytics,book,socialmedia,
Blouet,2013,Global Geostrategy: Mackinder and the Defence of the West,book,Mackinder,
Weber,2013,Protestant Ethic and the Spirit of Capitalism,book,talcottparsons,
Russell,2013,"Mining the social web: data mining from Facebook, Twitter, LinkedIn, Google+, GitHub and more",book,twitteropoliics,
Qassem,2013,Afghanistan's Political Stability: A Dream Unrealised,book,Afghanistan; sa653,
Nawabi,2013,Future and Modernization of Afghanistan,book,Afghanistan; sa653,
Braithwaite,2013,Afgantsy: The Russians in Afghanistan 1979-89,book,Afghanistan; sa653,
Held,2013,Cosmopolitanism: Ideals and Realities,book,peacebuilding,
Tan,2013,Diaspora engagement and development in South Asia,book,territorialtrap,
Arendt,2013,The Human Condition: Second Edition,book,pakistan,
Alvandi,2014,"Nixon, Kissinger, and the Shah: the United States and Iran in the Cold War",book,iran,"1969-1974; Cold War; Diplomatic history; Foreign relations; Iran; Kissinger, Henry; Nixon, Richard M; Richard Milhous; United States"
Gerlach,2014,Color revolutions in Eurasia,book,GreatPowers,
Cook,2014,"Visualizing Modern China: Image, History, and Memory, 1750–Present",book,BRI-EEU,
Gainous,2014,Tweeting to Power: The Social Media Revolution in American Politics,book,twitteropoliics,
Elleman,2014,Beijing's Power and China's Borders: Twenty Neighbors in Asia,book,taliban,
Carminati,2014,Security and trust in online social networks,book,socialmedia,
Riegl,2014,Strategic Regions in 21st Century Power Politics : Zones of Consensus and Zones of Conflict,book,securitycomplex,BUSINESS & ECONOMICS / Economics / General; BUSINESS & ECONOMICS / Reference; Balance of power; International relations
Gall,2014,The Wrong Enemy: America in Afghanistan 2001 - 2014,book,Afghanistan,
Cohen,2014,Geopolitics: The Geography of International Relations,book,Afghanistan,
Krause,2014,"Afghanistan, Pakistan and Strategic Change: Adjusting Western regional policy",book,Afghanistan,
Qin,2014,Ancient silk trade routes: selected works from Symposium on Cross Cultural Exchanges and Their Legacies in Asia,book,,
Kissane,2014,Beyond anarchy: the complex and chaotic dynamics of international politics,book,securitycomplex,
Bottici,2014,Imaginal Politics: Images Beyond Imagination and the Imaginary,book,socialmedia,
Kuhn,2014,Enabling the Iranian Gas Export Options: The Destiny of Iranian Energy Relations in a Tripolar Struggle over Energy Security and Geopolitics,book,russiapipelines,
Krause,2014,Afghanistan: Adjusting Western regional policy.,book,sa653,
Dupree,2014,Afghanistan,book,sa653,
Brown,2014,US Policy in Afghanistan and Iraq: Lessons and Legacies.,book,sa653,
Tight,2014,Theory and method in higher education research II,book,MGIMO_biblio,
Siddique,2014,The Pashtun question: the unresolved key to the future of Pakistan and Afghanistan,book,sa654,
Nader,2014,Iran’s Influence in Afghanistan: Implications for the U.S. Drawdown,book,Afghanistan; sa653,
Kakar,2014,The US-Afghanistan Relations during Obama Era: Implications for Pakistan,book,Afghanistan; sa653,
Çolakoğlu,2014,The Future of Afghanistan and Turkey‘s Contribution,book,Afghanistan; sa653,
Danneman,2014,Social media mining with R: deploy cutting-edge sentiment analysis techniques to real-world social media data using R,book,twitteropoliics,
Jain,2014,Social consciousness in Jainism,book,peacebuilding,
Zhang,2015,The domestic dynamics of china's energy diplomacy,book,oilrussiachina,
Katzenstein,2015,A World of Regions: Asia and Europe in the American Imperium,book,securitycomplex,
Dittmer,2015,"South Asia's Nuclear Security Dilemma: India, Pakistan, and China",book,Afghanistan,
Small,2015,The China-Pakistan Axis: Asia's New Geopolitics,book,Afghanistan,
Lamb,2015,Farewell Kabul: From Afghanistan To A More Dangerous World,book,Afghanistan,
Riedel,2015,"Deadly Embrace : Pakistan, America, And The Future Of The Global Jihad",book,Afghanistan,
Coelho,2015,Building Machine Learning Systems with Python - Second Edition,book,twitteropoliics,
Hardeniya,2015,NLTK Essentials,book,twitteropoliics,
Svensson,2015,Between Humanities and the Digital,book,twitteropoliics,
Engdahl,2015,Target: China How Washington and Wall Street Plan to Cage the Asian Dragon,book,twitteropoliics,
Omelicheva,2015,Democracy in Central Asia: Competing Perspectives and Alternative Strategies,book,uzbekistan,
Denoon,2015,"China, The United States, and the Future of Central Asia: U.S.-China Relations",book,uzbekistan,
Klieman,2015,Great powers and geopolitics: international affairs in a rebalancing world,book,GreatPowers,
Wang,2015,Quantitative methods and socio-economic applications in GIS,book,sa662,
Mirumachi,2015,Transboundary water politics in the developing world,book,environment,Developing countries; Government policy; Management; SOCIAL SCIENCE / Human Geography; Water-supply
Trottier,2015,"Social media, politics and the state: protests, revolutions, riots, crime and policing in the age of Facebook, Twitter and YouTube",book,socialmedia,
Gleditsch,2015,Nils Petter Gleditsch: Pioneer in the Analysis of War and Peace,book,climate_change,
Watson,2015,Environmental security in the Asia-Pacific,book,climate_change,
Ohanyan,2015,Networked Regionalism As Conflict Management,book,securitycomplex,
Sprout,2016,Ecological Perspective on Human Affairs,book,environment,
Chaudet,2016,When empire meets nationalism: power politics in the US and Russia,book,Geopolitics,
Davis,2016,Twitter and Elections around the World: Campaigning in 140 Characters or Less,book,twitteropoliics,
Koschut,2016,Normative change and security community disintegration: undoing peace,book,CPEC; Geopolitics,
Moak,2016,China's Economic Rise and Its Global Impact,book,economicglobalism,
Lu,2016,China-India Relations in the Contemporary World: Dynamics of national Identity and Interest,book,southasia,
Hettne,2016,The New Regionalism and the Future of Security and Development,book,southasia,
Adeney,2016,Federalism and ethnic conflict regulation in India and Pakistan,book,federalism,
Bonzanini,2016,Mastering Social Media Mining with Python,book,twitteropoliics,
Shroder,2016,Transboundary Water Resources in Afghanistan: Climate Change and Land-Use Implications,book,Afghanistan,
Nance,2016,"Defeating ISIS: Who They Are, How They Fight, What They Believe",book,Afghanistan,
Saikal,2016,Afghanistan and Its Neighbors after the NATO Withdrawal,book,Afghanistan,
Ahmed,2016,Regionalism and Regional Security in South Asia: The Role of SAARC,book,Afghanistan,
Malik,2016,Pashtun Identity and Geopolitics in Southwest Asia: Pakistan and Afghanistan Since 9/11,book,Afghanistan,
Mitchell,2016,The Democracy Promotion Paradox,book,twitteropoliics,
Engdahl,2016,The Lost Hegemon: Whom the Gods Would Destroy,book,twitteropoliics,
Desai,2016,Analytical Gains of Geopolitical Economy,book,callforpapers,
Hierman,2016,Russia and Eurasia 2016-2017,book,russiapipelines,
Stuenkel,2016,Post-Western World: How Emerging Powers Are Remaking Global Order,book,SCO,
Stabile,2016,"Constructivism Reconsidered in the Age of Social Media: New Directions for Teaching and Learning, Number 144",book,socialmedia,
Avant,2016,The New Power Politics: Networks and Transnational Security Governance,book,southasia,
Hamid,2016,"Sufis, Salafis and Islamists: the contested ground of British Islamic activism",book,islam method political,
Lim,2016,China's One Belt One Road Initiative,book,SCO; economicglobalism,
Kazil,2016,Data Wrangling with Python: Tips and Tools to Make Your Life Easier,book,twitteropoliics,
Bolstad,2016,GIS fundamentals: a first text on geographic information systems,book,sa662,
Brewer,2016,Designing better maps: a guide for GIS users,book,sa662,
Hyman,2016,"Afghanistan under Soviet Domination, 1964–91",book,sa653; taliban,
Blackwill,2016,War by Other Means: Geoeconomics and Statecraft,book,geoeconomics,Business & Economics / International / Economics & Trade; Political Science / Geopolitics; Political Science / International Relations / General; Political Science / Political Economy; Political Science / World / General
Barisione,2017,Social Media and European Politics: Rethinking Power and Legitimacy in the Digital Era,book,twitteropoliics,
Galbraith,2017,American Capitalism: The Concept of Countervailing Power,book,FDI,
Kreutzmann,2017,Wakhan Quadrangle: Exploration and Espionage During and After the Great Game,book,Afghanistan,
Rynning,2017,South Asia and the Great Powers: International Relations and Regional Security,book,Afghanistan,
Pantucci,2017,China’s Eurasian Pivot: The Silk Road Economic Belt,book,OBOR_train,
I.M.F.M.E.C. Asia,2017,"Islamic Republic of Afghanistan: 2017 Article IV Consultation and Second Review under the Extended Credit Facility Arrangement, and Request for Modification of Performance Criteria-Press Release; Staff Report; and Statement by the Executive Director for the Islamic Republic of Afghanistan",book,CPEC,
Choudhry,2017,Is Cpec Economic Corridor or a Strategic Game Plan?,book,CPEC,
Ciampaglia,2017,"Social informatics: 9th international conference, SocInfo 2017, Oxford, UK, September 13-15, 2017: proceedings. Part 2: ...",book,socialmedia,
Ohri,2017,Python for R Users: A Data Science Approach,book,twitteropoliics,
Chomsky,2017,Requiem for the American Dream: The 10 Principles of Concentration of Wealth & Power,book,socialmedia,
Barfield,2017,Afghanistan: a cultural and political history,book,sa653,
Ibrahimi,2017,"The Hazaras and the Afghan state: rebellion, exclusion and the struggle for recognition",book,sa654,
Ahmed,2017,Afghanistan rising: Islamic law and statecraft between the Ottoman and British empires,book,sa653; sa654,
Laruelle,2017,The Central Asia–Afghanistan Relationship: From Soviet Intervention to the Silk Road Initiatives,book,Afghanistan; sa653,
Lansford,2017,Afghanistan at War: From the 18th-Century Durrani Dynasty to the 21st Century,book,sa653; taliban,
Allison,2017,Destined for War: can America and China escape Thucydides’ Trap?,book,geoeconomics,History / Asia / China; History / Asia / General; History / Military / Ancient; History / Military / General; History / Military / Strategy; Political Science / Geopolitics; Political Science / History & Theory; Political Science / International Relations / Diplomacy; Political Science / International Relations / General; Political Science / Political Freedom; Political Science / Security (National & International); Technology & Engineering / Military Science
Narayanan,2018,India - Uzbekistan partnership in regional peace and stability: challenges and prospects,book,marina,
Michael,2018,Unrivaled: Why America Will Remain the World's Sole Superpower,book,realism,
Haas,2018,"The Ideological Origins of Great Power Politics, 1789-1989",book,realism,
Koch,2018,"The Geopolitics of Spectacle: Space, Synecdoche, and the New Capitals of Asia",book,Geopolitics,
Bucher,2018,If...Then: Algorithmic Power and Politics,book,twitteropoliics,
U. S. Committee On Foreign Affairs,2018,"Developments in the ""Other"" South Asia; Afghanistan, Bangladesh, Nepal, and Sri Lanka: Hearing and Markups on H. Con. Res. 278 and H. Con. Res. 216 Before the Subcommittee on Asia and the Pacific of the Committee on Foreign Affairs, House of Representativ",book,Afghanistan,
Haqqani,2018,Reimagining Pakistan: Transforming a Dysfunctional Nuclear State,book,Afghanistan,
Johny,2018,The ISIS Caliphate: From Syria to the Doorsteps of India,book,Afghanistan,
Brands,2018,American Grand Strategy in the Age of Trump,book,twitteropoliics,
Lei,2018,The Political Economy Of China's Belt And Road Initiative,book,SCO,
Zhang,2018,China's Belt and Road Initiative: Changing the Rules of Globalization,book,BRI-EEU,
Amirova‐Mammadova,2018,Pipeline Politics and Natural Gas Supply from Azerbaijan to Europe: Challenges and Perspectives,book,russiapipelines,
Sakwa,2018,Eurasia on the Edge: Managing Complexity,book,CICA,
Couldry,2018,The Mediated Construction of Reality,book,socialmedia,
Mearsheimer,2018,The great delusion: liberal dreams and international realities,book,Geopolitics,
Collombier,2018,Tribes and Global Jihadism.,book,taliban_twitter,
Collombier,2018,Tribes and global jihadism,book,sa654,
Shahrani,2018,Modern Afghanistan: the impact of 40 years of war,book,sa654,
Smolnikov,2018,Great power conduct and credibility in world politics,book,environment,
Nadal-Romero,2018,Badland dynamics in the context of global change,book,climate_change,Badlands; Climatic factors; Soil erosion
Ott,2019,The Twitter Presidency: Donald J. Trump and the Politics of White Rage,book,twitteropoliics,
Omelicheva,2019,Webs of Corruption: Trafficking and Terrorism in Central Asia,book,uzbekistan,
Gohardani,2019,"The Political Economy of Iran: Development, Revolution and Political Violence",book,iran,
Lee,2019,Afghanistan A History from 1260 to the Present,book,sa653,
Henderson,2019,The globalization of Russian gas: political and commercial catalysts,book,energy_statistics,
Dorani,2019,America in Afghanistan: foreign policy and decision making from Bush to Obama to Trump,book,sa653,
Ehsan,2019,"Democratisation process in Afghanistan: Islam, tradition and modernity",book,sa653,
IEA,2019,World Energy Statistics,book,CPEC,
Choudhary,2019,Climate change and agricultural ecosystems: current challenges and adaptation,book,climate_change,Agriculture; Climatic changes; Crops and climate; Economic aspects
Bolton,2020,The room where it happened: a White House memoir,book,realism,
Gustafson,2020,The bridge: natural gas in a redivided Europe,book,energy_statistics,
Romele,2020,Digital hermeneutics: philosophical investigations in new media and technologies,book,grounded_theory,Hermeneutics; Mass media and technology; Social aspects; Technology
Rubin,2020,Afghanistan: what everyone needs to know,book,sa653,
Mousavi,2020,The Hazaras of Afghanistan,book,sa653,
Vara Prasad,2020,Climate change and soil interactions,book,climate_change,Climatic changes; Plant-soil relationships; Soil biodiversity
Béteille,2020,"Ready to learn: before school, in school, and beyond school in South Asia",book,environment,
International Energy Agency,2021,World Energy Outlook 2021,book,energy_statistics,
Malkasian,2021,The American war in Afghanistan,book,sa653,
Levi-Sanchez,2021,Bridging state and civil society: informal organizations in Tajik/Afghan Badakhshan,book,sa654,
Taloor,2021,"Water, cryosphere, and climate change in the Himalayas: a geospatial approach",book,climate_change,
Ahmed,2022,The Belt and Road Initiative: geopolitical and geoeconomic aspects,book,BRI-EEU,
Falkner,2022,"Great powers, climate change and global environmental responsibilities",book,securitycomplex,
Grare,2022,The Indian Ocean as a New Political and Security Region,book,BRI-EEU,
Dalby,2022,Rethinking environmental security,book,environment,"Environmental aspects; Environmental policy; Security, International"
IPCC,2022,The Ocean and Cryosphere in a Changing Climate,book,climate_change,
Garg,2022,पर्यावरण भूगोल,book,climate_change,
Mamoria,2022,"भूगोल: पर्यावरण, आपदा प्रबंधन एवं जलवायु परिवर्तन",book,climate_change,
Intergovernmental Panel on Climate Change,2022,"Climate Change and Land: IPCC Special Report on Climate Change, Desertification, Land Degradation, Sustainable Land Management, Food Security, and Greenhouse Gas Fluxes in Terrestrial Ecosystems",book,environment,
IPCC,2022,"Climate Change and Land: IPCC Special Report on Climate Change, Desertification, Land Degradation, Sustainable Land Management, Food Security, and Greenhouse Gas Fluxes in Terrestrial Ecosystems",book,environment,
Haghirian,2023,China's economic and political presence in the Middle East and South Asia,book,sa653,
Pathak,,दास्तान ए हिमालय,book,climate_change,
Ziv,1986,IN VITRO HARDENING AND ACCLIMATIZATION OF TISSUE CULTURE PLANTS,bookSection,neetimehla,
Buzan,1986,The Role of the Smaller States in the South Asian Complex,bookSection,GreatPowers,
Batten,1995,Europe’s Hierarchical Network Economy,bookSection,economicglobalism,
Luttwak,1997,"PART 3: New World Order Geopolitics: Chapter 16: ""From Geopolitics to Geo-Economics: Logic of Conflict, Grammar of Commerce.""",bookSection,callforpapers,
Araya,2002,Mexico's NAFTA Trauma: Myth and Reality,bookSection,callforpapers,
Gill,2003,A Neo-Gramscian Approach to European Integration,bookSection,semiotics_phenomenology,
Paul,2004,What Do Great Powers Balance Against and When?,bookSection,GreatPowers,
Lal,2004,Soil and Water Resources of South Asia in an Uncertain Climate,bookSection,foodsecurity,
Rangaswamy,2005,South Asian Diaspora,bookSection,environment,Indian Origin; Indian Population; Liberal Democratic Party; Middle East; South Asian Population
Gray,2005,In defence of the Heartland: Sir Halford Mackinder and his critics a hundred years on,bookSection,Afghanistan,
Karzai,2007,Strengthening Security in Contemporary Afghanistan: Coping with the Taliban,bookSection,taliban,
Laruelle,2007,The Orient in Russian Thought at the Turn of the Century,bookSection,Mackinder,
Buzan,2007,Securitization and Desecuritization,bookSection,securitycomplex,"Security, International"
Guha-Khasnobis,2007,Women and Food Security in South Asia: Current Issues and Emerging Concerns,bookSection,foodsecurity,Developing countries; Food supply; Human rights; Political aspects; Social aspects
Karppinen,2008,Media and the paradoxes of pluralism,bookSection,Geopolitics,
Brauch,2008,Introduction,bookSection,environment,Environmental aspects; Environmental policy; Environmental protection; Global environmental change; Globalization; National security; Political aspects
Hailin,2011,China and South Asian Relations in a New Perspective,bookSection,southasia,POLITICAL SCIENCE / International Relations / General; POLITICAL SCIENCE / World / General; South Asian cooperation
Khan,2011,Asian Economic Integration: A Perspective on  South Asia,bookSection,southasia,
Kondlo,2011,Measuring democracy and ‘good governance’ in Africa: A critique of assumptions and methods,bookSection,africa,
Alpas,2011,Environmental Security and Its Meaning for the State,bookSection,environment,Congresses; Ecoterrorism; Environmental protection
Nat Katin-Borland,2012,Cyberwar: A Real and Growing Threat,bookSection,socialmedia,
Develi,2012,Increased Share of Natural Gas Consumption Compared with other Energy Resources; Structure of Natural Gas Market Demand and Supply,bookSection,energy_statistics,
Scheffran,2012,From ‘Securitization’ of Climate Change to ’Climatization‘ of the Security Field: Comparing Three Theoretical Perspectives,bookSection,climate_change,
Li,2013,Global Energy Politics: 2010—2011,bookSection,GreatPowers,
Dodds,2013,Realism and Geopolitics,bookSection,realism,
Weller,2013,Structure of Twitter: Social and Technical,bookSection,twittergeopolitics2b,Information society; Internet; Online social networks; Social aspects; Twitter
Weller,2013,Structural Layers of Communication on Twitter,bookSection,twittergeopolitics2b,Information society; Internet; Online social networks; Social aspects; Twitter
Johns,2014,"When McLuhan Met Simmel: Form is the Content, Medium is the Message",bookSection,socialmedia,
Tight,2014,Theorising Teaching and Learning in Higher Education Research,bookSection,MGIMO_biblio,
Black-Branch,2014,The Sovereign Right to Peaceful Use of Nuclear Energy and International Environmental Law,bookSection,climate_change,
Buzan,2016,The Logic of Regional Security in the Post-Cold War World,bookSection,securitycomplex,
Cui,2016,High-dimensional network analytics: mapping topic networks in Twitter data during the Arab Spring,bookSection,socialmedia,
Stojanovski,2016,Social Networks VGI: Twitter Sentiment Analysis of Social Hotspots,bookSection,twitteropoliics,
Ciampaglia,2017,Predicting Multiple Risky Behaviors via Multimedia Content,bookSection,socialmedia,
Arduino,2018,"Securing CPEC: Challenges, Responses and Outcomes",bookSection,pakchina_snds,
Marton,2018,Is Afghanistan in the Way or on the Way of the New Silk Road?,bookSection,BRI-EEU,
Cheng,2018,One Belt‚ One Road: A Comparative Regionalism Approach,bookSection,BRI-EEU,
Özyer,2018,Social Network Analysis to Combat Terrorism: 2015 Paris Attacks,bookSection,socialmedia,
Shang,2019,What Is the Belt and Road Initiative?,bookSection,BRI-EEU,
Ye,2020,State-Mobilized Globalization as Policy Analysis,bookSection,BRI-EEU,
Béteille,2020,"Higher Education in South Asia: Rapidly Growing, Diverse, and Unequal",bookSection,environment,
Kumar,2020,Potential for Intraregoinal trade in food products in South Asia,bookSection,foodsecurity,Environmental aspects; Food security; Regionalism; South Asia
Yi,2017,"Belt and Road Forum for International Cooperation: A Meeting of Great Minds for a Better, Shared Future.",conferencePaper,CPEC,"GUTERRES, Antonio, 1949-; INTERNATIONAL cooperation -- Congresses; KIM, Jim Yong, 1959-; PUTIN, Vladimir Vladimirovich, 1952-; XI, Jinping, 1953-"
Vihma,2018,Geoeconomic Analysis and the Limits of Critical Geopolitics: A New Engagement with Edward Luttwak,conferencePaper,callforpapers,
Setiyaningrum,2019,Classification of Twitter Contents using Chi-Square and K-Nearest Neighbour Algorithm,conferencePaper,twittergeopolitics2b,3 media users; 484 billion active social media users; Arabic Sentiment Analysis[7]; Chi-Square; Chi-Square algorithm; Clasisification; Classification algorithms; Feature Selection; Feature extraction; Information Retrival; K-Nearest Neighbour; K-nearest neighbour algorithm; KNN algorithm; Sentiment analysis; Support vector machines; Text categorization; Twitter; Twitter contents; Twitter dataset; chi-square method; classification process; courtesy; fake news; feature selection; nearest neighbor distance K; negative content; negative things; pattern classification; reduced ethics; social media network service; social networking (online); twitter content
World Bank,2022,"Government expenditure on education, total (% of GDP)",dataset,pakgeoecnomics,
World Bank,2023,Access to electricity (% of population),dataset,pakgeoecnomics,
CICA,2002,Alamaty Act,document,SCO,
UNGA,2005,Resolution adopted by the General Assembly on 16 September 2005,document,UNDOC,
MEA.Gov.in,2012,India-Uzbekistan Relations,document,marina,
Sanchez-Cacicedo,2022,Unlocking Afghanistan´s Connectivity Potential,document,Afghanistan,
,2017,The Greater Eurasian Partnership is Getting More and More Popular,forumPost,CPEC,
,2017,RISS Director on the Belt and Road Forum,forumPost,CPEC,
Twitter@ASCenterPak,2019,We have a golden opportunity in the form of #Chinese BRI & CPEC which are maturing right when #Afghanistan is transitioning into peace. The doors of opportunity are open for Afghanistan & beyond: Lt Gen (r) Asif Yasin at CRSS-ASC conference. https://afghanstudiescenter.org/2019/10/24/afghanistan-in-focus-3-a-golden-opportunity-for-the-region/ @vogul1960 https://t.co/qXiqHGE1d1,forumPost,Afghanistan,
Mitrova,2020,Корона-нефтяной обвал. Что ждет российскую энергетику после эпидемии,forumPost,oilrussiachina,
Twitter@mfa_afghanistan,2020,"Happy birthday to Allama Muhammad Iqbal Lahori, the poet of the unity of the Islamic world, the voice of the region’s nations’ language and culture, philosopher, politician, and thinker of the Islamic world.   Asia is one body of water and clay   The Afghan nation is the heart in this body   From its corruption comes the corruption of Asia   From its prosperity comes the prosperity of Asia",forumPost,Afghanistan,
TOLOnews [@TOLOnews],2021,"Sources say 18 passenger flights from Kabul landed in Tajikistan and 28 landed in Termez city in Uzbekistan on Sunday evening. Most of the passengers were airport employees, sources said. These passengers were welcomed in Tajikistan by Afghan ambassador Zahir Aghbar. https://t.co/XQSTIXjAyP",forumPost,taliban_twitter,
Muhammad Jalal [@MJalalAf],2021,"Afghanistan Towards Prosperity Decades later, Uzbek trade convoys reached Pakistan via Afghanistan. The connection between Uzbekistan and Pakistan shows that Afghanistan is now a completely secure country in the region. #Peace https://t.co/210bntIg4g",forumPost,taliban_twitter,
Twitter@CGMeifangZhang,2022,The land corridor through railroad has linked landlocked Afghanistan to China as the first freight train arrived in the border town of Hairatan in Afghanistan's northern Balkh province on Thursday. #globalink https://t.co/wlQvXBvYGW,forumPost,taliban_twitter,
Wallace,2022,"The attack on #NordStream was a terrible attack on European vital infrastructure, it was an act of Environmental Terrorism - A disastrous release of #Methane - Why is the #EU showing so little interest in finding out who did it.? Are they afraid that they won't like the answer..? https://t.co/J6x3zWHtt2",forumPost,environment,
Pashtun Tahfuz Movement Peshawar [@PTM_Peshawar_],2022,"PTM recorded a Protest in Bara Khyber against the ongoing unrest, extra judicial killings and enforced Disappearances in Khyber. #PTMKhyberProtest @ManzoorPashteen https://t.co/tlHOizwnqR",forumPost,pakistan,
Jen Brick Murtazashvili [@jmurtazashvili],2023,Uzbekistan sent a woman to explain food safety and plant quarantine rules for trade to the Taliban.,forumPost,taliban_twitter,
Twitter@zhang_heqing,2023,"Afghanistan, Iran Sign MOUs on Economic Cooperation A delegation of the Afghan Taliban's interim government, led by acting Deputy Prime Minister Mullah Abdul Ghani Baradar, returned to Kabul on Friday with multiple Memorandums of Understanding (MOUs) signed with Iran on economic https://t.co/C471BWSp62",forumPost,taliban_twitter,
Twitter@IranObserver0,2023,"A high-ranking delegation of Taliban, led by deputy Prime Minister Mulla Abdul Ghani Baradar, departed for Iran. The delegation will meet Iranian officials and discuss bilateral economic cooperation. https://t.co/ioTCkroKag",forumPost,taliban_twitter,
Twitter@Kanthan2030,2023,"So, this is the plan that is being disrupted by the Empire of Chaos: “A new railway line running between Khaf in Iran and Herat in Afghanistan has generated much optimism in the two countries” It links China-Tajikistan-Afghanistan-Iran. And will eventually help Russia-India https://t.co/qV9E0363Ec",forumPost,taliban_twitter,
Ma Dashuai [@machinpl],2023,"Only 12% of Africa's external debt is owned to China, and the interest rates of Chinese loans are roughly half that of private lenders. But China is the loan shark here? https://t.co/T3vMFAS6kU",forumPost,BRI-EEU,
Khalid Usman Dawar [@PkmapKhalid],2023,حامد میر صاحب! یہ ان 6 ٹریلینز ڈالر کاپر کے مالکان ھے جہاں کا دورہ کرکے آپ بہت خوش ھورھے ھو. آج بھی شمالی وزیرستان کے آئی ڈی پیز کیمپوں میں ذلیل ھورھے ھیں کیا آپ کھبی زحمت کرینگے کہ آرمی چیف سے پوچھے کہ آخر 9 سال بعد بھی ان لوگوں کو اپنے گھروں میں جانے کی اجازت کیوں نہیں ھے. https://t.co/UJ8CmAniFb,forumPost,pakistan,
Pashtun Tahafuz Movement [@shanyy_PTM],2023,ہم ہر قسم کی جنگ لڑنے کے لیے تیار ہیں مشران کے اشارے کا انتظار ہے بس🔥 #ManzoorPashteen #PTM @ManzoorPashteen #mehsood https://t.co/l0QM09HDGV,forumPost,pakistan,
Imaan Zainab Mazari-Hazir [@ImaanZHazir],2023,#PashtunLongMarch2Islamabad https://t.co/qpw2YZhOLD,forumPost,pakistan,
Pashtun Tahafuz Movement (PTM) پښتون ژغورني غورځنګ [@PashtunTM_Offic],2023,علی وزیر کا ساتھی انکے خدمت میں لگا ہوا باد شاہ پشتین کو بھی عدالت نے اڈیالہ جیل بھیج دیا گیا، امن مانگنے والوں کے خدمت کرنے والے بھی اس ملک میں بڑے مجرم سمجھتے ہیں، پاکستان کے قانون اور نظام میں انصاف مانگنے پر جرنیلوں کی ناراضگی ہوتی ہے #شيم #StopTorturingPTMActivists https://t.co/AjvbHbd08E,forumPost,pakistan,
Twitter@TOLOnews,2024,"Alireza Marhamati, Iran’s Consul General in Herat, said that the annual trade volume between Afghanistan and Iran has reached four billion dollars. According to Iranian media, he said during a visit to Taybad district on Monday that Afghanistan is Iran's most important economic https://t.co/rNoYkHTKQz",forumPost,taliban_twitter,
Twitter@TOLOnews,2024,"Hassan Kazemi Qomi, Iran's ambassador and special representative for Afghanistan, said that Tehran is working to attract Afghan entrepreneurs and private sector investors to invest in Iran’s major projects. Kazemi Qomi, speaking on the sidelines of the first ""International https://t.co/OasmKlSoCY",forumPost,taliban_twitter,
Twitter@AfghanistanTime,2024,"Iran Airtour has officially launched direct flights to Kabul, marking its first-ever service to Taliban-controlled Afghanistan. This new route makes Iran Airtour the fifth Iranian airline to operate in Afghanistan. Taliban transport officials are wooing foreign airlines to fly to https://t.co/OvhiSClO1C",forumPost,taliban_twitter,
Twitter@SReports2,2024,#Afghanistan is one of the 5 top destinations of #Iran's export goods. #Taliban officials want Iranian companies to invest and create jobs in #Afghanistan so that Afghans can return to their country. https://t.co/6f69ncoxkD,forumPost,taliban_twitter,
Twitter@paykhar,2024,"Afghanistan's new Rozanak Railway in Herat, connecting to the Middle East and Europe, celebrates its inaugural export of 1,100 metric tons of mineral stones to Turkey. A landmark step in regional trade and connectivity. #AfghanistanRising https://t.co/XQSjUF1QQx",forumPost,taliban_twitter,
Twitter@majid_kabul,2024,U.S. Anxious ! China-Afghanistan Railway is a done deal ! https://youtu.be/nwTnnT7dptI?si=2YQ9e7fQdoV7M6uY via @YouTube,forumPost,taliban_twitter,
Twitter@SBakhturehman,2024,"Second train is also ready to leave for Turkey from Afghanistan, Afghan railway is committed to a connected world and fast transportation facilities. We not only transport the goods but connect the hearts too. https://t.co/urQUtD97fG",forumPost,taliban_twitter,
Twitter@Alemarahenglish,2024,"The opening of 2 key railway projects, totaling $40 million, signals a commitment to the development of the Turkmenistan-Afghanistan railway, paving the way for increased trade and economic growth in the region. https://t.co/nuzvsnO3qW",forumPost,taliban_twitter,
Twitter@apocalypseos,2024,"🇦🇫 Afghanistan Rising: The Khaf-Herat Railway, a 225 km-long cross-border railway between Iran and Afghanistan is progressing. It is the center of gravity of the corridors connecting East Asia to Europe and the revival of the Silk Road. The Five Nations Railway Corridor dates https://t.co/9ELWTPEHtY",forumPost,taliban_twitter,
Twitter@ZarinTVNetwork,2024,The Taliban embassy in Beijing has announced the inauguration of a new freight railway line connecting China and Afghanistan.,forumPost,Afghanistan,
Twitter@TOLOnews,2024,"Ismatulla Irgashev, Special Representative of Uzbekistan’s President for Afghanistan, met with Oliver Stolpe, the Regional Representative of the United Nations Office on Drugs and Crime for Afghanistan, Central Asia, Iran, and Pakistan. According to a statement from Uzbekistan’s… https://t.co/g4WXpUPDyi",forumPost,taliban_twitter,
Twitter@kgvh6v,2024,Pakistan Stresses Dialogue for Resolving Challenges with Afghanistan. Pakistan’s Foreign Ministry stated that Islamabad has always sought to resolve its challenges with Afghanistan through dialogue. The ministry’s statement also mentioned that Pakistan will continue https://t.co/oP8xgNXfWS,forumPost,taliban_twitter,
Afrasiab Khattak [@a_siab],2024,"Banning PTM less days before the peaceful Pashtun conference is a typical colonial act against an oppressed people, done by the same state that had released TTP’s convicts not long ago. This unfair act will cement the resolve of Pashtun youth to struggle for their rights.",forumPost,pakistan,
Fatima Ayoubi [@FatimaAyoubi005],2024,"#PTM is advocating for justice, peace, & stability in Pashtun region. Pakistani army has killed & disappeared thousand of Pashtuns, committing war crimes,crimes against humanity and genocidal acts. The world should take action and support #PTM. #PashtunNationalCourt11October https://t.co/Jw6Sy9HBXP",forumPost,pakistan,
Habib Khan [@HabibKhanT],2024,"Pakistani police arrested PTM leader and former MNA Ali Wazir ahead of the Pashtun grand gathering on October 11. PTM has been mobilizing Pashtuns against state-sponsored terrorism, standing against the notorious Punjabi dominated Pakistani military. https://t.co/tIBaMU0LnS",forumPost,pakistan,
Habib Khan [@HabibKhanT],2024,"PTM has emerged as a powerful movement among Pashtuns, successfully mobilizing support. As a secular group advocating for rights, Pakistan’s recent ban will only strengthen their resolve for Pashtunistan. https://t.co/cJMkndF0l3",forumPost,pakistan,
Fatima Ayoubi 🇦🇫🕊 [@FatimaAyoubi005],2024,"#PTM is advocating for justice, peace, & stability in Pashtun region. Pakistani army has killed & disappeared thousand of Pashtuns, committing war crimes,crimes against humanity and genocidal acts. The world should take action and support #PTM. #PashtunNationalCourt11October https://t.co/Jw6Sy9HBXP",forumPost,,
Nadz🐉 [@nadzfeministah],2024,"PTM is the only genuine and rational voice of the entire Pashtun nation, advocating for the very basic/fundamental rights of the common people. Yet, it is banned. What a shame!!! https://t.co/tkJcjIysyR",forumPost,pakistan,
Afrasiab Khattak [@a_siab],2024,"Banning PTM less days before the peaceful Pashtun conference is a typical colonial act against an oppressed people, done by the same state that had released TTP’s convicts not long ago. This unfair act will cement the resolve of Pashtun youth to struggle for their rights.",forumPost,pakistan,
Twitter@KSAmofaEN,2025,"The Kingdom of Saudi Arabia expresses its strong condemnation and denunciation of the blatant Israeli aggressions against the brotherly Islamic Republic of Iran, which undermine its sovereignty and security and constitute a clear violation of international laws and norms.",forumPost,securitycomplex,
TOLOnews [@TOLOnews],2025,محمد اسحاق صاحب‌زاده معین راه‌آهن وزارت فواید عامه با مرتضی جعفری معاون اداره راه‌آهن ایران دیدار و گفت‌وگو کرده است. محمد اشرف حق‌شناس سخن‌گوی وزارت فواید عامه، گفته که در این دیدار دو طرف روی افزایش انتقالات از طریق راه‌آهن خواف-هرات، تسهیل روند صادرات، واردات و ترانزیت برای https://t.co/WwsJD0MWoQ,forumPost,Afghanistan,
Pak Afghan Youth Forum [@payf_eng],2025,"Uzbekistan & Afghan Interim Government Extands Railway Contract Uzbekistan has extended its contract with Afghanistan’s Taliban interim government to operate & maintain the Hairatan-Mazar-e-Sharif railway. The agreement was finalized during talks between Ilhom Mahkamov, https://t.co/CRNbUMvEA7",forumPost,Afghanistan,
PTM Dir Official [@PTMDir],2025,Gilaman Wazir: Martyred for Truth | Resistance| PTM | Pashtun Nation| #PTMDIR https://t.co/PL9gv4tpLw,forumPost,pakistan,
TOLOnews English [@TOLONewsEnglish],2025,"Manzoor Pashteen, leader of the Pashtun Tahafuz Movement (PTM), has strongly criticized Pakistan’s forced expulsion of Afghan refugees from various regions of the country. In response to the ongoing deportations, Pashteen said that Afghan families are being evicted from their https://t.co/gwqRyZ0AxA",forumPost,pakistan,
PTM Dir Official [@PTMDir],2025,"Peshawar University: Pashtun students Protest Tomorrow, 15 December. Release Missing Pashtun students. Release PTM Delegation. #WhereIsPTMDelegation https://t.co/qNEl3GWNFu",forumPost,pakistan,
PTM Dir Official [@PTMDir],2025,Gilaman Wazir: Martyred for Truth | Resistance| PTM | Pashtun Nation| #PTMDIR https://t.co/PL9gv4tpLw,forumPost,pakistan,
PTM UK Official [@PTMUK_Official],2026,"Yalda Bazwan, PTM United Kingdom Women’s Head delivered speech during the PTM United Kingdom protest against Pakistan’s ongoing atrocities against Afghan people on both sides of the Durand Line. https://t.co/p65mZWiE6X",forumPost,pakistan,
Clara Lindberg [@lindberg_clara],2026,The struggle of Baloch women is no less than the struggle of Palestinian Women. @Baloch30056206 @wafiaBD02 https://t.co/R6w8ZHCrC4,forumPost,pakistan,
PTM Dir Official [@PTMDir],2026,"Pashtun Tahafuz Movement held a protest in Germany despite heavy rain against the recent Pakistani airstrikes on Afghanistan. These attacks reportedly killed many innocent civilians, children,and targeted homes, hospitals, schools, which protesters described as a clear war crime. https://t.co/OAyx9ATzYJ",forumPost,pakistan,
PTM UK Official [@PTMUK_Official],2026,"Today, members of the Pashtun Tahafuz Movement United Kingdom conducted an awareness campaign in Harrow, London for PTM’s upcoming protest, scheduled for 11 March 2026 at 12:00 o’clock in front of the UK Parliament. The protest is against the Pakistan’s illegal airstrikes on https://t.co/ze6dJcXCcI",forumPost,pakistan,
PTM UK Official [@PTMUK_Official],2026,#FreePTMActivists Silencing voices that demand accountability will not erase the truth. Pashtun activists must be freed now. #FreePTMActivists https://t.co/C9zZMlUgBK,forumPost,pakistan,
TOLOnews English [@TOLONewsEnglish],2026,"Members of the Pashtun Tahafuz Movement (PTM) say that this afternoon (Wednesday), Ataullah Jan, the movement’s leader for Swat district in Khyber Pakhtunkhwa, was shot dead in his village while attempting to resolve a dispute between children of neighboring families. Eight https://t.co/Paj8oehmbe",forumPost,pakistan,
TOLOnews English [@TOLONewsEnglish],2026,"Members of the Pashtun Tahafuz Movement (PTM) say that this afternoon (Wednesday), Ataullah Jan, the movement’s leader for Swat district in Khyber Pakhtunkhwa, was shot dead in his village while attempting to resolve a dispute between children of neighboring families. Eight https://t.co/Paj8oehmbe",forumPost,pakistan,
TOLOnews English [@TOLONewsEnglish],2026,"The leader of the Pashtun Tahafuz Movement (PTM), Manzoor Ahmad Pashteen, announced today (Wednesday) that they plan to hold a protest on January 19 in Switzerland during the World Economic Forum, which will be attended by world leaders including Pakistan’s Prime Minister Shehbaz https://t.co/tSHJitnyZx",forumPost,pakistan,
PTM UK Official [@PTMUK_Official],2026,"In the city of Toronto, Canada, the Pashtun Tahafuz Movement held a demonstration in front of the Pakistani consulate against Pakistan’s illegal attacks on Afghanistan. Similarly, PTM United Kingdom has announced a protest in front of the UK Parliament on 11 March 2026 at 12:00. https://t.co/fMQVRoJwh7",forumPost,pakistan,
PTM UK Official [@PTMUK_Official],2026,#FreePTMActivists Silencing voices that demand accountability will not erase the truth. Pashtun activists must be freed now. #FreePTMActivists https://t.co/C9zZMlUgBK,forumPost,pakistan,
PTM UK Official [@PTMUK_Official],2026,"Today, members of the Pashtun Tahafuz Movement United Kingdom conducted an awareness campaign in Harrow, London for PTM’s upcoming protest, scheduled for 11 March 2026 at 12:00 o’clock in front of the UK Parliament. The protest is against the Pakistan’s illegal airstrikes on https://t.co/ze6dJcXCcI",forumPost,pakistan,
Chomsky,2019,RT News: On-air livestream 24/7 (HD) - YouTube,interview,securitycomplex,
Zhang,0000,"From media hype to twitter storm: news explosions and their impact on issues, crises and public opinion.",journalArticle,twittergeopolitics2b,
Ceron,0000,ISIS at Its Apogee: The Arabic Discourse on Twitter and What We Can Learn From That About ISIS Support and Foreign Fighters.,journalArticle,twittergeopolitics2b,Arabic social media; ISIS; foreign fighters; sentiment analysis; terrorism
Arlt,0000,"Between Fragmentation and Dialogue. Twitter Communities and Political Debate About the Swiss ""Nuclear Withdrawal Initiative"".",journalArticle,twittergeopolitics2b,Nuclear energy; Twitter; dialogue; political debate; social media
Idaly Barreto-Galeano,0000,"Rhetoric, Political Ideology and the Peace Process in Colombia: A Twitter (R) Analysis.",journalArticle,twittergeopolitics2b,
Weber,0000,Interdisciplinary optimism? Sentiment analysis of Twitter data.,journalArticle,twittergeopolitics2b,academics; integrative research concepts; interdisciplinarity; opinions; perceptions; researchers
Furman,0000,The End of the Habermassian Ideal? Political Communication on Twitter During the 2017 Turkish Constitutional Referendum.,journalArticle,twittergeopolitics2b,Habermas; Turkey; Twitter; polarization; political communication; public sphere; referenda; social network analysis
Seethaler,0000,Twitter as a tool for agenda building in election campaigns? The case of Austria.,journalArticle,twittergeopolitics2b,Agenda building; Austria; Twitter; election coverage; mediatisation
Sohrabi,0000,An efficient preprocessing method for supervised sentiment analysis by converting sentences to numerical vectors: a twitter case study.,journalArticle,twittergeopolitics2b,Opinion mining; Python; Sentiment analysis; Supervised learning; word2vec
Robin,0000,"Yes We (Still) Can: Politics in the Age of Obama, Twitter, and Trump.",journalArticle,twittergeopolitics2b,
Gozalvez,0000,Twitter and public opinion. A critical view for an educational outlook.,journalArticle,twittergeopolitics2b,Twitter; citizenship; democracy; educational competences; interactivity; public opinion; social media
Udanor,0000,Combating the challenges of social media hate speech in a polarized society A Twitter ego lexalytics approach.,journalArticle,twittergeopolitics2b,Hate speech; Lexalytics; POSA; Sentiment analysis; Social media; Twitter
Morales,0000,Perceived Popularity and Online Political Dissent: Evidence from Twitter in Venezuela.,journalArticle,twittergeopolitics2b,bots; event study; political expression; social media; spiral of silence
Walsh,0000,Social media and border security: Twitter use by migration policing agencies.,journalArticle,twittergeopolitics2b,Australia; Canada; Twitter; United States; border security; impression management; migration control; organisational communication; policing; responsibilisation; social media
Grinberg,0000,Fake news on Twitter during the 2016 US presidential election.,journalArticle,twittergeopolitics2b,
Bouvier,0000,How Journalists Source Trending Social Media Feeds A critical discourse perspective on Twitter.,journalArticle,twittergeopolitics2b,Critical Discourse Analysis; Twitter; news; news values; social media; sourcing; verification
Molyneux,0000,Political Journalists' Normalization of Twitter Interaction and new affordances.,journalArticle,twittergeopolitics2b,2016 election; news audience; normalization; political communication; social media
Holdich,1904,The Desiccation of Eur-Asia: Discussion,journalArticle,centralAsia,
Kropotkin,1904,The Desiccation of Eur-Asia,journalArticle,BRI-EEU,
Wretts-Smith,1920,The English in Russia during the Second Half of the Sixteenth Century,journalArticle,eurasiain17thcentury,
Lubimenko,1924,The Struggle of the Dutch with the English for the Russian Market in the Seventeenth Century,journalArticle,eurasiain17thcentury,
Mackinder,1943,The Round World and the Winning of the Peace,journalArticle,Mackinder,
Willan,1948,Trade between England and Russia in the Second Half of the Sixteenth Century,journalArticle,eurasiain17thcentury,
Giersch,1949,Economic Union Between Nations and the Location of Industries,journalArticle,Geopolitics,
Hartshorne,1950,The Functional Approach in Political Geography on JSTOR,journalArticle,callforpapers,
Sayeed,1954,Federalism and Pakistan,journalArticle,federalism,
North,1955,Location Theory and Regional Economic Growth,journalArticle,Geopolitics,
Redfield,1955,The Social Organization of Tradition,journalArticle,territorialtrap,
Sprout,1957,Environmental Factors in the Study of International Politics,journalArticle,environment,
Moses,1958,Location and the Theory of Production,journalArticle,Geopolitics,
Emerson,1958,Review of Man-Milieu Relationship Hypotheses in the Context of International Politics,journalArticle,Geopolitics,
Singer,1960,The Geography of Conflict: Introduction,journalArticle,Geopolitics,
Sprout,1960,Geography and International Politics in an Era of Revolutionary Change,journalArticle,environment,
Galtung,1969,"Violence, Peace, and Peace Research",journalArticle,peacebuilding,
Smith,1970,IN VITRO DEVELOPMENT OF THE ISOLATED SHOOT APICAL MERISTEM OF ANGIOSPERMS,journalArticle,neetimehla,
Bergsman,1975,A classification of economic activities based on location patterns,journalArticle,Geopolitics,
Miller,1976,Tissue culture propagation of tropical foliage plants,journalArticle,neetimehla,
Nye,1976,Independence and Interdependence,journalArticle,realism,
Elrod,1976,The Concert of Europe: A Fresh Look at an International System,journalArticle,eurasiain17thcentury,
Hussey,1978,The application of tissue culture to the vegetative propagation of plants,journalArticle,neetimehla,
Nye,1988,International Security Studies: A Report of a Conference on the State of the Field,journalArticle,securitystdies,
Buzan,1988,The Southeast Asian Security Complex,journalArticle,securitycomplex,
Mueller,1989,A New Concert of Europe,journalArticle,eurasiain17thcentury,
Luttwak,1990,"From Geopolitics to Geo-Economics: Logic of Conflict, Grammar of Commerce",journalArticle,territorialtrap,
Krugman,1991,Increasing Returns and Economic Geography,journalArticle,Geopolitics; transportgeography,
Huntington,1991,Religion and the Third Wave,journalArticle,environment,
Agnew,1994,The territorial trap: The geographical assumptions of international relations theory,journalArticle,territorialtrap,
Agnew,1994,The territorial trap: The geographical assumptions of international relations theory,journalArticle,,
David F. Batten,1995,Network Cities: Creative Urban Agglomerations for the 21st Century,journalArticle,economicglobalism,
Batten,1995,Network Cities: Creative Urban Agglomerations for the 21st Century,journalArticle,economicglobalism,
Levy,1995,Is the Environment a National Security Issue?,journalArticle,,
Saxe-Fernández,1996,NAFTA: The Intersection of the Geopolitics and Geoeconomics of Capital,journalArticle,callforpapers,
Shah,1997,"Federalism reform imperatives, restructuring principles and lessons for Pakistan",journalArticle,federalism,
Spencer,1997,A Phenomenological Variant of Ecological Systems Theory (PVEST): A self-organization perspective in context,journalArticle,grounded_theory,
Redclift,1998,Global Environmental Change and Global Inequality: North/South Perspectives,journalArticle,economicglobalism,
Ainsworth,1998,"Sidney Reilly's reports from South Russia, December 1918-March 1919",journalArticle,Mackinder,
Sparke,1998,From geopolitics to geoeconomics: Transnational state effects in the borderlands,journalArticle,callforpapers,
Krugman,1998,What's New About the New Economic Geography,journalArticle,Geopolitics; transportgeography,
Krugman,1998,Space: The Final Frontier,journalArticle,Geopolitics,
Glaser,1998,What is the Offense-Defense Balance and Can We Measure it?,journalArticle,eurasiain17thcentury,
Pradhan,1998,Exploiting Nepal's Hydropower Potential: Some Prospects,journalArticle,pakgeoecnomics,
Ibrahim,1999,A theology of modernity: Hasan al-Turabi and Islamic renewal in Sudan,journalArticle,taliban_twitter,
Hettne,2000,Theorising the Rise of Regionness,journalArticle,southasia,
Rendall,2000,"Russia, the concert of Europe, and Greece, 1821–29: A test of hypotheses about the Vienna system",journalArticle,eurasiain17thcentury,
Matthew,2000,The Environment as a National Security Issue,journalArticle,,
Gamble,2001,"Regional blocs, world order and the new medievalism",journalArticle,economicglobalism,
Gleason,2001,Why Russia is in Tajikistan,journalArticle,centralAsia,
Buzan,2002,South Asia Moving Towards Transformation: Emergence of India as a Great Power,journalArticle,securitycomplex,
Malmberg,2002,The Elusive Concept of Localization Economies: Towards a Knowledge-Based Theory of Spatial Clustering,journalArticle,Geopolitics,
Schmitt-Egner,2002,The Concept of 'Region': Theoretical and Methodological Notes on its Reconstruction,journalArticle,southasia,
Snyder,2002,Mearsheimer's World-Offensive Realism and the Struggle for Security: A Review Essay,journalArticle,eurasiain17thcentury,
Yasmeen,2002,Kashmir: The Discourse in Pakistan,journalArticle,southasia,
Buzan,2002,South Asia moving towards transformation: emergence of India as a great power,journalArticle,GreatPowers,
Taremi,2003,Iranian Perspectives on Security in the Persian Gulf,journalArticle,iran,
Victor,2003,Axis of Oil?,journalArticle,WorldFocus,
Edwards,2003,The New Great Game and the new great gamers: Disciples of Kipling and Mackinder,journalArticle,centralAsia,
Buzan,2003,Security architecture in Asia: the interplay of regional and global levels¹.,journalArticle,Geopolitics,BIPOLARITY (International relations); China; EAST Asia; INTERNATIONAL security
Foot,2004,Chapter 3: Pakistan and Uzbekistan: the Front-line States,journalArticle,marina,
Rubin,2004,(Re)Building Afghanistan: The Folly of Stateless - ProQuest,journalArticle,Afghanistan,
Fujita,2004,"The new economic geography: Past,present and the future.",journalArticle,Geopolitics,AGGLOMERATION (Materials); ECONOMIC geography; ECONOMIC structure; New economic geography; SOCIAL sciences; SOCIOECONOMICS; agglomeration; location theory; self-organisation; spatial economy
Naseem,2004,"Economic Growth and Development in South Asia, with and without Regional Cooperation [with Comments]",journalArticle,WorldFocus,
Dhaka,2004,Afghanistan: Geoeconomic Watershed of South and Central Asia,journalArticle,WorldFocus,
Annette Bohr,2004,"Regionalism in Central Asia: New Geopolitics, Old Regional Order",journalArticle,callforpapers,
Mackinder,2004,The geographical pivot of history (1904),journalArticle,Geopolitics,
James D. Sidaway,2005,Asia-Europe-United States: The Geoeconomics of Uncertainty,journalArticle,callforpapers,
Diez,2005,"Turkey, the European Union and Security Complexes Revisited.",journalArticle,Geopolitics,EUROPEAN Union; EUROPEAN Union -- Membership; MEMBERSHIP; NATIONAL security; NATIONAL security -- United States; POLITICAL stability; TURKEY
Dittmer,2005,The Sino-Japanese-Russian Triangle,journalArticle,oilrussiachina,
Lee,2005,China's quest for oil security: Oil (wars) in the pipeline?,journalArticle,oilrussiachina,
Atkinson,2005,Multi-criteria evaluation and least cost path analysis for an arctic all-weather road,journalArticle,WorldFocus,
Sidaway,2005,Asia–Europe–United States: the geoeconomics of uncertainty,journalArticle,callforpapers,
Starr,2005,"Territory, Proximity, and Spatiality: The Geography of International Conflict",journalArticle,agency_structure,
Sridharan,2005,International Relations Theory and the India–Pakistan Conflict,journalArticle,southasia,
Shahvar,2006,"Communications, Qajar Irredentism, and the Strategies of British India: The Makran Coast Telegraph and British policy of Containing Persia in the East (Baluchistan)—Part I",journalArticle,iran,
Brykova,2006,The International Competitiveness of National Regions: Conceptual and Practical Dimensions,journalArticle,BRI-EEU,
Bassin,2006,Mackinder and the heartland theory in post-Soviet geopolitical discourse,journalArticle,Mackinder,
Buszynski,2006,Oil and territory in Putin's relations with China and Japan,journalArticle,oilrussiachina,
Dhaka,2006,India’s energy security and Central Asia’s energy resources,journalArticle,WorldFocus,
Rendall,2006,Defensive realism and the Concert of Europe,journalArticle,eurasiain17thcentury,
Linden,2006,A Grounded Approach to the Study of Complex Systems,journalArticle,grounded_theory,
Tarock,2006,Iran's nuclear programme and the west,journalArticle,climate_change,
Souleimanov,2007,Iran and Azerbaijan: A Contested Neighborhood,journalArticle,iran,
Kirkpatrick,2007,Dictatorships & Double Standards,journalArticle,Mackinder,
Sparke,2007,"Forum: Geopolitical Fears, Geoeconomic Hopes, and the Responsibilities of Geography",journalArticle,callforpapers,
Sparke,2007,"Geopolitical Fears, Geoeconomic Hopes, and the Responsibilities of Geography",journalArticle,callforpapers,
Gulick,2007,Russo-Chinese Energy Cooperation,journalArticle,oilrussiachina,
Luke Martell,2007,The Third Wave in Globalization Theory,journalArticle,securitycomplex,Evaluation; Iintegration; Reflection
Robert E. Kelly,2007,"Security Theory in the ""New Regionalism""'",journalArticle,securitycomplex,Evaluation; Iintegration; Reflection
Haté,2007,India’s “Look West” Policy: Why Central Asia matters,journalArticle,WorldFocus,
Zafar,2007,"The growing relationship between China and Sub-Saharan Africa: Macroeconomic, trade, investment, and aid links",journalArticle,china_africa,
Carmody,2007,Competing hegemons? Chinese versus American geo-economic strategies in Africa,journalArticle,china_africa,
Cheng,2007,China’s outward FDI: Past and Future,journalArticle,china_africa,
Wang,2007,What drives China's growing role in Africa?,journalArticle,china_africa,
Anievas,2007,Global capitalism and the states system: explaining geopolitical conflicts in contemporary world politics,journalArticle,callforpapers,
Morton,2007,"Disputing the geopolitics of the states system and global capitalism: Cambridge Review of International Affairs: Vol 20, No 4",journalArticle,callforpapers,
Khan,2007,Trans-National Trade with Focus on Afghanistan,journalArticle,Afghanistan,
Weitz,2008,CHINA-RUSSIA SECURITY RELATIONS: STRATEGIC PARALLELISM WITHOUT PARTNERSHIP OR PASSION?,journalArticle,oilrussiachina,CHINA -- Foreign relations -- Russia; China; INTERNATIONAL relations; INTERNATIONAL security -- International cooperation; Russia
Boening,2008,"Regional Security through Synergistic Integration: A Euro-Mediterranean Regional Security Complex? Jean Monnet/Robert Schuman Paper Series Vol. 5, No. 13 June 2008",journalArticle,securitycomplex,EU-Mediterranean/Union for the Mediterranean; EU-Middle East
Woods,2008,"Whose Aid? Whose Influence? China, Emerging Donors and the Silent Revolution in Development Assistance",journalArticle,china_africa,
Kaplinsky,2008,What Does the Rise of China Do for Industrialisation in Sub-Saharan Africa?,journalArticle,china_africa,
Westcott,2008,Digital Diplomacy: The Impact of the Internet on International Relations,journalArticle,twitteropoliics,
Zaki Laïdi,2008,How Trade Became Geopolitics,journalArticle,callforpapers,
Šir,2008,China as an Emerging Superpower in Central Asia: The View from Ashkhabad.,journalArticle,uzbekistan,CENTRAL Asia; CHINA; China; DEVELOPING countries; ECONOMIC development; ECONOMIC policy; External Relations; INTERNATIONAL relations; INTERNATIONAL trade; Oil and Gas Pipelines; TRANSITION economies; Turkmenistan; WORLD politics
Hess,2008,Eurasia and the Geopolitics of Gas,journalArticle,russiapipelines,
Alberto,2008,Pakistan between Central and South Asia RSC,journalArticle,Afghanistan,
Binnie,2009,The Evolving Role of Uzbek-led Fighters in Afghanistan and Pakistan,journalArticle,marina,
Mushtaq,2009,Managing Ethnic diversity and federalism in Pakistan,journalArticle,federalism,
Jansen,2009,Twitter power: Tweets as electronic word of mouth,journalArticle,twitteropoliics,
Kuchins,2009,PART TWO: THE NDN AND THE MODERN SILK ROAD.,journalArticle,russiapipelines,
Johnston,2009,"David Hooson: Political Geography, Mackinder and Russian Geopolitics",journalArticle,Geopolitics,
Cowen,2009,After Geopolitics? From the Geopolitical Social to Geoeconomics,journalArticle,callforpapers,
Rockström,2009,A safe operating space for humanity,journalArticle,peacebuilding,
Rakhimov,2010,Internal and External Dynamics of Regional Cooperation in Central Asia,journalArticle,taliban2,
Saikal,2010,Afghanistan and Pakistan: The Question of Pashtun Nationalism?,journalArticle,taliban2,
Leverett,2010,"The United States, Iran and the Middle East's New “Cold War”",journalArticle,iran,
Buzan,2010,Culture and International Society,journalArticle,securitycomplex,
Adisu,2010,The impact of Chinese investment in Africa,journalArticle,china_africa,
Ahmad,2010,The Endemic Crisis of Federalism in Pakistan,journalArticle,federalism,
Golbeck,2010,Twitter use by the U.S. Congress,journalArticle,twitteropoliics,
Chang,2010,A new perspective on Twitter hashtag use: Diffusion of innovation theory,journalArticle,twitteropoliics,
Kassenova,2010,Uranium Production and Nuclear Energy in Central Asia: Assessment of Security Challenges and Risks,journalArticle,SCO,
Yuan,2010,China's Role in Establishing and Building the Shanghai Cooperation Organization (SCO),journalArticle,SCO,
Kuchins,2010,Afghanistan: Building the Missing Link in the Modern Silk Road,journalArticle,Afghanistan; russiapipelines,
Reid-Henry,2010,The Territorial Trap Fifteen Years On,journalArticle,territorialtrap,
Buzan,2011,The South Asian Security Complex in a Decentring World Order: Reconsidering Regions and Powers Ten Years On,journalArticle,economicglobalism,
Leung,2011,China's energy security: Perception and reality,journalArticle,oilrussiachina,
Lim,2011,"The energy triangle of Japan, china and Russia: The political economics of Tokyo, Beijing and the east Siberian pipeline",journalArticle,oilrussiachina,
Rabbani,2011,Making Sense of Instability in South Asia.,journalArticle,WorldFocus,
Afonin,2011,The TAPI gas pipeline: Pro et contra,journalArticle,WorldFocus,
Renard,2011,China’s Trade and FDI in Africa,journalArticle,china_africa,
Reips,2011,Mining twitter: A source for psychological wisdom of the crowds,journalArticle,twitteropoliics,
Tay,2011,Designing social media into university learning: technology of collaboration or collaboration for technology?,journalArticle,socialmedia,
Christensen,2011,Twitter Revolutions? Addressing Social Media and Dissent,journalArticle,socialmedia,
Kuchins,2011,A Truly Regional Economic Strategy for Afghanistan,journalArticle,southasia,
Kropatcheva,2011,Playing Both Ends Against the Middle: Russia's Geopolitical Energy Games with the EU and Ukraine,journalArticle,Geopolitics,
Desai,2011,Gujarat's Hindutva of Capitalist Development,journalArticle,southasia,
Ruttig,2011,Afghanistan Conference in Istanbul: The clogged arteries of the ‘Heart of Asia’,journalArticle,Afghanistan,
Ayas,2012,Dilemmas of Eurasianism as an Alternative Policy for Turkey.,journalArticle,Mackinder,
Blank,2012,Pipeline to Nowhere,journalArticle,oilrussiachina,
Mareš,2012,Oil and natural gas in Russia's eastern energy strategy: Dream or reality?,journalArticle,oilrussiachina,
Reza,2012,Examining the TAPI pipeline and its impact on regional and cross-regional rivalry,journalArticle,WorldFocus,
Abbas,2012,IP and TAPI in the New Great Game: Can Pakistan keep its hopes high,journalArticle,WorldFocus,
Takhteyev,2012,Geography of Twitter networks,journalArticle,twitteropoliics,
Westerman,2012,A social network as information: The effect of system generated reports of connectedness on credibility on Twitter,journalArticle,twitteropoliics,
Larsson,2012,Studying political microblogging: Twitter users in the 2010 Swedish election campaign,journalArticle,twitteropoliics,
Kirsch,2012,Impact of the 2010 Pakistan Floods on Rural and Urban Populations at Six Months,journalArticle,environment,
Azamat,2012,The Trans-Afghan transport corridor: state interests and development prospects,journalArticle,Afghanistan,
Zokhidov,2012,The Trans-Afghan transport corridor: state interests and development prospects,journalArticle,Afghanistan,
Alekseev,2013,The Russian Idea: From Messianism to Pragmatism,journalArticle,Mackinder,
Movkebaeva,2013,"Energy Cooperation Among Kazakhstan, Russia, and China Within the Shanghai Cooperation Organization.",journalArticle,oilrussiachina,China; Energy industries; Kazakhstan; Russia; Shanghai Cooperation Organisation; Strategic alliances (Business)
Yong,2013,Consolidating the Security Foundation of Regional Economic Prosperity: Evolving Power Balances in East Asia and Alternate Conceptions for Building Regional Institutions,journalArticle,securitycomplex,Balance of Power; Common Security; East Asia; Power Politics; Regional Cooperation; Regional Institutions
Nathan,2013,Pipeline politics—A study of India′ s proposed cross border gas projects,journalArticle,WorldFocus,
Ahmed,2013,Historical Evolution of Federalism in Pakistan: From Bewilderment to Setting up of a Path.,journalArticle,federalism,Autonomy (Political science); Constitutional amendments; FEDERAL government; Military government; PAKISTAN -- Politics & government -- 1988-; Public contracts
Khalid,2013,Politics of Federalism in Pakistan: Problems and Prospects.,journalArticle,federalism,CONSTITUTIONS; DEMOCRACY; FEDERAL government; Identities; PAKISTAN -- Politics & government -- 1988-; POLITICAL parties; PUBLIC administration; Pakistan; center-province relations; constitution; elections; federalism
Langenhove,2013,What is a region? Towards a statehood theory of regions,journalArticle,southasia,
Bekafigo,2013,Who Tweets About Politics?: Political Participation of Twitter Users During the 2011Gubernatorial Elections,journalArticle,twitteropoliics,
Kontopoulos,2013,Ontology-based sentiment analysis of twitter posts,journalArticle,twitteropoliics,
Clarke,2013,China's Strategy in “Greater Central Asia”: Is Afghanistan the Missing Link?,journalArticle,OBOR_train,
Dunn Cavelty,2013,From Cyber-Bombs to Political Fallout: Threat Representations with an Impact in the Cyber-Security Discourse,journalArticle,twitteropoliics,
Muzalevsky,2013,Uranium Waste in Central Asia Presents Serious Security Challenges.,journalArticle,SCO,
Zhang,2013,A Strategic Issue Management (SIM) Approach to Social Media Use in Public Diplomacy,journalArticle,twittergeopolitics2b,
Danju,2013,From Autocracy to Democracy: The Impact of Social Media on the Transformation Process in North Africa and Middle East,journalArticle,securitycomplex,
Ijang,2013,"Dependency on natural resources: post-conflict challenges for livelihoods security and environmental sustainability in Goma, The Democratic Republic of Congo",journalArticle,environment,Conflict and reconstruction – Forced displacement; Environment (built and natural); Labour and livelihoods; Sub-Saharan Africa
Kazemi,2013,Afghanistan Conference in Kazakhstan: Will the ‘Heart of Asia’ Start Throbbing?,journalArticle,Afghanistan,
Dobhal,2013,Kedarnath disaster: facts and plausible causes.,journalArticle,environment,
Huasheng,2014,Chinese Views of Post-2014 Afghanistan,journalArticle,SCO,
Song,2014,Port infrastructure investment and regional economic growth in China: Panel evidence in port regions and provinces,journalArticle,economicglobalism,
Clifton,2014,Financing utilities: How the role of the European Investment Bank shifted from regional development to making markets,journalArticle,economicglobalism,
Bottasso,2014,Ports and regional development: A spatial analysis on a panel of European regions,journalArticle,transportgeography,
Jackson,2014,Trans-Regional Security Organisations and Statist Multilateralism in Eurasia.,journalArticle,Geopolitics,1991-; 2001-; AFGHANISTAN; HISTORY; INTERNATIONAL cooperation; INTERNATIONAL security; INTERREGIONALISM; KYRGYZSTAN; NATIONAL security; ORGANIZATION for Security & Co-operation in Europe; REGIONALISM (International organization)
Weitz,2014,The Russia-China gas deal: implications and ramifications,journalArticle,oilrussiachina,
Fang,2014,"The impact of oil price shocks on the large emerging countries' stock prices: Evidence from China, India and Russia",journalArticle,oilrussiachina,BRIC; China; NIEs; Oil price shock; Stock market
Paltsev,2014,Scenarios for Russia's natural gas exports to 2050,journalArticle,oilrussiachina,
Wu,2014,China׳s energy security: Oil and gas,journalArticle,oilrussiachina,
Shadrina,2014,"Russia׳s natural gas policy toward northeast Asia: Rationales, objectives and institutions",journalArticle,oilrussiachina,
Lee,2014,Opportunities and risks in Turkmenistan's quest for diversification of its gas export routes,journalArticle,oilrussiachina,
Cutler,2014,Chinese energy companies' relations with Russia and Kazakhstan,journalArticle,oilrussiachina,
Kropatcheva,2014,He who has the pipeline calls the tune? Russia's energy power against the background of the shale “revolutions”,journalArticle,oilrussiachina,
Hussain,2014,An overview of South Asian Security Physiognomies in the Context of Regional Power Balance Strategies.,journalArticle,securitycomplex,BALANCE of power; Balance of power; Bilateral engagement; INDIA -- Foreign relations; PHYSIOGNOMY; Regional Security Complex; Regional power politics; SECURITY management; SOUTH Asia; security externalities
Leigh,2014,Energy–A Geopolitical Game Changer?,journalArticle,WorldFocus,
Xu,2014,Predicting Opinion Leaders in Twitter Activism Networks: The Case of the Wisconsin Recall Election,journalArticle,twitteropoliics,
Makazhanov,2014,Predicting political preference of Twitter users,journalArticle,twitteropoliics,
Adnan,2014,A geocomputational analysis of Twitter activity around different world cities,journalArticle,twitteropoliics,
McKelvey,2014,Twitter publics: how online political communities signaled electoral outcomes in the 2010 US house election,journalArticle,twitteropoliics,
Kuchins,2014,Russia and the CIS in 2013,journalArticle,russiapipelines,
Sevim,2014,Energy Impact of Coming Eurasian Union and Relations between Russia and Turkey,journalArticle,russiapipelines,
Javaid,2014,Reviewing security in South Asia,journalArticle,southasia,
Quie,2014,The Istanbul Process: prospects for regional connectivity in the heart of Asia,journalArticle,Afghanistan,
Lanjian,2015,China OBOR in Perspective of High-speed Railway (HSR) — Research on OBOR Economic Expansion Strategy of China,journalArticle,economicglobalism,
Troitskiy,2015,Central Asian Regional Security Complex: The Impact of Russian and US Policies,journalArticle,Geopolitics,
Rakisits,2015,A path to the sea: China's Pakistan plan,journalArticle,CPEC,China; Company financing; Foreign investments -- Military aspects; Indian Ocean -- International aspects; Indian Ocean -- Military aspects; Pakistan; Ports -- Finance; Ports -- International aspects; Ports -- Military aspects
Qureshi,2015,China/Pakistan Economic Corridor: A Critical National and International Law Policy Based Perspective.,journalArticle,CPEC,ECONOMIC aspects; INTERNATIONAL cooperation; INTERNATIONAL law -- Economic aspects; INVESTMENTS; PAKISTAN -- Foreign relations; SILK Road; SOCIAL norms
Abid,2015,CPEC: Challenges and Opportunities for Pakistan.,journalArticle,CPEC,Corridors (Ecology) -- Design & construction; Corridors -- Economic aspects; DESIGN & construction; INTERNATIONAL cooperation; INTERNATIONAL relations; Pipelines; Railroads; Roads
Martínez Álvarez,2015,CHINA-KAZAKHSTAN ENERGY RELATIONS BETWEEN 1997 AND 2012,journalArticle,oilrussiachina,
,2015,FOCUS: Russia looks for new ways to keep up oil production and exports,journalArticle,oilrussiachina,
Majeed,2015,Issues and Adjustment in Pakistan's Federation.,journalArticle,federalism,CONSTITUTIONALISM; FEDERAL government; Identities; PAKISTAN -- Politics & government; Provincial autonomy; center-province relations; constitution; eighteen amendment; elections; federalism
Yang,2015,GIS analysis of depression among Twitter users,journalArticle,twitteropoliics,
Atefeh,2015,A Survey of Techniques for Event Detection in Twitter,journalArticle,twitteropoliics,
Fallon,2015,The New Silk Road: Xi Jinping's Grand Strategy for Eurasia,journalArticle,OBOR_train,
Minghao,2015,China’s New Silk Road Initiative,journalArticle,,
Korson,2015,Political Agency and Citizen Journalism: Twitter as a Tool of Evaluation,journalArticle,twitteropoliics,
Barberá,2015,Understanding the Political Representativeness of Twitter Users,journalArticle,twitteropoliics,
Goode,2015,Everyday Nationalism: Constructivism for the Masses*,journalArticle,socialmedia,
Akgul,2015,The Use of Data and Datasets in International Relations Research,journalArticle,socialmedia,
Heinrich,2015,Mixing geopolitics and business: How ruling elites in the Caspian states justify their choice of export pipelines,journalArticle,Geopolitics; oilrussiachina,Foreign policy; Geopolitics; Media analysis; Pipelines
Rehman,2015,Flood Disaster in Pakistan and its Impact on Agriculture Growth (A Review),journalArticle,environment,
Butt,2015,IMPACT OF CPEC ON REGIONAL AND EXTRA- REGIONAL ACTORS,journalArticle,BRI-EEU,
Quazi,2015,Foreign Aid and Quality of Governance in Developing Countries: An Econometric Case Study of South Asia and East Asia,journalArticle,environment,
Abbas,2016,The Role of Persian Language before Independence in India,journalArticle,iran,
Thevenin,2016,Measuring one century of railway accessibility and population change in France. A historical GIS approach,journalArticle,economicglobalism,
Jeong,2016,A typology of network city in a socio-economically disadvantaged region,journalArticle,economicglobalism,
Shailo,2016,"IMS-Growth Triangle, SADC and APEC: A Brief Analysis of Regional Integration and Transborder Relations from Critical Geopolitical Perspectives.",journalArticle,economicglobalism,Critical Geopolitics; Discourse Analysis; GEOPOLITICS -- Research; Globalization; INTERNATIONAL economic integration; INTERNATIONAL relations; Identity; Power Relation; Regional Integration; Transborder
Weede,2016,"Geopolitics, Institutions, and Economics: On the Rise and Decline of Civilizations",journalArticle,Geopolitics,
Adnan,2016,China-Pakistan Economic Corridor: A Road to Development and its Challenges.,journalArticle,CPEC,CHINA -- Foreign relations; Challenges; China; ENERGY development; Economic Corridor; Economic relations; Gawadar Port; INTERNATIONAL economic relations; INTERNATIONAL trade; PAKISTAN -- Foreign relations; Pakistan; trade
Sharples,2016,The shifting Geopolitics of Russia's natural gas exports and their impact on EU-Russia gas relations,journalArticle,oilrussiachina,
Nurgaliyeva,2016,Kazakhstan's economic soft balancing policy vis-à-vis Russia: From the Eurasian union to the economic cooperation with turkey,journalArticle,oilrussiachina,
Bertelsen,2016,"The return of china, post-cold war Russia, and the arctic: Changes on land and at sea",journalArticle,oilrussiachina,
Zhong,2016,The roles of countries in the international fossil fuel trade: An emergy and network analysis,journalArticle,oilrussiachina,
Wang,2016,Investigation of the freeze–thaw states of foundation soils in permafrost areas along the China–Russia Crude Oil Pipeline (CRCOP) route using ground-penetrating radar (GPR),journalArticle,oilrussiachina,China–Russia Crude Oil Pipeline (CRCOP); Freeze–thaw states; Ground-penetrating radar (GPR); Permafrost; Thaw depth; Thaw settlement
Javaid,2016,China's Interests and Challenges in South Asia.,journalArticle,CPEC; OBOR_train,ASIA -- Relations -- China; CHINA; CHINA -- Foreign relations; CHINESE civilization; China; ECONOMIC development; PAKISTAN -- Foreign relations; Pakistan; SOUTH Asia -- Foreign economic relations; economic activities; interests; matching role
Mushtaq,2016,Regional Identities in Quest of Separate Provinces: A New Challenge for the Pakistani Federation.,journalArticle,federalism,Autonomy (Political science); CONSTITUENT power; Federation; MINORITIES; POLITICAL parties; PROVINCES; Pakistan; REGIONAL identity (Psychology); Regional Identities; Separate Provinces
Jabeen,2016,Revisiting Public Policy Making Process and Strategies in Pakistan: A Governance Perspective.,journalArticle,federalism,Collaborative; DEVELOPING countries; GOVERNMENT policy; Governance; NETWORK governance; POLICY sciences; Pakistan; Participative; Public Policy; Reforms
Sial,2016,Provincial Autonomy under Stress in Pakistan.,journalArticle,federalism,Autonomy (Political science); CONSTITUTIONAL law; DECENTRALIZATION in government; PAKISTAN -- Politics & government; PROVINCES; Pakistan
Wang,2016,Offensive for defensive: the belt and road initiative and China's new grand strategy,journalArticle,OBOR_train,
Saif,2016,Contextual semantics for sentiment analysis of Twitter,journalArticle,twitteropoliics,
Wigell,2016,Geopolitics versus geoeconomics: the case of Russia's geostrategy and its effects on the EU,journalArticle,callforpapers,
Harris,2016,"America, Europe and the Necessary Geopolitics of Trade",journalArticle,callforpapers,
MensXP,2016,Adnan Sami Stood Up In Support Of India And The Pakistanis Are Calling Him A 'Traitor' On Twitter,journalArticle,southasia,
Blokh,2016,Psychological Warfare Analysis Using Network Science Approach,journalArticle,twittergeopolitics2b,
HUASHENG,2016,Afghanistan and China's new neighbourhood diplomacy,journalArticle,Afghanistan,
Jin,2016,The US Withdrawal and One Belt One Road: Chinese Concerns and Challenges in Afghanistan,journalArticle,Afghanistan,
Rahman,2017,Analysis of Chinese Economic and National Security Interests in China- Pakistan Economic Corridor (CPEC) under the Framework of One Belt One Road (OBOR) Initiative,journalArticle,pakchina_snds,
Ahmad,2017,China-Pakistan Economic Corridor and Its Social Implication on Pakistan: How Will CPEC Boost Pakistan’s Infrastructures and Overcome the Challenges?,journalArticle,pakchina_snds,
Duncombe,2017,Twitter and transformative diplomacy: social media and Iran–US relations,journalArticle,Geopolitics,
Volpe Martincus,2017,"Roads, exports and employment: Evidence from a developing country",journalArticle,economicglobalism,
Bai Shi,2017,A BOOST TO REGIONAL ECONOMIES: The construction of the China-Pakistan Economic Corridor accelerates.,journalArticle,OBOR_train,CHINA -- Foreign economic relations; ECONOMIC development; FOREIGN investments; LETTERS of intent; PAKISTAN -- Foreign economic relations
Segesten,2017,A typology of political participation online: how citizens used Twitter to mobilize during the 2015 British general elections,journalArticle,twitteropoliics,
Salloum,2017,A Survey of Text Mining in Social Media: Facebook and Twitter Perspectives,journalArticle,twitteropoliics,
Vargo,2017,"Socioeconomic Status, Social Capital, and Partisan Polarity as Predictors of Political Incivility on Twitter: A Congressional District-Level Analysis",journalArticle,twitteropoliics,
Ke,2017,A systematic identification and analysis of scientists on Twitter,journalArticle,twitteropoliics,
Beauchamp,2017,Predicting and Interpolating State-Level Polls Using Twitter Textual Data,journalArticle,twitteropoliics,
McCormick,2017,Using Twitter for Demographic and Social Science Research: Tools for Data Collection and Processing,journalArticle,twitteropoliics,
Warrington,2017,Countering violent extremism via de-securitisation on Twitter,journalArticle,twitteropoliics,
Jendoubi,2017,Two evidential data based models for influence maximization in Twitter,journalArticle,twitteropoliics,
Himelboim,2017,Classifying Twitter Topic-Networks Using Social Network Analysis,journalArticle,twitteropoliics,
Di Muzio,2017,Uneven and combined confusion: on the geopolitical origins of capitalism and the rise of the west,journalArticle,callforpapers,
Glukhov,2017,Construction of national identity through a social network: a case study of ethnic networks of immigrants to Russia from Central Asia,journalArticle,socialmedia,
Williams,2017,"Introduction: Social Media, Political Marketing and the 2016 U.S. Election",journalArticle,twitteropoliics,
Blanchard,2017,The Geopolitics of China’s Maritime Silk Road Initiative,journalArticle,SCO; callforpapers,
Austvik,2017,EU-Russian Gas Trade and the Shortcomings of International Law,journalArticle,energy_statistics,
Baysal,2017,"Climate Change and Security: Different Perceptions, Different Approaches",journalArticle,climate_change,
Khan,2018,Analysis of power plants in China Pakistan economic corridor (CPEC): An application of analytic network process (ANP),journalArticle,pakchina_snds,
Meyer,2018,"Free Trade, Fair Trade, and Selective Enforcement",journalArticle,economicglobalism,
Zhang,2018,The Belt and Road Initiative: China’s New Geopolitical Strategy?,journalArticle,BRI-EEU,
Csurgai,2018,The Increasing Importance of Geoeconomics in Power Rivalries in the Twenty-First Century,journalArticle,callforpapers,
Moisio,2018,Towards Geopolitical Analysis of Geoeconomic Processes,journalArticle,callforpapers,
Cai,2018,The One Belt One Road and the Asian Infrastructure Investment Bank: Beijing’s New Strategy of Geoeconomics and Geopolitics,journalArticle,callforpapers,
Rath,2018,Utilizing computational trust to identify rumor spreaders on Twitter.,journalArticle,twittergeopolitics2b,Computational trust; Recurrent neural networks; Representation learning; Rumor detection
Manor,2018,Visually framing the Gaza War of 2014: The Israel Ministry of Foreign Affairs on Twitter.,journalArticle,twittergeopolitics2b,2014 Gaza War; digital diplomacy; framing theory; strategic narratives; visual politics
Howard,2018,"Social Media, News and Political Information during the US Election: Was Polarizing Content Concentrated in Swing States?",journalArticle,twitteropoliics,
Walker,2018,On mineral sovereignty: Towards a political theory of geological power,journalArticle,energy_statistics,
Minneti,2018,Environmental Governance and the Global South,journalArticle,environment,
Wigell,2018,Geo-economics and Power Politics in the 21st Century,journalArticle,geoeconomics,
Wei,2018,The Cooperation Between China and Afghanistan Under the “Belt and Road Initiative”,journalArticle,Afghanistan,
Yan Wei,2018,The Cooperation Between China and Afghanistan Under the “Belt and Road Initiative”,journalArticle,Afghanistan,
Beeson,2018,Geoeconomics with Chinese characteristics: the BRI and China’s evolving grand strategy,journalArticle,BRI-EEU,
Reeves,2018,China’s Silk Road Economic Belt Initiative: Network and Influence Formation in Central Asia,journalArticle,SCO,
Salakhetdinov,2018,Russian Projects and Energy Cooperation in South Africa,journalArticle,climate_change,
Ramachandran,2018,Impact of the Pashtun Tahafuz Movement on Pakistan’s Political Landscape,journalArticle,pakistan,
Gasiorowski,2019,U.S. Perceptions of the Communist Threat in Iran during the Mossadegh Era,journalArticle,iran,
Alam,2019,Impact of Transport Cost and Travel Time on Trade under China-Pakistan Economic Corridor (CPEC),journalArticle,pakchina_snds,
Tseng,2019,The Belt and Road Initiative (BRI) and the Chinese Vision of Regionalization,journalArticle,BRI-EEU,
Guerrero-Sol�,2019,Government Formation and Political Discussions in Twitter: An Extended Model for Quantifying Political Distances in Multiparty Democracies.,journalArticle,twittergeopolitics2b,Spain; Twitter; coalition formation; government formation; politics; prediction; retweet overlap
Upadhyay,2019,Decimating democracy in 140 characters or less: Pakistan army�s subjugation of state institutions through twitter.,journalArticle,twittergeopolitics2b,
Spierings,2019,Keeping an Eye on the People: Who Has Access to MPs on Twitter?.,journalArticle,twittergeopolitics2b,Twitter; members of parliament; political communication; politics; populism; social media
Schneiker,2019,How to analyze social media? Assessing the promise of mixed-methods designs for studying the twitter feeds of PMSCs.,journalArticle,twittergeopolitics2b,
Constance,2019,Twitter and the Challenges of Digital Diplomacy.,journalArticle,twittergeopolitics2b,
Ter�n,2019,Dynamic profiles using sentiment analysis and twitter data for voting advice applications.,journalArticle,twittergeopolitics2b,Decision-making; Dynamic profiles; Recommender systems; Sentiment analysis; Voting advice applications
Larson,2019,Social Networks and Protest Participation: Evidence from 130 Million Twitter Users.,journalArticle,twittergeopolitics2b,Social media – Analysis; Social media – Demonstrations and protests; Social networks – Analysis; Social networks – Demonstrations and protests
Neu,2019,Twitter and social accountability: Reactions to the Panama Papers.,journalArticle,twittergeopolitics2b,Accounting interventions; Big data and quantitative methods; Panama papers; Social accountability; Social media
Lubinga,2019,Mining Social Media for Political Communication: Lessons from an Analysis of Twitter Use between Citizens and the African National Congress pre-2014 South African National Elections.,journalArticle,twittergeopolitics2b,
Schneiker,2019,Telling the Story of the Superhero and the Anti-Politician as President: Donald Trump�s Branding on Twitter.,journalArticle,twittergeopolitics2b,Donald Trump; Twitter; celebrity politicians; political branding
Schneiker,2019,Hiding in plain sight: Private military and security companies� use of Twitter as a distraction tool.,journalArticle,twittergeopolitics2b,Twitter; business communication; private military and security companies; private security; social media; visibility
Schuster,2019,The rise of global policy networks in education: analyzing Twitter debates on inclusive education using social network analysis.,journalArticle,twittergeopolitics2b,Inclusive education; Twitter; global governance; policy networks; social network analysis
Urman,2019,Context matters: political polarization on Twitter from a comparative perspective,journalArticle,twittergeopolitics2b,
Mourao,2019,Covering Protests on Twitter: The Influences on Journalists’ Social Media Portrayals of Left- and Right-Leaning Demonstrations in Brazil,journalArticle,twittergeopolitics2b,
Keller,2019,Political Astroturfing on Twitter: How to Coordinate a Disinformation Campaign,journalArticle,twittergeopolitics2b,
Daniel,2019,Static and dynamic incentives for Twitter usage in the European Parliament,journalArticle,twittergeopolitics2b,
Johnston,2019,The Belt and Road Initiative: What is in it for China?,journalArticle,BRI-EEU,
Moisio,2019,Re-thinking geoeconomics: Towards a political geography of economic geographies,journalArticle,callforpapers,
Jones,2019,Understanding China’s ‘Belt and Road Initiative’: beyond ‘grand strategy’ to a state transformation analysis,journalArticle,BRI-EEU,
Linvill,2019,"""THE RUSSIANS ARE HACKING MY BRAIN!"" investigating Russia's internet research agency twitter tactics during the 2016 United States presidential campaign.",journalArticle,twittergeopolitics2b,
Sainudiin,2019,Characterizing the Twitter network of prominent politicians and SPLC-defined hate groups in the 2016 US presidential election.,journalArticle,twittergeopolitics2b,2016 US presidential election; Apache Spark; Configuration model; Directed degrees of separation; Donald Trump; Empirical geometric retweet model; Population retweet ideological trees; Scalable generalized Fisher�s exact test; Twitter; US hate groups
Hernandez-Santaolalla,2019,Post-truth and intimidation on Twitter during Catalan referendum 1-O.,journalArticle,twittergeopolitics2b,Catalonia; Emotion; Hateful culture; Political communication; Social media
Grimaldi,2019,Can we analyse political discourse using Twitter? Evidence from Spanish 2019 presidential election.,journalArticle,twittergeopolitics2b,
Domnguez,2019,Social unrest through new technologies: Twitter as a political tool.,journalArticle,twittergeopolitics2b,#acampadasol; #spanishrevolution; 15-M; Occupy; Politics 2.0; Popular Democracy; Social networks; Twitter
Bratslavsky,2019,"Twitter, incivility, and presidential communication: A theoretical incursion into spectacle and power.",journalArticle,twittergeopolitics2b,Incivility; discourse; infrastructure; platform; spectacle
Jaidka,2019,Brevity is the Soul of Twitter: The Constraint Affordance and Political Discussion.,journalArticle,twittergeopolitics2b,Affordances; Computational Social Science; Political Communication; Political Discussion; Social Media
Hemsley,2019,Followers Retweet! The Influence of Middle-Level Gatekeepers on the Spread of Political Information on Twitter.,journalArticle,twittergeopolitics2b,Twitter; curation logics; diffusion; information flow; network gatekeepers; political elections
Modrek,2019,The #MeToo Movement in the United States: Text Analysis of Early Twitter Conversations.,journalArticle,twittergeopolitics2b,machine learning; sexual abuse; sexual assault; social media
Pond,2019,"Riots and Twitter: connective politics, social media and framing discourses in the digital public sphere.",journalArticle,twittergeopolitics2b,ICTs; Social media; Twitter; connective action; media studies; social movements
Huang,2019,"Building a Network to ""Tell China Stories Well"": Chinese Diplomatic Communication Strategies on Twitter.",journalArticle,twittergeopolitics2b,China; Twitter; network communication; public diplomacy
Jones,2019,"Propaganda, Fake News, and Fake Trends: The Weaponization of Twitter Bots in the Gulf Crisis.",journalArticle,twittergeopolitics2b,Gulf crisis; Middle East; Qatar; Twitter; bots; computational propaganda
Heiss,2019,Populist Twitter Posts in News Stories Statement Recognition and the Polarizing Effects on Candidate Evaluation and Anti-Immigrant Attitudes.,journalArticle,twittergeopolitics2b,Confirmation bias; disconfirmation bias; hybrid media system; political polarization; populism; social media
Xia,2019,"Disinformation, performed: self-presentation of a Russian IRA account on Twitter.",journalArticle,twittergeopolitics2b,Disinformation; affordances; authenticity; performance; self-presentation; social media
Schafer,2019,Paris and Nice terrorist attacks: Exploring Twitter and web archives.,journalArticle,twittergeopolitics2b,Twitter; attacks; born-digital heritage; heritagization; terrorism; web; web archives
Al Baghal,2019,Linking Twitter and Survey Data: The Impact of Survey Mode and Demographics on Consent Rates Across Three UK Studies.,journalArticle,twittergeopolitics2b,Twitter; consent; linkage; mode effects; surveys
Nikolayenko,2019,Framing and counter-framing a Peace March in Russia: the use of Twitter during a hybrid war.,journalArticle,twittergeopolitics2b,Antiwar protests; Russia; framing; hybrid war; peace march; social media
Torregrosa,2019,Linguistic analysis of pro-ISIS users on Twitter.,journalArticle,twittergeopolitics2b,ISIS; Linguistics; Twitter; jihadism; political extremism; radicalization
Southern,2019,"Twitter, Incivility and �Everyday� Gendered Othering: An Analysis of Tweets Sent to UK Members of Parliament.",journalArticle,twittergeopolitics2b,Twitter; gender; incivility; othering; representation
Ruoho,2019,the inner circle of power on twitter? How politicians and journalists form a virtual network elite in Finland.,journalArticle,twittergeopolitics2b,Digitalization of media; Mediated elites; Political communication
Boukes,2019,Social network sites and acquiring current affairs knowledge: The impact of Twitter and Facebook usage on learning about the news.,journalArticle,twittergeopolitics2b,Facebook; Social network sites; Twitter; current affairs knowledge; knowledge gap; learning effects; social media
Faisal,2019,CPEC and Regional Connectivity,journalArticle,Afghanistan,
Miles,2019,"Trump, Twitter, and Public Dissuasion: A Natural Experiment in Presidential Rhetoric.",journalArticle,twittergeopolitics2b,President Trump; Twitter; guns
Wang,2019,Common Core State Standards on Twitter: Public Sentiment and Opinion Leaders.,journalArticle,twittergeopolitics2b,education policy; network analysis; network science; policymaking; politics; sentiment analysis; social media; text mining; the Common Core State Standards
Srinivasan,2019,Twitter Data for Predicting Election Results: Insights from Emotion Classification,journalArticle,twittergeopolitics2b,Human factors; Internet; Media; Social factors; Social implications of technology; Social networking (online); Twitter; emotion classification; limited size texts; microblogging sites; predicting election results; short size texts; social media; social network; social networking (online); text analysis; twitter data
Drus,2019,Sentiment Analysis in Social Media and Its Application: Systematic Literature Review,journalArticle,twitteropoliics,
Titumir,2019,Strategic Implications of China’s Belt and Road Initiative (BRI): The Case of Bangladesh,journalArticle,BRI-EEU,
Warner,2019,Securitization of climate change: How invoking global dangers for instrumental ends can backfire,journalArticle,climate_change,
Jiang,2019,Monitoring the long-term desertification process and assessing the relative roles of its drivers in Central Asia,journalArticle,climate_change,
Price,2019,Reconnecting Afghanistan,journalArticle,Afghanistan,
Yuldasheva,2020,Iran-Uzbekistan Relations in the Regional Security Context,journalArticle,iran,
Sauvageot,2020,Between Russia as producer and Ukraine as a transit country: EU dilemma of interdependence and energy security,journalArticle,russiapipelines,
O’Rourke,2020,The Strategic Logic of Covert Regime Change: US-Backed Regime Change Campaigns during the Cold War,journalArticle,GreatPowers,
Basit,2020,Barelvi Political Activism and Religious Mobilization in Pakistan: The Case of Tehreek-e-Labaik Pakistan (TLP),journalArticle,southasia,
Garnett,2020,Vulnerability of the United Kingdom’s food supply chains exposed by COVID-19,journalArticle,,Business and industry; Business and management; Complex networks; Operational research
UNCTAD,2020,Framework for the Voluntary Sustainability Standards (VSS) Assessment Toolkit,journalArticle,environment,
Wignaraja,2020,Chinese Investment and the BRI in Sri Lanka,journalArticle,BRI-EEU,
Murton,2020,Trans-Himalayan power corridors: Infrastructural politics and China's Belt and Road Initiative in Nepal,journalArticle,BRI-EEU,BRI; China; Corridors; Himalaya; Hydropower; Infrastructure; Nepal; Roads
Murton,2020,Trans-Himalayan power corridors: Infrastructural politics and China's Belt and Road Initiative in Nepal,journalArticle,BRI-EEU,BRI; China; Corridors; Himalaya; Hydropower; Infrastructure; Nepal; Roads
Khalfi,2020,Agreement On The Joint Comprehensive Plan Of Action (JCPOA) Between Iran And The United States,journalArticle,climate_change,
Hussaini,2020,Economic Growth and Higher Education in South Asian Countries: Evidence from Econometrics,journalArticle,environment,
Ul-Haq,2020,Energy Scenario in South Asia: Analytical Assessment and Policy Implications,journalArticle,energy_statistics,Asia; Economic indicators; Energy mix; Government; Renewable energy sources; SWOT analysis; Sociology; Statistics; policy; regional trade
Khan,2020,Resistance in disguise and the re-construction of identity: a case of the Pashtuns in Pakistan,journalArticle,pakistan,
Mohib,2021,Impact of Road Transport Infrastructure on Economic Growth: Evidence from Afghanistan,journalArticle,Afghanistan,
Jalali,2021,The Geopolitics of Afghan-Iranian Relations,journalArticle,Afghanistan,
Orokboev,2021,Trans-Afghan Transport Corridor: With Hope for the Future,journalArticle,Afghanistan,
Tankosić,2022,Food Safety Policy in the European Union,journalArticle,environment,
Khan,2022,China’s foreign policy shift from belt and road initiative to global development initiative: impacts on maritime geopolitics of the Indian ocean region,journalArticle,BRI-EEU,Maritime Geopolitics
Lei,2022,Global Development Initiative: An International Public Goods to Promote Common Development,journalArticle,BRI-EEU,
Kamburawala,2022,Belt and Road Initiative (BRI) and Sri Lanka: A Review of Literature,journalArticle,,
Yan,2022,Food security in South Asia under climate change and economic policies,journalArticle,foodsecurity,Climate change; Fiscal policy; Food security; GDP; SAFTA; South Asia; Trade policy; Welfare; Yields
Akbarzadeh,2023,"Soft power, hard power dynamics: the case of Iran in Afghanistan",journalArticle,Afghanistan,
Hessami,2023,Avoiding a Central Asian Water War: Challenges and Opportunities for Cooperation between the Islamic Republic of Iran and the Islamic Emirate of Afghanistan,journalArticle,Afghanistan,
Wei,2023,SCO and the Belt and Road Initiative – the Prospect of Double Insurance to Afghanistan,journalArticle,Afghanistan,
Zaki,2023,Literature Review on Belt and Road Initiative’s Integration for Trade Connectivity of Afghanistan,journalArticle,Afghanistan,
Iqbal,2023,The Pashtun Tahafuz Movement as a Template for Non-Violent Collective behaviour,journalArticle,pakistan,Collective behaviour; Non-Violence; Pashtuns; Social movements
Yar,2024,Afghanistan's Geopolitical and Geo-economic Significance in Regional Connectivity and Development,journalArticle,Afghanistan,Afghanistan; Central Asia; Geo-Economics; Geographical Location; Geopolitics; South Asia
Yawar,2024,Examining the Position of Afghanistan in the New Plan of China's Belt and Road Initiative (With Emphasis on Media Strategies),journalArticle,Afghanistan,
Sarbiland,2024,"China-Afghanistan Relations And The Wakhan Corridor: Assessing Economic Interests, Infrastructural Development, And Geopolitical Implications",journalArticle,Afghanistan,China-Afghanistan Relations; Economic Interests; Geopolitical Implications; Infrastructural Development; Wakhan Corridor
Yar,2024,Afghanistan's Geopolitical and Geo-economic Significance in Regional Connectivity and Development,journalArticle,Afghanistan,Afghanistan; Central Asia; Geo-Economics; Geographical Location; Geopolitics; South Asia
Atif,2024,The Geopolitical Location of Afghanistan: Opportunities and Challenges in Relations with South and Central Asian Countries,journalArticle,Afghanistan,
Neshat Keliwaal,2024,"North-South Transport Corridor Opportunities, Challenges, and the Role of Afghanistan",journalArticle,Afghanistan,
Сайдалиева,2025,THE ROLE OF TRANSIT POLICY IN AFGHANISTAN’S ECONOMIC GROWTH,journalArticle,Afghanistan,
Kulyntay,2025,"Transport and Communication Potential of Central Asia: EU Interests, Challenges, and Prospects",journalArticle,Afghanistan,
Saydaliyeva,2025,THE ROLE OF TRANSIT POLICY IN AFGHANISTAN’S ECONOMIC GROWTH,journalArticle,Afghanistan,
Dhaka,,The Geoeconomic Simulacrum of BRI and the South Asian Regional Security Complex,journalArticle,BRI-EEU,
Chase-Dunn,,Response to Barry Buzan and George Lawson: The global transformation: The 1...,journalArticle,economicglobalism,
Assef,,China's control of the heavens_the space silk road,journalArticle,OBOR_train,
Roesslein,,tweepy Documentation,journalArticle,twitteropoliics,
杨宇,,中国海外油气依存的现状、地缘风险与应对策略,journalArticle,oilrussiachina,
Mitrova,,THE GEOPOLITICS OF RUSSIAN NATURAL GAS,journalArticle,russiapipelines,
Tahir,,"China, Pakistan, and Afghanistan: Partnership for Regional Peace",journalArticle,Afghanistan,
Ali,,Importance and Implications of CPEC in South Asia: The Indian Factor,journalArticle,BRI-EEU,
Abid,,CPEC: Challenges and Opportunities for Pakistan,journalArticle,BRI-EEU,
Bergner,,Developing Nepal’s Hydroelectric Resources: Policy Alternatives,journalArticle,pakgeoecnomics,
Wijayatunga,,An Overview of Energy Cooperation in South Asia,journalArticle,energy_statistics,
Kulyntay,,"Transport and Communication Potential of Central Asia: EU Interests, Challenges, and Prospects",journalArticle,Afghanistan,
Cacicedo,,Opportunities for the EU?,journalArticle,Afghanistan,
Malikyar,,BELT AND ROAD INITIATIVE AND AFGHANISTAN,journalArticle,Afghanistan,
Maoz,2003,Domestic Politics of Regional Security: Theoretical Perspectives and Middle Eastern Patterns,magazineArticle,securitycomplex,
Motlagh,2010,"With U.S. Approval, Moscow Heads Back to Afghanistan",magazineArticle,newspaper,
Minghao,2015,China’s new Silk Road initiative,magazineArticle,OBOR_train,
,2015,Poisoned legacy,magazineArticle,uzbekistan,
Koshkin,2017,Can Russia realistically integrate with China and Europe at the same time? | Russia Direct,magazineArticle,economicglobalism,
Pannie,2019,Putin Offers Russian Help To Build Kazakh Nuclear Plant,magazineArticle,centralAsia,
,2019,A deal to end the insurgency in Afghanistan would be wonderful,magazineArticle,taliban,
,2019,The Nord Stream 2 gas pipeline is a Russian trap,magazineArticle,russiapipelines,
Kashifi,2019,Overview of Afghanistan Transportation,magazineArticle,Afghanistan,
Coppins,2020,The Billion-Dollar Disinformation Campaign to Reelect the President,magazineArticle,Geopolitics,
Peterson,2021,‘Back to the darkness’: Afghan women speak from Taliban territory,magazineArticle,taliban2,
Economist.com,2022,Why the war in Ukraine is driving up Europe’s use of coal—and its price,magazineArticle,environment,
Iden,2022,Power of Siberia 2 Pipeline Puts Ever More Pressure on Europe,magazineArticle,russiapipelines,
Jehl,1998,Iran Holds Taliban Responsible for 9 Diplomats' Deaths,newspaperArticle,taliban_twitter,
Brooke,2004,The Asian Battle for Russia's Oil and Gas,newspaperArticle,oilrussiachina,
Fukuyama,2006,After Neoconservatism,newspaperArticle,Geopolitics,
Moskvitch,2011,Smart jeans: A cause for concern?,newspaperArticle,russiapipelines,
ET Bureau,2013,Ajmer Sharif Dargah spiritual head to boycott Pakistan PM's visit,newspaperArticle,dargah_sharif,
Ehsas,2013,Balkh oil refinery resumes production,newspaperArticle,WorldFocus,
Donati,2013,UPDATE 1-Missing refinery deal halts landmark China-Afghan oil project,newspaperArticle,WorldFocus,
Rubin,2013,Afghan Leader Says U.S. Abets Taliban’s Goal,newspaperArticle,taliban2,
Aziz,2014,The ISI’s Great Game in Afghanistan,newspaperArticle,WorldFocus,
TCA,2014,"Turkmenistan, Afghanistan, Pakistan and India establish landmark TAPI pipeline company",newspaperArticle,WorldFocus,AFGHANISTAN; Asian Development Bank -- Officials and employees; Gas transmission industry -- International economic relations; Gas transmission industry -- Officials and employees; Gas utilities -- International economic relations; Gas utilities -- Officials and employees; India; Natural gas -- Pipe lines; Pakistan; Turkmenistan
Romanowski,2014,Central Asia’s Energy Rush,newspaperArticle,WorldFocus,
PTI,2016,India keen on setting up LNG terminal at Iranian port,newspaperArticle,centralAsia,
Hart,2016,Central Asia’s Oil and Gas Now Flows to the East,newspaperArticle,WorldFocus,
,2016,Building the world's tallest dam,newspaperArticle,OBOR_train,
Stanway,2016,China to boost nuclear fuel reserves to feed new reactors,newspaperArticle,SCO,
BBCNews,2017,'Silk Road' freight train from China arrives in Barking,newspaperArticle,OBOR_train,
Huaxia,2017,Spotlight: Chinese landmark concept put into UN Security Council resolution for 1st time,newspaperArticle,CPEC,
Chaudhury,2017,European MPs caution OBOR could make continent subservient to China,newspaperArticle,economicglobalism,
Bhattacharjee,2017,"Race for supremacy: India, Japan plan alternative to counter China's OBOR",newspaperArticle,economicglobalism,
PTI,2017,'China willing to give Sri Lanka $ 24 billion more as part of OBOR',newspaperArticle,economicglobalism,
PTI,2017,China to invest $50 billion to develop Indus River Cascade in Pakistan: Report,newspaperArticle,newspaper,
EWB,2017,India to skip Belt and Road Forum in China: Report,newspaperArticle,newspaper,
PTI,2017,"China ropes in US, Japan for silk road summit, India yet to confirm participation",newspaperArticle,newspaper,
Akhlaqi,2017,Afghanistan: Transit hub for the region,newspaperArticle,WorldFocus,
Ashraf,2017,Casa-1000 formally inaugurated,newspaperArticle,WorldFocus,
Rasmussen,2017,Russia accused of supplying Taliban as power shifts create strange bedfellows,newspaperArticle,taliban2,
India TV,2017,"Mika Singh urges fans to celebrate Independence Day of India and 'Apna Pakistan', Twitter fumes",newspaperArticle,southasia,
BBCNews,2017,اتن اور پشتون طلبا کا منفرد احتجاج,newspaperArticle,pakistan,
PTI,2018,India gets cheapest LNG as Russia’s Gazprom begins supplies,newspaperArticle,russiapipelines,
Murad,2018,I was an Isis sex slave. I tell my story because it is the best weapon I have | Nadia Murad,newspaperArticle,isis,
,2018,"Afghan Shi'ite militia battles Taliban, raising sectarian fears",newspaperArticle,taliban,
Lubell,2018,Cash or custody: Israel kicks off deportation of African migrants,newspaperArticle,socialmedia,
Abed,2018,Taliban Pummel Security Forces Across Afghanistan,newspaperArticle,taliban,
Nordland,2018,"Taliban Slaughter Elite Afghan Troops, and a ‘Safe’ District Is Falling",newspaperArticle,taliban,
,2018,Dozens killed in Afghanistan fighting as sectarian threat grows,newspaperArticle,taliban,
Millward,2018,Opinion | Is China a Colonial Power?,newspaperArticle,OBOR_train,
Mashal,2018,C.I.A.’s Afghan Forces Leave a Trail of Abuse and Anger,newspaperArticle,taliban,
editor,2018,Germany and Russia gas links: Trump is not only one to ask questions,newspaperArticle,russiapipelines,
Times of Islamabad,2018,Afghan Taliban put forward stern demands in Russia for peace talks on Afghanistan war,newspaperArticle,taliban,
,2018,"Who Is Joel Zamel, the Australian-Israeli Linked to Mueller’s Trump Probe?",newspaperArticle,twittergeopolitics2b,
The Economic Times,2019,India signs pact expressing interest in taking stake in Far East Russian oilfields,newspaperArticle,centralAsia,
Paris,2019,Shipping Companies Banking on Gas Carriers as LNG Demand Grows,newspaperArticle,centralAsia,
PTI,2019,"Gibraltar releases Iranian tanker, Indian crew despite US claim on vessel",newspaperArticle,centralAsia,
ANI,2019,First India-Central Asia Dialogue to be held in Uzbekistan,newspaperArticle,centralAsia,
,2019,Afghan election: Tense wait after day of attacks,newspaperArticle,taliban,
ANI,2019,Pakistan High Commissioner to India Mahmood lays traditional Chaddar at Dargah Ajmer Sharif,newspaperArticle,dargah_sharif,
PTI,2019,"India, other countries must fight terrorists in Afghanistan, says Donald Trump",newspaperArticle,taliban,
Mashal,2019,"Once Jailed in Guantánamo, 5 Taliban Now Face U.S. at Peace Talks",newspaperArticle,taliban,
,2019,Afghan Taliban reject talks with U.S. in Pakistan,newspaperArticle,taliban,
,2019,Deadly Taliban attack on Afghan compound,newspaperArticle,taliban,
Golubkova,2019,Bids to destroy WTO or lower its role counter-productive: Putin,newspaperArticle,callforpapers,
Sydney,2019,New Zealand is first Five Eyes country to join China’s Belt and Road project,newspaperArticle,BRI-EEU,
,2019,China Calls for U.S. and European Companies to Join Belt and Road,newspaperArticle,BRI-EEU,
Tolo News,2019,Taliban Wants To Take Over Afghanistan: Ex-Pentagon Chief,newspaperArticle,taliban,
,2019,"Russia, U.S., China aim to cajole Taliban into inter-Afghan talks",newspaperArticle,newspaper,
Koofi,2019,Opinion | The Afghan Taliban Stage a Comeback,newspaperArticle,taliban,
,2019,Taliban appoints new political leader to join U.S.-Taliban peace talks,newspaperArticle,taliban,
Yousafzai,2019,The Taliban Are Counting the Days Until Trump’s Afghan Pullout,newspaperArticle,taliban,
Graham-Harrison,2019,US-Taliban talks offer glimmer of hope on path to Afghan peace,newspaperArticle,taliban,
Haas,2019,"John Wray: ‘I don’t judge people who are passionate about political struggle, even to the point of taking up weapons'",newspaperArticle,taliban,
Abed,2019,Our Dreams of Peace: Envisioning an End to War in Afghanistan,newspaperArticle,taliban,
,2019,U.S. peace envoy Khalilzad heads to Afghanistan after 'significant...,newspaperArticle,taliban,
,2019,U.S peace envoy visits Kabul to consult president on talks with...,newspaperArticle,taliban,
Mashal,2019,"U.S. and Taliban Agree in Principle to Peace Framework, Envoy Says",newspaperArticle,taliban,
,2019,Is Afghanistan's 17-year war coming to an end?,newspaperArticle,taliban,
Afp,2019,Italy signs new ‘Silk Road’ protocol with China,newspaperArticle,BRI-EEU,
Graham-Harrison,2019,"Fugitive Taliban leader lived short walk from US base, book reveals",newspaperArticle,taliban,
Sediqi,2019,Afghan forces clash with Taliban to hold military base,newspaperArticle,taliban,
Faizi,2019,700 Afghan Women Have a Message: Don’t Sell Us Out to the Taliban,newspaperArticle,taliban,
Mashal,2019,Taliban Deputy Chief Arrives in Qatar for Talks With U.S.,newspaperArticle,taliban,
,2019,US peace envoy meets Taliban co-founder,newspaperArticle,taliban,
Reuters,2019,New EU Rules on Gas Pipelines Hamper Russia's Nord Stream 2,newspaperArticle,russiapipelines,
Dan,2019,Chinese threat to Germany on Huawei a hoax: experts - Global Times,newspaperArticle,BRI-EEU,
This Day (Nigeria),2019,"Facebook, Twitter in India-Pakistan Information war",newspaperArticle,southasia,
Birmingham Mail,2019,Social media pleas in bid to avoid war; INDIA-PAKISTAN TENSIONS RISE,newspaperArticle,southasia,
Horowitz,2019,A Forgotten Italian Port Could Become a Chinese Gateway to Europe,newspaperArticle,GreatPowers,
Soldatkin,2019,Russia says ready to be guarantor for any Afghan peace deal between U.S. and Taliban,newspaperArticle,taliban2,
PTI,2019,A timeline of major attacks on security forces in Jammu and Kashmir,newspaperArticle,southasia,
PTI,2019,"US deadline ends, India stops purchasing Iranian oil - The Economic Times",newspaperArticle,russiapipelines,
PTI,2019,"Kudankulam nuclear plant is safe, India tells Russia",newspaperArticle,russiapipelines,
,2019,Draft framework for Afghan peace 'agreed',newspaperArticle,taliban,
,2019,EU gas pipeline rules could slow Russia's Nord Stream 2,newspaperArticle,russiapipelines,
Hashimova,2020,Uzbek Parliament Approves EAEU Observer Status,newspaperArticle,centralAsia,
Abbasova,2020,Indian Envoy To Russia Says Countries Could Build Nuclear Power Plants In Africa & Middle East,newspaperArticle,centralAsia,
Yousufzai,2020,Pakistan approves structure for $2b North-South Gas Pipeline,newspaperArticle,centralAsia,
Farmer,2020,'I was right like hell': former Afghan president Hamid Karzai says peace deal vindicates talking to the Taliban,newspaperArticle,taliban2,
Chulov,2020,Trump vows to hit 52 sites 'very hard' if Iran retaliates over Suleimani killing,newspaperArticle,iran,
,2020,افغان سیاستوال: ګډ حکومت دې جوړ شي، د ټاکنو د پایلو اعلان د اساسي قانون خلاف دی,newspaperArticle,taliban2,
Haqqani,2020,"Opinion | What We, the Taliban, Want",newspaperArticle,taliban2,
,2020,Pompeo takes veiled swipe at China on final leg of Africa trip,newspaperArticle,Geopolitics,
Stevenson,2020,China Expels 3 Wall Street Journal Reporters as Media Relations Sour,newspaperArticle,Geopolitics,
Purnell,2020,Pakistan Approves Broad New Restrictions Over Social Media,newspaperArticle,socialmedia,
Mashal,2020,"Trump Gives Conditional Go Ahead on Peace Deal With Taliban, Officials Say",newspaperArticle,taliban2,
Donati,2020,Taliban-Led Attacks in Afghanistan Hit 10-Year High,newspaperArticle,taliban2,
Safi,2020,US confirms jet crashed in Afghanistan – but disputes it was downed,newspaperArticle,taliban2,
Kermani,2020,"Kabul Taliban: Spies, militants and a mysterious assassination",newspaperArticle,taliban2,
Choudhary,2020,Uranium-rich Uzbekistan preparing to set up its first nuclear plant,newspaperArticle,russiapipelines,
Monbiot,2020,Population panic lets rich people off the hook for the climate crisis they are fuelling,newspaperArticle,environment,Climate crisis; Climate science; David Attenborough; Environment; Inequality; Jane Goodall; Population; Poverty; UK news
bbc.com,2021,Afghanistan's Taliban ban long-distance road trips for solo women,newspaperArticle,taliban_twitter,
Vohra,2021,Taliban order beheading of shop mannequins,newspaperArticle,taliban_twitter,
Reuters,2021,"Unfreeze Afghan assets abroad, neighbour Uzbekistan says",newspaperArticle,taliban_twitter,
Latifi,2021,Hamid Karzai says U.S.-Afghan relationship ‘has been at a low point for a long time’,newspaperArticle,,
,2021,Taliban capture key Afghanistan border crossings,newspaperArticle,taliban2,
TOI,2021,"Genuine ‘double peace’ must for Afghanistan stability, says Jaishankar | India News - Times of India",newspaperArticle,Afghanistan,
PTI,2021,Time for India and Pak to bury the past and move forward: Gen Bajwa,newspaperArticle,GreatPowers,
Biswas,2021,'Electoral autocracy': The downgrading of India's democracy,newspaperArticle,southasia,
Kumar,2021,"Pandemic pushes 32 million Indians out of middle class, says Pew Research",newspaperArticle,southasia,
Ap,2021,Blinken offers plan to bolster Afghan peace process: Report,newspaperArticle,Afghanistan,
BBCNews,2021,China overtakes US as EU's biggest trading partner,newspaperArticle,environment,
Reuters,2022,"Europe will need Nord Stream 2 gas pipeline one day, Kremlin says",newspaperArticle,russiapipelines,
,2022,Ukraine crisis: Who is buying Russian oil and gas?,newspaperArticle,environment,
Reuters,2023,"Russia boosting combat readiness of its central Asia bases to counter US, defence minister says",newspaperArticle,CPEC,
Rahmati,2025,Pakistan and Uzbekistan discuss Trilateral Railway Project with Afghanistan,newspaperArticle,Afghanistan,
Huaxia,2025,"Afghanistan signs contract for survey, design of new railway project",newspaperArticle,Afghanistan,
,,Hamid Karzai says U.S.-Afghan relationship ‘has been at a low point for a long time’,newspaperArticle,taliban2,
Yawar,2024,Examining the Position of Afghanistan in the New Plan of China's Belt and Road Initiative (With Emphasis on Media Strategies),preprint,Afghanistan,Afghanistan; Belt and Road Initiative; China; Foreign Media
Mitchell,2002,Renewing energy security,report,WorldFocus,
Shearing,2006,Reflections on the Refusal to Acknowledge Private Governments,report,peacebuilding,
Smith,2009,Community-Based Dispute Resolution Processes in Nangarhar Province,report,taliban2,
Bijlert,2009,How to Win an Afghan Election,report,afghan_elections,
Sharma,2009,India in Central Asia,report,WorldFocus,
Bouët,2010,Is SAFTA Trade Creating or Trade Diverting?,report,southasia,
Tadjbakhsh,2011,South Asia and Afghanistan: the robust India-Pakistan rivalry,report,southasia,
ADB,2012,"Turkmenistan–Afghanistan–Pakistan–India Natural Gas Pipeline Project, Phase 3",report,WorldFocus,
Laruelle,2013,The Afghanistan-Central Asia relationship: What role for the EU?,report,taliban2,
Koepke,2013,Iran's policy on Afghanistan: the evolution of strategic pragmatism,report,Afghanistan,
EIU,2013,Higher Education in South Asia,report,environment,
Sadat,2015,TAPI and CASA-1000: Win-Win Trade between Central Asia and South Asia,report,WorldFocus,
Azuma,2015,Global Natural Gas Pivot to Asia,report,russiapipelines,
FAO,2015,Report of the South Asian Dialogue on the Right to Food,report,foodsecurity,
Kanaev,2016,Factory Asia and Asia-Pacific Economic Regionalism: The Connectivity Factor Revisited,report,economicglobalism,
Greiger,2016,"One Belt, One Road (OBOR): China's regional integration initiative - Think Tank",report,OBOR_train,
"Finance Division, Govt. of Pakistan",2017,"Pakistan Economic Survey, 2016-17",report,southasia,
Radcliffe,2018,Social Media in the Middle East: The Story of 2017,report,twitteropoliics,
IEA,2020,Key World Energy Statistics 2020,report,oilrussiachina,
Asian Development Bank,2020,CAREC Transport Strategy 2030:,report,Afghanistan,
UNEP,2021,UNEP Production Gap Report,report,energy_statistics,
Enerdata,2021,Global Energy Trends 2021,report,energy_statistics,
The World Bank,2021,Afghanistan Development Update,report,Afghanistan,
IPCC,2021,Regional Factsheet- Asia,report,environment,
OPEC,2022,OPEC Annual Report 2021,report,energy_statistics,
Mansfield,2022,Changing the Rules of the Game: How the Taliban Regulated Cross-Border Trade and Upended Afghanistan’s Political Economy,report,Afghanistan,
NSP,2022,National Security Policy of Pakistan 2022-2026,report,pakgeoecnomics,
IPCC,2022,Asia,report,environment,
IPCC,2022,Asia,report,,
SIGAR,2023,"October 30, 2023 Quarterly Report to Congress",report,Afghanistan,
Mansfield,2024,Nimroz and Samangan: A comparative case study of shifts in Afghanistan’s political economy since the Taliban takeover,report,taliban_twitter,
EUAA,2024,Country of origin information report: Pakistan : country focus.,report,pakistan,
DFAT,2025,country-information-report-pakistan,report,pakistan,
ecoi.net,2025,2025_05_Pakistan_Pashtun_Tahafuz_Movement,report,pakistan,
Isacson,2020,"Climate Change, Securitization and Greta Thunberg",thesis,climate_change,
Climate One,2017,Jane Goodall Discusses Over Population,videoRecording,,
Pilger,2020,The Coming War on China - True Story Documentary Channel,videoRecording,realism,
Maheshwari,0000,'Retrogressive Thinking is Danger for Pakistan': Islamabad Slams Taliban's New Restrictions on Women,webpage,taliban_twitter,
Dawn.com,0000,"At SCO virtual summit, PM says terrorism should be condemned in unambiguous terms",webpage,BRI-EEU,
Carpenter,2002,How Washington Funded the Taliban,webpage,taliban,
Arceneaux,2005,Transforming Latin America : The International And Domestic Origins Of Change,webpage,securitycomplex,
,2006,Central Asian States Establish Nuclear-Weapon-Free-Zone Despite US Opposition,webpage,uzbekistan,
RFE/RFL,2007,U.S. Says Dozens Of Taliban Killed In Herat,webpage,taliban2,
Jiping,2010,China's Natural Gas Demand and CNPC's Natural Gas Business Strategy,webpage,oilrussiachina,
Council on Foreign Relations.,2010,U.S. strategy for Pakistan and Afghanistan,webpage,,
Parashar,2011,Kudankulum N-plant: Moscow sees rivals' hand in stir | India News - Times of India,webpage,russiapipelines,
Lieberthal,2011,The American Pivot to Asia,webpage,BRI-EEU,
Develi,2012,Energy economics,webpage,russiapipelines,
Dahiya,2012,"Zardari offers prayers at Dargah Sharif, announces $1 mn donation",webpage,dargah_sharif,
Asian Development Bank,2012,Public Private Partnerships Key to Meeting Asia's $8 Trillion Infrastructure Needs - Study,webpage,OBOR_train,
Sudakov,2012,Russia to return to Afghanistan after US occupation,webpage,newspaper,
Tribune.com.pk,2012,US should target Taliban leaders settled in Pakistan rather than al Qaeda: Jack Keane,webpage,taliban2,
,2012,Time to Target Insurgents in Pakistan,webpage,taliban2,
Cook,2012,"Afghanistan A War Doomed by the Coalition's Strategies, Policies and Political Correctness.",webpage,,
Aoun,2012,"Religious movements, militancy, and conflict in South Asia : cases from India, Pakistan, and Afghanistan",webpage,,
Aoun,2012,"Religious movements, militancy, and conflict in South Asia : cases from India, Pakistan, and Afghanistan",webpage,,
Hasrat-Nazimi,2012,Heart of Asia,webpage,Afghanistan,
Li,2013,China-neighboring Asian countries relations : review and analysis,webpage,securitycomplex,
,2013,China-Trinidad and Tobago: a closer embrace,webpage,oilrussiachina,
Konarovsky,2014,Afghanistan’s Close Call.,webpage,newspaper,
Leaf,2014,"China’s Charm Offensive: A Temporary, Tactical Change",webpage,eurasiain17thcentury,
World Bank,2014,"Energy imports, net (% of energy use) - South Asia",webpage,environment,
Putz,2015,India Inks New Nuclear Deal with Kazakhstan,webpage,centralAsia,
PTI,2015,India rejects Kazakhstan\'s offer for Abai oil field,webpage,centralAsia,
Reuters Staff,2015,"Turkmenistan starts work on gas link to Afghanistan, Pakistan, India",webpage,WorldFocus,
Amir,2015,"Calling CPEC, China-Punjab Economic Corridor is not a mistake",webpage,CPEC,
,2015,New Dutch/China train line brings 226 million cups of coffee,webpage,OBOR_train,
,2015,China's Silk Road strategy takes shape in Khorgos,webpage,OBOR_train,
GBTimes.com,2015,"New cargo train service between China, Europe opens",webpage,OBOR_train,
,2015,Putin warns of spillover from Afghanistan fighting,webpage,OBOR_train,
,2015,Uzbekistan Becomes HEU–Free Following Shipment of Fuel to Russia,webpage,uzbekistan,
,2015,Full text of the Minsk agreement,webpage,Mackinder,
Jha,2016,India’s Connect Central Asia Policy,webpage,centralAsia,
Talukdar,2016,Ajmer dargah head's jab at Pak,webpage,dargah_sharif,
,2016,Why the New Silk Roads Terrify Washington,webpage,BRI-EEU,
Khattak,2016,Govt continues to face criticism over CPEC,webpage,CPEC,
Zaidi,2016,China-Pakistan Economic Corridor: the new game changer in Pakistan - The Hindu,webpage,CPEC,
Emily,2016,The Missing Half of Pakistan’s Fight Against Terrorism,webpage,taliban2,
EST,2017,How ISIS got weapons from U.S. and used them to take Iraq and Syria,webpage,Geopolitics,
Diplomat,2017,Linking Afghanistan to China's Belt and Road,webpage,BRI-EEU,
Wu,2017,Shared Agronomic Information Community for the Belt and Road Initiative,webpage,CPEC,
,2017,"Sovereignty, honour of nation important, says RSS on India boycotting OBOR",webpage,economicglobalism,
Yan,2017,"Beijing's plan to invest billions abroad helps Chinese companies, says firm's chairman",webpage,economicglobalism,
DWNews,2017,First freight train linking UK with China arrives in Yiwu | News | DW | 29.04.2017,webpage,OBOR_train,
Jianguo,2017,How China will impact the world economy in 2017,webpage,economicglobalism,
Al Jazeera News,2017,UN Jerusalem resolution: How each country voted,webpage,socialmedia,
,2017,Pakistan is running out of water,webpage,southasia,
Repnikova,2017,The Chinese are not coming to take over the Russian Far East,webpage,BRI-EEU,
,2017,United States and Uzbekistan Cooperate to Counter Nuclear Smuggling,webpage,uzbekistan,
,2017,"China runs 5,000 cargo trains on New Silk Road to Europe",webpage,BRI-EEU,
,2017,Gen. Keane: Russia Moving Arms Through Iran to Taliban in Afghanistan,webpage,taliban2,
Barfield,2017,Afghanistan : a cultural and political history,webpage,,
Pennington,2017,Jane Goodall in conversation with Jeff Horowitz and Greg Dalton,webpage,environment,
Narkevsky,2018,Газовый рынок Южной Азии: время наступать,webpage,centralAsia,
Wasif,2018,India yet to issue visas to Pakistanis for Urs at Ajmer Sharif,webpage,dargah_sharif,
Tehrantimes,2018,"Pakistan, China, Afghanistan hold second trilateral dialogue in Kabul",webpage,SCO,
,2018,China's Belt & Road Aspirations Press On Amid US Trade Disputes,webpage,BRI-EEU,
,2018,"US Firms Are Keen to Participate in Belt and Road Projects, China Says",webpage,BRI-EEU,
,2018,China Sees Nearly 60% Surge in Foreign Direct Investment From Belt and Road Countries,webpage,BRI-EEU,
,2018,"China, Oman Sign MOU to Co-Construct Belt and Road",webpage,BRI-EEU,
,2018,"Taliban, Pakistani military mourn death of extremist cleric | FDD's Long War Journal",webpage,taliban,
Irfan,2018,3 big takeaways from the major new US climate report,webpage,wordpress_blog,
,2018,"India, Pakistan, Nepal. Geopolitical Rivalries in South Asia",webpage,wordpress_blog,
,2018,U.S. envoy holds talks with Taliban,webpage,taliban,
Hussain,2018,The ‘Moscow format’,webpage,taliban,
,2018,Afghanistan peace conference was all about Russia,webpage,taliban,
,2018,Russian links with Taliban is good for America,webpage,taliban,
,2018,Taliban Attacks on Hazara Communities Raise Fear of Mass Atrocities,webpage,taliban,
,2018,Saudi top official due in Pakistan for establishing one of the largest oil refinery in Pakistan,webpage,CPEC,
,2018,Saudi Arabia and China $12 billion assistance has taken Pakistan out of balance of payment crisis,webpage,CPEC,
Feigenbaum,2018,Reluctant Stakeholder: Why China’s Highly Strategic Brand of Revisionism is More Challenging Than Washington Thinks,webpage,OBOR_train,
Gross,2018,"After 16 Years, Afghanistan War Is 'At Best A Grinding Stalemate,' Journalist Says",webpage,socialmedia,
MacDonald,2018,Your guide to top anti-Russia think tanks in US & who funds them,webpage,socialmedia,
Babones,2018,Modi At Davos: 'Today We Believe In A Multicultural World And A Multipolar World Order',webpage,securitystdies; socialmedia,
,2018,حمله طالبان بر جمعیت غیر نظامی در ارزگان,webpage,taliban,
ANI,2018,Belt and Road rethink in Southeast Asia: Will India change its mind? | India News,webpage,BRI-EEU,
Yan Ling,2018,"Inclusiveness, more local partners key to better perceptions of Belt and Road Initiative: Editors",webpage,BRI-EEU,
,2018,Botched railway in Africa a warning to belt and road investors,webpage,BRI-EEU,
Carey,2018,Daniel Andrews releases details of Belt and Road agreement with China,webpage,BRI-EEU,
,2018,China vows to make Africa a UN Security Council priority,webpage,BRI-EEU,
Kara,2018,"China runs 11,000 ‘Silk Road’ trains to Europe",webpage,BRI-EEU,
News,2018,Afghan official: Taliban kill 20 security forces in Ghazni,webpage,taliban,
,2018,Afghan Peace Talks – A Political Jigsaw Puzzle,webpage,taliban,
,2018,Turkmenistan to build mosque in Afghanistan,webpage,taliban,
Saki,2018,"Belt and Road Initiative: Contribution by all, benefits for all",webpage,OBOR_train,
,2018,Moscow talks opportunity to “open a new page” in Afghanistan’s history,webpage,taliban,
Bloomberg,2018,"Asia’s infrastructure funds look to India for returns, not China’s Belt-and-Road",webpage,OBOR_train,
Satistica,2018,Twitter: number of active users 2010-2017,webpage,twitteropoliics,
,2018,"Putin, Mirziyoyev launch project for Uzbekistan's first nuclear plant",webpage,uzbekistan,
Xinhuanet,2018,"Commentary: The ""Shanghai Spirit"" shows its strength",webpage,SCO,
,2018,"China-Europe freight trains celebrate 10,000th trip",webpage,BRI-EEU,
Suokas,2018,"China runs 11,000 ‘Silk Road’ trains to Europe | gbtimes.com",webpage,BRI-EEU,
Putz,2018,Can Russia and China 'Synergize' the Eurasian Economic Union and the Belt and Road Initiative?,webpage,BRI-EEU,
Staedter,2018,Why Russia Is Building Its Own Internet,webpage,russiapipelines,
,2018,Latin America’s Renewable Riches,webpage,oilrussiachina,
,2018,‘New chapter’ as work starts on Afghan leg of TAPI pipeline,webpage,Afghanistan,
,2018,US military continues to spin a Taliban victory against Islamic State as its own | FDD's Long War Journal,webpage,taliban,
Iqbal,2018,US offers safety and job security to Taliban,webpage,taliban,
,2018,WTH? Pentagon Plan Offers Safety and Jobs to Taliban in Afghanistan in Peace Deal,webpage,taliban,
,2018,'Caballos de Troya' de China en Europa del Este: qué hay detrás de sus inversiones,webpage,GreatPowers,
,2018,Israel declares it is above the law,webpage,Geopolitics,
Luongo,2018,Pipeline Wars: Realpolitik meets Geography,webpage,russiapipelines,
PTI,2019,Mundra LNG Project: Mundra LNG terminal to be commissioned by December,webpage,russiapipelines,
PTI,2019,Govt signs long-term contract with Uzbek for uranium supply,webpage,centralAsia,
Narkevsky,2019,Нефтегазовые надежды Пакистана,webpage,centralAsia,
PTI,2019,Russia plans to invest $14 billion in Pakistan's energy sector - ET EnergyWorld,webpage,centralAsia,
Khan,2019,Pakistan signs $10 bn gas pipeline agreement with Russia,webpage,centralAsia,
AlJazeera.Com,2019,India says Iran frees 9 crew from seized Panama-flagged tanker,webpage,centralAsia,
MEA.Gov.In,2019,Press Statement by EAM after First India-Central Asia Dialogue,webpage,centralAsia,
Paul,2019,Indians choose Kazakhstan as wedding destination,webpage,centralAsia,
Statistica.com,2019,Number of monthly active Twitter users worldwide from 1st quarter 2010 to 1st quarter 2019,webpage,Geopolitics,
TOLO News,2019,Ghani Dissolves High Peace Council’s Secretariat,webpage,afghan_elections,
,2019,Taliban say new intra-Afghan peace talks to be held in China,webpage,taliban,
Xinhua,2019,"Uzbekistan, Afghanistan sign 10-year electricity supply contract",webpage,CICA,
Hussain,2019,India refuses to issue visas to Pakistanis to attend Urs of Khawaja Moinuddin Chishti in Ajmer Sharif,webpage,dargah_sharif,
Uniindia.com,2019,Pak envoy Sohail Mahmood lays Chaddar at Dargah Ajmer Sharif,webpage,dargah_sharif,
ANI,2019,India denied issuing visas for pilgrims visiting Ajmer Sharif Dargah: Pak Minister,webpage,dargah_sharif,
Khan,2019,"Pakistan-Afghanistan-China trilateral trade to boost economy, promote peace and stability - ChinaKnowledge",webpage,SCO,
Tehrantimes,2019,China to form ‘contact group’ on Afghanistan,webpage,SCO,
Outlookafghanistan.net,2019,Jihadi Figures Urge ‘Good Peace Deal’ to Avoid Crisis,webpage,taliban,
,2019,Scuttling intra-Afghan talks to be the greatest mistake by Afghanistan,webpage,taliban,
Hille,2019,Maldives seeks to renegotiate with China over Belt and Road debt,webpage,BRI-EEU,
,2019,US Nears Deal With Taliban to End 17-Year Afghanistan War,webpage,taliban,
,2019,US should leave Afghanistan as friends of the region — DG ISPR,webpage,taliban,
The Japan News,2019,"Italy calls off 5G rules limiting Huawei, ZTE",webpage,callforpapers,
RT.Com,2019,China’s new Silk Road trade expands to over $600 billion in first half of 2019,webpage,callforpapers,
UNCTADstat,2019,UNCTAD Statistics,webpage,SCO,
Barker,2019,G20: China’s Xi says rich countries ‘destroying’ trade system,webpage,GreatPowers,
Xinhuanet,2019,China unveils 600 kph maglev train prototype,webpage,transportgeography,
,2019,First Commerce Department Certified U.S. Trade Mission visits Uzbekistan,webpage,uzbekistan,
,2019,INSTC Countries Meet in Tehran to Survey Mega Project's Progress,webpage,transportgeography,
,2019,"Putin Delivers Ringing Endorsement of the Belt & Road Initiative, Saying It 'Has a Very Bright Future'",webpage,BRI-EEU,
Needham,2019,Data doesn't support Belt and Road debt trap claims,webpage,BRI-EEU,
,2019,German opposition to Italy’s belt and road deal with China ‘unfair’,webpage,BRI-EEU,
hermesauto,2019,China calls for US and European companies to join Belt and Road,webpage,BRI-EEU,
Noack,2019,Australia’s ‘egg boy’ says he ‘united people.’ Scientists may have cracked why.,webpage,socialmedia,
,2019,US Handing Afghanistan Back to a Terrorist Group: New US-Taliban Deal Called a Bad Bargain,webpage,taliban,
,2019,Peace in Afghanistan? The Taliban’s Moscow Travels Have Turned Them into Seasoned Diplomats,webpage,taliban,
Goudsouzian,2019,Who talks with Afghanistan?,webpage,taliban,
,2019,"Govt, politicians in Afghanistan on the warpath over talks with Taliban",webpage,taliban,
January 30,2019,"Afghan women should be at the table in U.S.-Taliban peace talks, says MP | CBC Radio",webpage,taliban,
,2019,"Afghans hope for peace but fear bloodshed as US, Taliban talk",webpage,taliban,
Gannon,2019,Taliban say they are not looking to rule Afghanistan alone,webpage,taliban,
Press,2019,Peace with the Taliban? Trump warned of Afghan pullout risks,webpage,taliban,
,2019,نامه‌ای به خلیلزاد: بیم‌ها و امیدهای صلح افغانستان,webpage,taliban,
,2019,بی‌رحمی طالبان به افغان‌ها: جنگ با افغانستان و گفت‌وگو با امریکا,webpage,taliban,
,2019,"After US troops withdrawal, Islamic system to be established in Afghanistan: Afghan Taliban",webpage,taliban,
Khaama Press,2019,"Khalilzad to host Russian, Chinese, and EU envoys for talks on Afghanistan",webpage,taliban,
Xinhua,2019,Chinese envoy criticizes 'prejudice' against BRI at UNSC,webpage,BRI-EEU,
Lederer,2019,US and China clash over 'belt and road' in Afghan resolution,webpage,BRI-EEU,
HT,2019,"Afghan defence minister says Jaish, Taliban behind attack on Afghanistan military base",webpage,taliban,
,2019,Analysis: US military downplays district control as Taliban gains ground in Afghanistan | FDD's Long War Journal,webpage,taliban,
,2019,German banks manoeuvre in Washington to temper Russia sanction risk,webpage,russiapipelines,
Novinar,2019,EU Adopts Tighter Regulation on Russia’s Nord Stream 2 Project,webpage,russiapipelines,
Asatryan,2019,Afghanistan at a Crossroads and Russia's Interests,webpage,taliban2,
Radio Mashaal,2019,Afghanistan Protests Pakistan Invitation To Taliban,webpage,peacebuilding,
Kakar,2019,Afghan Taliban Successfully Mediate Tribal Feud In Southwest Pakistan,webpage,peacebuilding,
,2019,"Afghanistan endgame: Pakistan has done it's job, says Pakistan Army Spokesperson",webpage,taliban,
Lo,2019,Mahathir backs belt and road but insists on open trade routes,webpage,OBOR_train,
Xinhua,2019,"RCEP crucial to China, ASEAN economic integration: Philippine finance chief",webpage,southasia,
Gannon,2019,Afghanistan’s Karzai says American cash fed corruption,webpage,Afghanistan,
PTI,2019,"Pak PM seeks actionable proof, warns against any rash move",webpage,securitycomplex,
PTI,2019,"Pulwama Attack ""Horrible"", Says Trump, Urging India, Pak To ""Get Along""",webpage,southasia,
Al Jazeera News,2019,India vs Pakistan: Military strength and arsenal,webpage,southasia,
World Bank,2019,"Military expenditure (% of GDP) - Pakistan, India, Bangladesh",webpage,southasia,
Times of India,2019,Ceasefire violations by Pak in J&K at a 5-yr-high in 2019 - Times of India,webpage,southasia,
Walden,2019,'Like an episode of Utopia': What is the Blue Dot Network?,webpage,GreatPowers,
,2019,Why China’s belt and road loans may not be the feared debt trap,webpage,GreatPowers,
,2019,La oportunidad europea de 'Belt and Road': es posible llevar camiones a China en 12 días,webpage,GreatPowers,
,2019,"China’s Maritime ‘One Belt, One Road’ Initiative Under Scrutiny for Threats to US Security",webpage,GreatPowers,
Dastageer,2019,Uncertainty Looms Over Taliban Talks,webpage,taliban2,
Ansar,2019,US-China Political Tensions Affect UN Afghan Mission’s Mandate,webpage,BRI-EEU,
The New Indian Express,2019,"China to host rare meeting between Afghan government, Taliban",webpage,southasia,
PTI,2019,"US, Russia, China, Pakistan urge Taliban to agree for ceasefire, begin talks with Afghan govt",webpage,taliban2,
Times,2019,Russia Deploys S-300 Missile System Near Afghanistan for First Time,webpage,taliban2,
strana.ua,2019,A $50 Billion Dead End: Why the Silk Road From Europe to China Bypassed Ukraine • СТАЛКЕР/ZONE,webpage,OBOR_train,
,2019,Ismail Khan Skeptical On Peace Jirga’s Outcomes,webpage,taliban,
,2019,What explains Lindsey Graham’s change of heart on Pakistan and Afghanistan?,webpage,taliban,
Griffin,2019,"Russian Novatek signs MOUs with two Indian companies on LNG, gas | S&P Global Platts",webpage,russiapipelines,
Hamidzada,2019,Central Asia's growing role in building peace and regional connectivity with Afghanistan,webpage,,
FAO,2019,Strengthening food security and nutrition in South Asia,webpage,foodsecurity,
,2019,A movement in Pakistan is dubbed the Pashtun Spring,webpage,pakistan,
,2019,پشتون تحفظ موومنٹ کے لیے مہلت ختم، فوجی ترجمان,webpage,pakistan,
Syed,2019,"Foreign spy agencies fund PTM, says army",webpage,pakistan,
Siddiqui,2019,Firebranding the Frontier: The Women of the Pashtun Tahaffuz Movement,webpage,pakistan,
Savchuk,2020,Ukraine as a Safe Haven for Jihadists,webpage,taliban2,
Dinakar,2020,India’s ONGC adds to Burma’s Shwe gas investment,webpage,russiapipelines,
Cordell,2020,Explainer: What Happened to Oil Prices and What Does it Mean for Russia?,webpage,centralAsia,
Abdi,2020,"Nayara Energy to invest Rs 6,100 crore to set-up 450 KTPA polypropylene plant at Vadinar - ET EnergyWorld",webpage,centralAsia,
RT.Com,2020,"Thanks, Brussels! Now Poland can have its own gas pipeline at EU taxpayers’ expense",webpage,centralAsia,
UNCTADstat,2020,UNCTAD Data Center,webpage,centralAsia,
Twitter@realDonaldTrump,2020,"Donald J. Trump on Twitter: ""Cuomo wants “all states to be treated the same.” But all states aren’t the same. Some are being hit hard by the Chinese Virus, some are being hit practically not at all. New York is a very big “hotspot”, West Virginia has, thus far, zero cases. Andrew, keep politics out of it...."" / Twitter",webpage,Geopolitics,
BBCNews,2020,Afghan conflict: Taliban to resume attacking local forces after deal with US,webpage,taliban2,
TOLOnews.com,2020,US-Taliban Deal Has Secret Elements: Pompeo,webpage,taliban2,
Ansar,2020,Abdullah’s Office Finalizes List for Negotiating Team,webpage,taliban2,
,2020,Taliban say will resume operations against Afghanistan forces,webpage,taliban2,
Connelly,2020,John Bolton slams ‘Obama-style’ deal between US and Taliban,webpage,Afghanistan,
State.Gov,2020,Joint Declaration between the Islamic Republic of Afghanistan and the United States of America for Bringing Peace to Afghanistan,webpage,Afghanistan,
,2020,"Robert J. O'Neill on Twitter: ""If you think the Taliban are tired of fighting, you’ve never been to Afghanistan."" / Twitter",webpage,taliban2,
Frogh,2020,"If the Taliban regain power, I could lose everything",webpage,taliban2,
Lawrence,2020,US forces in Afghanistan strike ISIS during partial truce with Taliban,webpage,Afghanistan,
TOLO News,2020,"TOLOnews on Twitter: ""Chief Executive Abdullah Abdullah today has met with former president Hamid Karzai and former mujahideen leader Abdul Rab Rasoul Sayyaf and discussed the ""crisis after the election result and the way out,” Abdullah's office said. #Afghanistan https://t.co/MnF72MlY97"" / Twitter",webpage,afghan_elections,
Noor,2020,"Ata Mohammad Noor on Twitter: ""Met HE President @ashrafghani &amp; discussed the current situation, the ongoing peace talks &amp; the way forward. I emphasised on the formation of an inclusive govt. The president vowed that he is committed to forming an inclusive and broad govt. https://t.co/YHEUNnSjcF"" / Twitter",webpage,afghan_elections,
Ariana News,2020,Abdullah Abdullah to take oath of office: Stability and Convergence,webpage,Afghanistan,
,2020,UNAMA statement on announcements of reduced violence in Afghanistan,webpage,Afghanistan,
,2020,U.S. and Iran Increase Competition to Influence Afghanistan,webpage,Afghanistan,
Tribune.com.pk,2020,Afghan electoral crisis,webpage,Afghanistan,
,2020,The Jihadist Factor in Syria’s Idlib: A Conversation with Abu Muhammad al-Jolani,webpage,taliban2,
Siddique,2020,Afghan Peace Process To Be Tested In Bridging Society,webpage,taliban2,
Siddique,2020,Imminent Accord Includes ‘Safeguards’ For Afghan Peace Process,webpage,taliban2,
Browne,2020,Defense Secretary says start of reduction in violence period in Afghanistan 'is a moving date',webpage,taliban2,
1TV Afghanistan,2020,"US, Taliban to sign deal on February 29 after 7-day violence reduction: reports",webpage,taliban2,
1TV Afghanistan,2020,US Defense Secretary: Afghanistan will never again be home to international terrorists,webpage,taliban2,
1TV Afghanistan,2020,No possibility of uniting Afghanistan: Joe Biden,webpage,taliban2,
@sadat_hasina,2020,Great Achievement for Afghan Forces!,webpage,taliban2,
Ariana News,2020,Crackdown militants as US-Taliban peace talks go on,webpage,taliban2,
Agence France-Presse,2020,China accuses Pompeo of ‘slander’ over Xinjiang comments,webpage,centralAsia,
Khan,2020,Govt okays rules to regulate social media,webpage,Geopolitics,
RFE/RFL,2020,Pompeo Urges Kazakhstan to Press China Over Xinjiang Crackdown,webpage,centralAsia,
Associated Press,2020,"Pompeo Message in Europe, Central Asia Trip: Beware of China",webpage,centralAsia,
Kietlinska,2020,"Pompeo in Europe, Central Asia Trip, Promotes Fair Economic Cooperation, Warns of China’s High Risk Business Practices",webpage,Geopolitics,
Imamova,2020,"Pompeo, in Central Asia, Seeks to Counter China",webpage,centralAsia,
Lee,2020,"After NPR dust-up, Pompeo defends press freedom abroad",webpage,centralAsia,
Eurasianet,2020,US faces headwinds pushing Central Asian integration,webpage,centralAsia,
Chloe,2020,"Pompeo in Europe, Central Asia Trip, Promotes Fair Economic Cooperation, Warns of China’s High Risk Business Practices",webpage,centralAsia,
Lee,2020,"Pompeo message in Europe, Central Asia trip: Beware of China",webpage,centralAsia,
Gul,2020,Afghan Taliban Urges Pompeo to Refrain from 'Blame-shifting',webpage,taliban2,
TOL,2020,Around the Bloc - 5 February - Transitions Online,webpage,centralAsia,
Amiri,2020,Taliban Asks US to Clarify Stance: Sources,webpage,taliban2,
Siddique,2020,Former Spokesman’s Escape Highlights Pakistan’s Taliban Ties,webpage,taliban2,
George,2020,2 U.S. service members killed after coming under ‘direct fire’ in eastern Afghanistan,webpage,taliban2,
Lubold,2020,"U.S., Afghan Forces Come Under Fire in Eastern Afghanistan - WSJ",webpage,,
Browne,2020,Two US soldiers killed in Afghanistan attack identified,webpage,,
Graziosi,2020,Former US drone operator says American military is 'worse than the Nazis',webpage,taliban2,
LaPorta,2020,Exclusive: U.S. citizen kidnapped by Taliban group in Afghanistan,webpage,taliban2,
Middle East Monitor,2020,CIA chief ‘behind Soleimani’s assassination’ killed in downed plane in Afghanistan,webpage,taliban2,
Al Jazeera News,2020,"Record 7,423 US bombs dropped in Afghanistan in 2019: Report",webpage,taliban2,
Schuster,2020,Ret. General Jack Keane: Stay in Afghanistan,webpage,taliban2,
Budryk,2020,Pompeo: US wants 'demonstrable evidence' Taliban will reduce violence,webpage,taliban2,
Rahimi,2020,"Taliban an ""Umbrella of Intl. Terrorism"" in Afghanistan: MoI",webpage,taliban2,
Choudhary,2020,China-Pakistan Economic Corridor is illegal: India - The Economic Times,webpage,southasia,
IEA,2020,World Energy Balances,webpage,energy_statistics,
AFP,2020,Afghans mark start of week-long partial truce amid isolated attacks,webpage,Afghanistan,
Chulkov,2020,Куда смотрит Пакистан: интересы страны в Центральной Азии,webpage,centralAsia,
sheharyar,2020,PM signs letter seeking $4.8b for trilateral rail project,webpage,centralAsia,
OEC,2020,Refined Petroleum in India,webpage,energy_statistics,
Taieb,2021,"Afghanistan, Iran to Expand Economic, Political Ties",webpage,taliban_twitter,
NATO,2021,"Mission of Ukraine to the North Atlantic Treaty Organization - Ukraine's participation in Alliance-led operations, missions, NATO Response Force and exercises",webpage,taliban2,
OEC.World,2021,Uzbekistan (UZB) and Bangladesh (BGD) Trade,webpage,marina,
Tawfeeq,2021,Heavy clashes erupt between Taliban and anti-Taliban group in Afghanistan,webpage,taliban_twitter,
Gul,2021,"Pakistan PM Urges World to Support Taliban, Not Isolate It",webpage,taliban2,
cbsnews.com,2021,"Transcript: Michael Morell on ""Face the Nation,"" September 12, 2021",webpage,taliban_twitter,
AlJazeera.Com,2021,Taliban: ‘No one wants a civil war’ in Afghanistan,webpage,taliban2,
Dixon,2021,Why Afghanistan’s growing chaos alarms leaders from Tajikistan to Russia,webpage,taliban2,
Escobar,2021,Russia-China advance Asian roadmap for Afghanistan,webpage,taliban2,
Crawford,2021,Afghanistan: 'End this failed mission' says former Afghan president Hamid Karzai as he blames US and its allies for rise in terrorism,webpage,taliban2,
Keyue,2021,China to serve as ‘mediator’ for regional security on Afghan issue during Wang Yi’s visit to Central Asia - Global Times,webpage,taliban2,
Chaudhary,2021,Narendra Modi: PM Modi proposes emergency covid-19 fund for Saarc nations - The Economic Times,webpage,securitycomplex,
,2021,“Another Bonn-style conference”: A new plan to ‘fix’ the war and enable US troops to leave,webpage,Afghanistan,
TOLOnews.com,2021,Top US General: Afghans Need US Assistance to Combat Taliban,webpage,taliban2,
Torfeh,2021,Antony Blinken's neo-colonial letter to Afghanistan,webpage,Afghanistan,
migrationdataportal.org,2021,Migration data in Southern Asia,webpage,environment,
Kohari,2021,Clearing the air: India and Pakistan's battle to breathe,webpage,environment,
Zeeshan,2021,Could India join the Five Eyes?,webpage,twittergeopolitics2b,
Miller,2021,"The Quad, AUKUS, and India’s Dilemmas",webpage,BRI-EEU,
RT.Com,2022,"Cycle to 'annoy' Putin, Germans told",webpage,GreatPowers,
Laskar,2022,"Osama bin Laden’s son visited Afghanistan in Oct, held meetings with Taliban: UN report",webpage,taliban_twitter,
UN Comtrade,2022,UN Comtrade: International Trade Statistics,webpage,energy_statistics,
World Integrated Trading Solution,2022,WITS Country Metadata,webpage,energy_statistics,
Askew,2022,Fossil fuel emissions set to reach record high in 2022,webpage,environment,
Harper,2022,Is China reexporting Russian gas to Europe?,webpage,environment,
IQAIR,2022,Poor air quality from crop burning in India & Pakistan,webpage,environment,
John,2022,"Jane Goodall Says ""Global Issues Wouldn't Be A Problem If Human Population Was 94% Lower""  DAVOS WEF",webpage,environment,
WFP,2022,Afghanistan risks winter of famine after devastating year | World Food Programme,webpage,environment,
WFP,2022,"Food crisis in Sri Lanka likely to worsen amid poor agricultural production, price spikes and ongoing economic crisis, FAO and WFP warn | World Food Programme",webpage,environment,
SDGF,2022,From MDGs to SDGs,webpage,environment,
FIORC,2022,Five Eyes Intelligence Oversight and Review Council (FIORC),webpage,twittergeopolitics2b,
Al Jazeera News,2022,Former Trump adviser John Bolton admits to planning foreign coups,webpage,twittergeopolitics2b,
Burna-Asefi,2022,The Trans-Afghan Railway Line: Back on Track?,webpage,centralAsia,
Uza.uz,2023,Prospects for developing freight transportation along the Trans-Afghan corridor discussed in Tashkent,webpage,taliban_twitter,
Hakimi,2023,Iran Reaches Agreements With Afghanistan in Trade Development,webpage,taliban_twitter,
Twitter@AbdulRehman0292,2023,"(2) Abdul Rehman Najam on X: ""Pakistan, Afghanistan &amp; Uzbekistan will sign an agreement today to build 760KM railway line to connect Kurram to Termez ✅✅ Rail is the cheapest form of transport, freight costs will decline by 40%. Delivery times will also reduce by five days. Expected completion in 2027. https://t.co/X300VKSZr1"" / X",webpage,taliban_twitter,
Teslova,2023,Russian intelligence chief accuses US of training Daesh/ISIS in Syria for attacks in Russia,webpage,taliban2,
ANI,2023,"India supplied 47,500 MT of wheat to Afghanistan since Taliban's takeover",webpage,taliban2,
EoI. Gov.in,2023,India-Uzbekistan Relations,webpage,marina,
mea.gov.in,2023,New Delhi Declaration of the Council of Heads of State of Shanghai Cooperation Organization,webpage,BRI-EEU,
Ziwen,2023,China announces land link with Taliban-controlled Afghanistan,webpage,BRI-EEU,
,2023,"At SCO, India refuses to back China’s BRI: Why New Delhi continues to oppose mega project",webpage,BRI-EEU,
in.china-embassy.gov.cn,2023,Xi Jinping Holds Talks with President Shavkat Mirziyoyev of Uzbekistan,webpage,CPEC,
Omirgazy,2023,"Kazakhstan and China Sign 47 Agreements Worth $ 22 Billion, as Tokayev Outlines Key Areas for Partnership",webpage,CPEC,
Tan,2023,China's Xi pledges billions in loans to Central Asian nations,webpage,CPEC,
UNCTADstat,2023,Merchandise trade matrix,webpage,foodsecurity,
World Bank,2023,Combustible renewables and waste (% of total energy),webpage,southasia,
India News,2023,"Exclusive: On Camera, 2 AM Drilling At 'Sinking' Joshimath Despite Ban",webpage,environment,
Uza.uz,2024,Cooperation between Uzbekistan and Afghanistan develops,webpage,taliban_twitter,
Khidirov,2024,Trans-Afghan Railway: A key project for regional cooperation and infrastructure development in Central and South Asia,webpage,taliban_twitter,
Hakimi,2024,"Termez Trade Center Opens, Boosting Afghanistan-Central Asia Ties",webpage,taliban_twitter,
Amini,2024,$281M in Uzbekistan-Afghanistan Trade Reported for 1402,webpage,taliban_twitter,
Eurasianet,2024,Afghanistan reports sixfold increase in trade with Uzbekistan | Eurasianet,webpage,taliban_twitter,
Qooyash,2024,"35 Investment, Trade Agreements Signed Between Afghanistan, Uzbekistan",webpage,taliban_twitter,
Railway Gazette International,2024,Turkmenistan – Afghanistan rail link to be extended,webpage,taliban_twitter,
,2024,"Iran, Taliban Discuss ‘Joint Actions’ Against Israel",webpage,taliban2,
The Moscow Times,2024,"""The situation is favorable."" Taliban at the EEF called on Russian businesses to invest in Afghanistan",webpage,taliban2,
Faouzi,2024,Tajikistan Passes Bill to Ban Hijab Despite 98% Muslim Population,webpage,taliban2,
Deccan Herald,2024,"Russia now buying Indian stocks, govt securities, to address accumulation of rupees: Report",webpage,russiaindia,
Business Standard,2024,"Govt officials, Russian dy minister attend India-Russia investment forum",webpage,russiaindia,
SCO Secretariat,2024,The 10th RATS SCO International Science and Practical Conference and the 2nd CIS Conference on Combating Terrorism and Extremism,webpage,CPEC,
mfa_Pakistan,2024,Opening Remarks by the Prime Minister at Inauguration of the Ministerial Conference of Heart of Asia - Istanbul Process 09 December 2015,webpage,Afghanistan,
UzDaily,2024,Uzbekistan and UNODC discuss drug control and crime prevention in the region,webpage,taliban_twitter,
Soltani,2024,"Uzbekistan, Kyrgyzstan Urge Lifting Afghanistan From Isolation",webpage,taliban_twitter,
,2024,"UNODC Central Asia on X: ""Today, @oliverstolpe met with H.E. Ismatulla Irgashev, the Special Representative of the President of Uzbekistan for Afghanistan, to discuss a joint UNODC-Uzbekistan partnership to address illicit drugs and crime in the country and the region. https://t.co/OXCTO2yX1a"" / X",webpage,,
Hussain,2024,‘Climate diplomacy’: Can smog bring India and Pakistan together? | Environment News | Al Jazeera,webpage,taliban_twitter,
Pajhwok Monitor,2024,Iran walls off part of border with Afghanistan – Pajhwok Afghan News,webpage,taliban_twitter,
Associated Press,2024,"Attack on an Iranian police convoy kills at least 10 officers; no suspects have been identified, authorities say - CBS News",webpage,taliban_twitter,
Soltani,2024,Afghanistan to Send Delegation to Iran for Migrant Crisis Resolution,webpage,taliban_twitter,
Uza.uz,2024,"Without consolidation of efforts, it is impossible to achieve effective results",webpage,taliban_twitter,
Farivar,2024,Pakistan's banned PTM: A movement for Pashtun rights,webpage,pakistan,
Azizullah Khan,2024,پشتون قومی جرگہ یا ’ریاست مخالف سرگرمیاں‘: پی ٹی ایم پر حکومتی پابندی کی وجوہات کیا ہیں؟,webpage,pakistan,
,2024,"(1) Pashtun National Jirga (پښتون قامي جرګه/عدالت) on X: ""Do you see how ridiculous it is to declare #PTM a proscribed organisation? How can you ban millions of Pashtuns? PTM is the Pashtun people! PTM is the new awakening of Pashtuns. #PTMZindabad #PashtunNationalCourt11October https://t.co/5D7yd9hFGd"" / X",webpage,pakistan,
Donnellon-May,2025,China’s rail ambitions in Afghanistan may reshape Eurasia,webpage,CPEC,
,2025,"Russian, Uzbek Experts To Design Trans-Afghan Railway Project",webpage,Afghanistan,
Laan,2025,Kazakhstan may put half a billion dollars on the table for Afghan railway,webpage,Afghanistan,
Najam,2025,PTM: from advocacy to divisive politics,webpage,pakistan,
Noor,2025,Rinse and repeat,webpage,pakistan,
,,Azadi Newsletter Snippet for Regions-GR-1868,webpage,,
,,Iran Formalizes Ties with the Taliban | The Washington Institute,webpage,taliban2,
uz,,ITFC launches Trade Connect Central Asia+ program at third Tashkent International Investment Forum,webpage,taliban2,
uz,,Taliban strikes deal with Kazakhstan and Turkmenistan to build logistics hub in war-torn Afghanistan,webpage,taliban2,
uz,,"Turkmenistan, Taliban seal agreements for energy and transport projects",webpage,taliban2,
,,Bilateral   : India-Uzbekistan Relations,webpage,marina,
www.ETEnergyworld.com,,India plans to set up LNG terminal in Myanmar - ET EnergyWorld,webpage,russiapipelines,
,,JOHN PILGER: Another Hiroshima is coming unless we stop it now,webpage,realism,
,,U.S. Support for the New Silk Road,webpage,centralAsia,
,,Kazakhstan agrees to supply uranium to India - World Nuclear News,webpage,centralAsia,
,,Joint Statement on the outcome of the First meeting of the Foreign Ministers of Dialogue “India – Central Asia” with participation of Afghanistan,webpage,centralAsia,
,,India-Central Asia business council launched,webpage,centralAsia,
,,In the Shadow of the Belt and Road,webpage,centralAsia,
,,India Joins the Ashgabat Agreement,webpage,centralAsia,
,,"Afghanistan: Ghani signs decree to release 1,500 Taliban fighters",webpage,taliban2,
,,Esper: U.S. to start initial troop pullback from Afghanistan,webpage,taliban2,
,,"Trump Urges Afghans to ""Seize this Opportunity"" for Peace",webpage,afghan_elections,
,,"One Killed in Kabul Blast, Taliban Denies Involvement",webpage,afghan_elections,
,,"21 Soldiers, 9 Civilians Killed Since Start of RIV: Afghan Govt",webpage,afghan_elections,
,,Abdullah Bars Electoral Leaders from Leaving Afghanistan,webpage,afghan_elections,
,,"Wang Yu 王愚 on Twitter: ""Chinese Foreign Ministry Spokesperson：China noted that the Independent Election Commission announced President Ghani's victory. Afghanistan is our friendly neighbor. China respects the procedure of presidential election in Afghanistan, https://t.co/Z7ETwfKIfY"" / Twitter",webpage,afghan_elections,
,,"1TVNewsAF on Twitter: ""ولسمشر غني، نن له غرمې مخکې له استاد عبد رب الرسول سیاف او مخکیني ولسمشر حامد کرزي سره وکتل. ارګ په یوه اعلامیه کې ویلي چې په دې لیدنه کې د هیواد پر روان وضعیت او سولې بهیر باندې بحث شوی دی. https://t.co/RjaZ0RGrUI"" / Twitter",webpage,afghan_elections,
,,"Hekmatyar Warns against Attempts to Harm Peace, Urges Consensus",webpage,Afghanistan,
,,8 Taliban Clashes Reported on First Day of Reduced Violence Pact,webpage,taliban2,
,,The Afghan President (To Be) Who Lived A Secret Life In A Czechoslovak Forest,webpage,Afghanistan,
,,Reorganisation of J&K internal affair: India slams China over Kashmir statement | India News - Times of India,webpage,OBOR_train,
,,Daikundi leaders call for communities across Afghanistan to support peace - Afghanistan,webpage,taliban,
,,China’s Belt and Road Reaches Latin America,webpage,BRI-EEU,
,,US Officials Quit NATO Envoys’ Meeting Over Mohib’s Presence,webpage,taliban,
,,No Syria-type pullout planned for Afghanistan: Pentagon chief,webpage,taliban,
,,West Remains 'Committed To Achieving Peace' In Afghanistan As Taliban Says Talks To Be Held In China,webpage,taliban,
,,"Taliban Demand Swap of Haqqani Member, Others for Western Hostages",webpage,taliban,
MENAFN,,Afghanistan- Authority on Durand Line Lies with People: Sediqi,webpage,taliban,
,,Former US ambassador to Afghanistan on America's path forward in the region,webpage,CICA,
,,Pakistan censures Afghanistan remarks on Durand Line | Pakistan Today,webpage,taliban,
,,US Inspector: ‘Sustainable Peace in Afghanistan’ Depends on Careful Reintegration of Fighters,webpage,taliban,
,,"Taliban Says ""Americans Will Suffer More"" For Cancelling Talks",webpage,taliban,
India News,,Pulwama terror attack: Ajmer Sharif Dargah chief asks Centre to not allow Pakistanis to visit the shrine,webpage,dargah_sharif,
PTI,,Ajmer Sharif chief asks govt to not allow Pakistani devotees to visit shrine after Pulwama attack,webpage,dargah_sharif,
Bezhan,,"Draft U.S.-Taliban Deal 'Very Dangerous, Damaging' To Afghanistan, Ex-Envoys Say",webpage,taliban,
Rempfer,,"In Afghanistan, is this a peace deal — or terms of surrender?",webpage,taliban,
WashingtonPost,,Opinion | The Trump administration’s tentative deal with the Taliban could return Afghanistan to chaos,webpage,taliban,
,,Atmar agrees over semi-presidential system: Qanoni,webpage,taliban,
,,Can China Turn the Middle of Nowhere Into the Center of the World Economy? - The New York Times,webpage,BRI-EEU,
,,How Asia could be the winner in the US and China's Belt and Road race | World Economic Forum,webpage,BRI-EEU,
,,Why the New Silk Roads Terrify Washington - Global ResearchGlobal Research - Centre for Research on Globalization,webpage,BRI-EEU,
,,"China’s ‘Belt and Road Initiative’: after five years, is the bloom off the rose? | South China Morning Post",webpage,BRI-EEU,
,,China’s ‘Belt and Road’ Plan in Pakistan Takes a Military Turn - The New York Times,webpage,BRI-EEU,
,,Bribery Trial Spotlights China’s ‘Belt and Road’ - WSJ,webpage,BRI-EEU,
,,Protest Calls for China’s Belt and Road Agreement With Victorian Labor Govt to Be Cancelled,webpage,BRI-EEU,
,,Understanding the Belt & Road | Kontinentalist,webpage,BRI-EEU,
,,Nepal in 'China's Belt and Road' - Aarthiknews:: A leading business & economic news portal from Nepal,webpage,BRI-EEU,
,,China’s Belt and Road initiative: a Marshall Plan in reverse – Alternet.org,webpage,BRI-EEU,
Eco-Business,,China’s Belt and Road Initiative will make or break global climate fight,webpage,BRI-EEU,
,,China to host second Belt and Road forum in April 2019 | gbtimes.com,webpage,BRI-EEU,
,,"Business leaders go back to school for insights into China's Belt and Road Initiative, Business News & Top Stories - The Straits Times",webpage,BRI-EEU,
,,"Forum held in London to discuss Belt and Road, green finance",webpage,BRI-EEU,
,,"Splash columnist launches Belt, Road book - Splash 247",webpage,BRI-EEU,
,,"Xi welcomes Ecuador to help build Belt, Road - Chinadaily.com.cn",webpage,BRI-EEU,
,,How Asia Fell Out of Love With China’s Belt and Road Initiative - Bloomberg,webpage,BRI-EEU,
,,The rise and fall of a Belt and Road billionaire - CNN.com,webpage,BRI-EEU,
,,Panama awards China US$1.4 billion to build bridge for Belt and Road Initiative | Hong Kong Free Press HKFP,webpage,BRI-EEU,
,,Sultanate keen on joining China’s Silk Road initiative - Times Of Oman,webpage,BRI-EEU,
,,How China’s Belt and Road Initiative can extend its reach to the edge of the European Union | South China Morning Post,webpage,BRI-EEU,
,,The clouds gathering around China's Belt and Road,webpage,BRI-EEU,
,,China sees Saudi Arabia as important partner in Belt and Road construction: Chinese FM - Xinhua | English.news.cn,webpage,BRI-EEU,
Diplomat,,TPP’s Regulatory Capitalism and China’s Belt and Road Challenges,webpage,BRI-EEU,
,,Will EU Block China Economic Silk Road,webpage,BRI-EEU,
,,"Chinese FM: China, Portugal important partners in building Belt and Road - Xinhua | English.news.cn",webpage,BRI-EEU,
,,'Father of the Taliban' is assassinated in Pakistan | Daily Mail Online,webpage,taliban,
,,"US ‘war on terror’ claimed half a million lives in Afghanistan, Pakistan & Iraq – study",webpage,taliban,
,,Muslim cleric known as 'Father of the Taliban' killed in Pakistan,webpage,taliban,
,,US finally accepts Afghan Taliban demand of troops withdrawal from Afghanistan,webpage,taliban,
,,Taliban greets Pentagon's withdrawal of troops from Afghanistan with cries of victory,webpage,taliban,
,,Taliban talks: Will negotiations lead to peace in Afghanistan? - BBC News,webpage,taliban,
,,Trump Asks Pakistan PM For Help With Afghan Peace Talks,webpage,taliban,
Afghanistan,,Taliban envoys travel to Pakistan to consult with leadership over peace talks,webpage,taliban,
,,Italy-Kazakhstan: Cremonini investments a game-changer for Agribusiness,webpage,kazakhitaly,
,,Italy’s Eni Gets 50% Stake In Kazakhstan Oilfield,webpage,kazakhitaly,
,,Kazakhstan - International - Analysis - U.S. Energy Information Administration (EIA),webpage,kazakhitaly,
Diplomat,,Kazakhstan and Italy Sign $500 Million in Deals,webpage,kazakhitaly,
,,President Ghani Inaugurates Lapis Lazuli Corridor,webpage,Afghanistan,
Shepard,,The Western Europe-Western China Highway Is Coming Alive In Kazakhstan,webpage,OBOR_train,
,,The New Silk Road Project — The Project,webpage,OBOR_train,
,,National Climate Assessment: 3 takeaways - Vox,webpage,wordpress_blog,
,,Trump’s Iran sanctions: Which countries are exempt from crackdown?,webpage,wordpress_blog,
,,"Iran sanctions: Trump administration exempts eight countries, including China, from new penalties",webpage,wordpress_blog,
,,Trade war with US pushes China to sweeten relations with India,webpage,wordpress_blog,
,,China-India rivalry grows over infrastructure projects,webpage,wordpress_blog,
Sputnik,,"As Russia, China, India Remapping Eurasia, US Mulls Over Military Plans - Author",webpage,wordpress_blog,
,,"China, India reach important consensus on boundary issues: FM - Xinhua | English.news.cn",webpage,wordpress_blog,
Ramani,,Russia’s Diplomatic Involvement in Afghanistan,webpage,taliban,
,,Afghanistan peace conference kicks off in Moscow,webpage,taliban,
,,Reforms to be brought in all sectors of Pakistan's socio-economic development after PM's visit to China - CPEC Latest News,webpage,CPEC,
,,Taliban Floggings Hint At Crackdown On Smartphones,webpage,taliban,
Diplomat,,"Managed Instability: Iran, the Taliban, and Afghanistan",webpage,taliban,
,,"Political parties, candidates react to presidential vote delay",webpage,taliban,
,,'From One Grave To Another': Afghan Hazara Find Little Solace In Escape,webpage,taliban,
,,Afghan Taliban Wants What It Hasn't Been Able To Hold: Hazara Regions,webpage,taliban,
,,Moscow shows it’s back in the ‘Great Game’ by hosting Taliban-Afghan peace talks,webpage,taliban,
Schwemlein,,What Malaysia and Pakistan Could Teach Both China and the U.S. About the Belt and Road Initiative,webpage,CPEC,
,,OPINION: Pakistani-Chinese Naval Capabilities A Growing Threat,webpage,CPEC,
,,Economic Contribution of Ports to the Local Economies in Korea - ScienceDirect,webpage,economicglobalism,
,,‘Peculiar move’: Merkel lashes out at new US anti-Russia sanctions,webpage,oilrussiachina,
Shtraks,,"China’s One Belt, One Road Initiative and the Sino-Russian Entente",webpage,economicglobalism,
,,Russia Direct Report: 'Crossing the bridge to the Far East' | Russia Direct,webpage,economicglobalism,
,,"Press review: Russia, China to push ties at Beijing forum and US not joining Normandy Four",webpage,economicglobalism,
,,Moscow News.Net - Russia Seeks Investment Trade Links on China New Silk Road,webpage,economicglobalism,
,,China: Xi Jinping's ‘One Belt One Road’ Project Fizzles | Time.com,webpage,economicglobalism,
,,China Launches First Harbin-Hamburg Freight Train,webpage,OBOR_train,
Welle (www.dw.com),,Russia's Gazprom starts building TurkStream gas pipeline under Black Sea | News | DW | 07.05.2017,webpage,newspaper,
Welle (www.dw.com),,"US sanctions bill on Russia flawed by lack of coordination with Europe, says analyst | World | DW | 16.06.2017",webpage,newspaper,
Welle (www.dw.com),,Nord Stream 2 financing takes shape | Business | DW | 24.04.2017,webpage,newspaper,
Welle (www.dw.com),,EU to cut gas dependency on Russia with Israel pipeline | Business | DW | 03.04.2017,webpage,newspaper,
Welle (www.dw.com),,"Russia, Turkey sign gas pipeline deal, talk Syria | News | DW | 10.10.2016",webpage,newspaper,
Sputnik,,"All Aboard! Russia Builds Bridge to China, Connects With 'New Silk Road'",webpage,OBOR_train,
,,European Commission - PRESS RELEASES - Press release - Investment Plan for Europe goes global: China announces its contribution to #investEU,webpage,OBOR_train,
,,Full Text: List of Outcomes of the 19th China-EU Summit - Xinhua | English.news.cn,webpage,OBOR_train,
Hon,,Democracy: A Western tool for domination - Global Times,webpage,socialmedia,
,,Taliban vs. Taliban clash in Afghanistan’s west leaves 40 dead,webpage,taliban,
,,Taliban Using Jihadist Textbooks…Supplied by the U.S.,webpage,taliban,
,,"After 17 years of war, top US commander in Afghanistan admits Taliban cannot be defeated",webpage,taliban,
,,"SIGAR Inspector General: Taliban Controls Most Afghanistan - Politics News, Asia News - EADaily",webpage,taliban,
,,"Maulana Sami Ul-Haq, 'Father Of The Taliban,' Stabbed To Death",webpage,taliban,
,,"Sami ul Haq: The ‘Father of the Taliban’, Radical Islamism and Jihad, Ali Mustafa, New Age Islam",webpage,taliban,
,,الحقیقہ میگزین انٹرویو تحریک طالبان پاکستان (ٹی ٹی پی) کمانڈر عدنان رشید: 'جلد ہی پاکستان ایک شام کی طرح صورتحال میں بدل جائے گا',webpage,taliban,
News,,"Taliban Attack Farah, Killing Dozens of Afghan Security Forces",webpage,taliban,
,,Taliban talks: Russia hosts talks between militants and Afghan envoys - The Washington Post,webpage,taliban,
,,Transcript of speech delivered by delegation of Islamic Emirate at Moscow Conference - JustPaste.it,webpage,taliban,
Awan,,Moscow format: India reaches out to the Taliban,webpage,taliban,
,,"Israel, China: Beijing Tempts Israel With Money for Development",webpage,BRI-EEU,
Corre,,China’s Rise as a Geoeconomic Influencer: Four European Case Studies,webpage,BRI-EEU,
Zawacki,,Thailand the missing link in China’s Maritime Silk Road,webpage,BRI-EEU,
,,China’s Transport Infrastructure Investment in LAC: Five Things to Know – The Dialogue,webpage,BRI-EEU,
YAMADA,,Is China's Belt and Road working? A progress report from eight countries,webpage,BRI-EEU,
,,"Russia: Taliban, US Officials Held '10 Secret' Meetings in Doha",webpage,taliban,
,,Huge expenses on Afghan peace effort achieve little gains,webpage,taliban,
,,Elections rigged systematically in Kandahar: Candidates,webpage,taliban,
,,The China-Pakistan Economic Corridor,webpage,CPEC,
Sputnik,,Taliban Will Only Talk to Kabul if Timeline Exists For US Troops' Exit - Moscow,webpage,taliban,
,,Afganistan'da Taliban saldırısı: 25 kişi hayatını kaybetti,webpage,taliban,
,,"МИД РФ объяснил, зачем встречался с ""Талибаном"": те требуют вывода войск США из Афганистана",webpage,taliban,
,,"Alahednews:Afghanistan: Up to 10 Killed, Wounded After Explosion Rocks Kabul",webpage,taliban,
,,Play more active role in next Taliban meet: Russia to India - Times of India,webpage,taliban,
SHAH,,"Suicide bomber in Kabul targets anti-Taliban rally, kills 4",webpage,taliban,
,,Dutzende Sicherheitskräfte in Westafghanistan von Taliban getötet,webpage,taliban,
,,US special adviser to Afghanistan plans Moscow trip as Taliban gains ground – Kremlin,webpage,taliban,
赵思远,,Nation to strengthen cooperation with Russia - World - Chinadaily.com.cn,webpage,BRI-EEU,
MENAFN,,Afghanistan- Moscow Peace Conference: A New Twist in Afghan Peace Process,webpage,taliban,
Charles,,Trump sanctions on Russia: This is as far from ‘collusion’ as you can get | Fox News,webpage,tweetlinks_TD1,
,,"China Tries to Bring Pakistan, Afghanistan Closer",webpage,Afghanistan,
Hand,,Belt and Road landmark as first direct freight train arrives in Antwerp from China,webpage,OBOR_train,
,,"China builds Caribbean energy ties in upstream, LNG and refining",webpage,oilrussiachina,
,,BNamericas - China on Trinidad gas export radar,webpage,oilrussiachina,
,,"Interview: Expert sees China-built high-speed rail transportation, economic game-changer for Indonesia - Xinhua | English.news.cn",webpage,transportgeography,
Xinhua,,"Economic Watch: Shanghai-London stock connect, a step forward in China's opening-up - Xinhua | English.news.cn",webpage,economicglobalism,
,,"U.S. Asking If Uranium Imports From Russia, Central Asia Undermine Security",webpage,uzbekistan,
akbaryusupov,,Uzbekistan and USA cooperate to counter nuclear smuggling,webpage,uzbekistan,
Diplomat,,How the US Can Give Uzbekistan Options,webpage,uzbekistan,
Intelligence,,UzAtom chief explains why Uzbekistan is taking the nuclear route,webpage,uzbekistan,
,,Deepening Central Asian Nonproliferation Partnerships,webpage,uzbekistan,
,,Uzbekistan’s nuclear aspirations - Nuclear Engineering International,webpage,uzbekistan,
,,U.S. Provides Radiation Detectors to Uzbekistan | Analysis | NTI,webpage,uzbekistan,
Diplomat,,Afghanistan: Prospects and Challenges to Regional Connectivity,webpage,transportgeography,
Diplomat,,What is CICA (and Why Does China Care About It)?,webpage,CICA,
Diplomat,,Making the Belt and Road Environmentally Sustainable,webpage,BRI-EEU,
Diplomat,,Will China Undermine Its Own Influence in Southeast Asia Through the Belt and Road?,webpage,BRI-EEU,
,,How China is redrawing the map of world science,webpage,BRI-EEU,
,,"Opinion | As belt and road investments flow into Indonesia, Chinese firms must learn to navigate culture shock | South China Morning Post",webpage,BRI-EEU,
,,A Forgotten Italian Port Could Become a Chinese Gateway to Europe - The New York Times,webpage,BRI-EEU,
https://www.youlinmagazine.com,,Beijing's Belt & Road Initiative Drives Globalisation - Mushahid Hussain - Youlin Magazine,webpage,BRI-EEU,
,,Japan to propose G-20 aid rules to check China's Belt and Road,webpage,BRI-EEU,
,,Security Council press statement on Taliban offensive | UNAMA,webpage,newspaper,
,,"Taliban Suicide Bomber, Gunmen Attack Police HQ in northern Afghanistan",webpage,newspaper,
,,"Russia, US & China to press Taliban to hold talks with Afghan politicians, civilians",webpage,newspaper,
,,"Russia, US, China aim to cajole Taliban into inter-Afghan talks",webpage,newspaper,
,,"US agrees with Russia, China on pulling troops from Afghanistan",webpage,newspaper,
,,"New Silk Road train link connects Finland, Nordic countries with China",webpage,BRI-EEU,
,,China to cut subsidies for Europe-bound cargo trains,webpage,BRI-EEU,
,,"As Trump administration negotiates peace with Taliban, some retired U.S. generals see defeat",webpage,taliban,
News,,Trump's bid for hasty Taliban deal risks deja vu in Afghanistan,webpage,taliban,
,,Taliban & Afghan delegates seek end to 18yr war at Moscow peace talks boycotted by US-backed Kabul,webpage,taliban,
,,Talks between Taliban and Afghan opposition to be held in Moscow,webpage,taliban,
,,US Withdrawal from Afghanistan: Is Peace Possible?,webpage,taliban,
,,Participants in intra-Afghan talks urge withdrawal of all foreign troops from Afghanistan,webpage,taliban,
,,Ghani slams violence against PTM protestors,webpage,taliban,
,,Moscow moot wants foreign troops out of Afghanistan,webpage,taliban,
,,"Taliban to meet Afghan politicians, not Ghani in Moscow",webpage,taliban,
,,Taliban talks shift to Moscow with possible U.S.-brokered deal on table,webpage,taliban,
,,Taliban demands new constitution for Afghanistan at Moscow talks,webpage,taliban,
,,Lawmaker: Taliban abduction left her ‘even braver’,webpage,taliban,
,,PressTV-Iran-Taliban talks: An effort to promote regional peace,webpage,taliban,
,,Afghan government frozen out of Moscow peace talks with the Taliban,webpage,taliban,
,,"Taliban, Afghan Opposition to Hold Controversial Peace Talks in Moscow",webpage,taliban,
,,Spanta Says Discussions On Peace Being Held Behind Closed Doors,webpage,taliban,
,,Kabul 'regrets' Taliban-Afghan opposition talks in Russia | News | Al Jazeera,webpage,taliban,
,,How can Afghans make peace AND protect women? Meet Ayesha Aziz.,webpage,taliban,
,,Need a Refresher on the War in Afghanistan? Here Are the Basics - The New York Times,webpage,taliban,
,,"US, Taliban move closer to deal on American troop withdrawal from Afghanistan | Grand Forks Herald",webpage,taliban,
,,Afghanistan: Photographer Shah Marai among 31 killed in Kabul blasts - CNN,webpage,taliban,
,,"Six Afghan soldiers, nine Taliban militants killed in fresh clash in Sari Pul| APN News",webpage,taliban,
,,"Afghan Taliban appoint Pakistani released prisoner ""Mullah Baradar"" as Chief of Taliban Qatar Office",webpage,taliban,
,,Afghan Official Says Airstrike Kills 16 Civilians | World News | US News,webpage,taliban,
,,NDS Survivors Of Wardak Attack Vow To Take ‘Revenge’,webpage,taliban,
,,PressTV-US to pull troops home if deal reached with Taliban: Trump,webpage,taliban,
,,"US-Taliban talks stir hope for peace, fears for women’s rights | Afghanistan News – Daily News Appraisal",webpage,taliban,
,,A Timeline of the U.S. War in Afghanistan,webpage,taliban,
,,U.S. and Taliban Edge Toward Deal to End America’s Longest War - The New York Times,webpage,taliban,
,,"New Taliban Negotiator Seen as Sign That This Time, Afghan Peace Talks Are Serious - The New York Times",webpage,taliban,
,,Opinion | Robert A. Pape: A new strategy for Afghanistan - The Boston Globe,webpage,taliban,
,,"US envoy defends Taliban peace talks, Trump says deal means Afghanistan withdrawal",webpage,taliban,
,,Big Breakthrough in Afghanistan endgame with Afghan Taliban emerging victorious,webpage,taliban,
,,Mapping Taliban Control in Afghanistan | FDD's Long War Journal,webpage,taliban,
,,Trump's Bid for Hasty Taliban Deal Risks Deja Vu in Afghanistan - Bloomberg,webpage,taliban,
,,"Taliban reaches agreement with US on al Qaeda, Islamic State",webpage,taliban,
,,Momentum Continues To Grow in US-Taliban Peacetalks - Conservative Daily News,webpage,taliban,
,,Afghan Women Fear Peace With Taliban May Mean War on Them - The New York Times,webpage,taliban,
,,Afghanistan President Responds to US-Taliban Peace Progress | Time,webpage,taliban,
,,Iranian Media: US Helped ISIS Commanders To Escape From Taliban Prison In Afghanistan,webpage,taliban,
,,The real challenge for Afghanistan isn’t negotiating with the Taliban - The Washington Post,webpage,taliban,
,,Former US ambassador to Afghanistan calls US framework with Taliban 'a surrender negotiation' - CNNPolitics,webpage,taliban,
,,"US, Taliban May Have Reached Accord on Troop Exit, VOA Told",webpage,taliban,
,,The Taliban has failed to recapture Afghanistan after 17 years of war – and this is why | The Independent,webpage,taliban,
,,US and Taliban reach 'agreement in principle' on Afghanistan peace deal,webpage,taliban,
,,Afghanistan's post 9/11 generation wary of any future with the Taliban | Reuters,webpage,taliban,
,,Taliban Talks Raise Question of What U.S. Withdrawal From Afghanistan Could Mean - The New York Times,webpage,taliban,
,,What a peace deal with the Taliban could mean for women in Afghanistan,webpage,taliban,
https://www.facebook.com/profile.php?id=100011342442800&ref=br_rs,,The return of a Taliban government? Afghanistan talks raise once-unthinkable question.,webpage,taliban,
https://www.facebook.com/profile.php?id=100011342442800&ref=br_rs,,U.S. withdrawal from Afghanistan tied to Afghan dialogue and a Taliban cease-fire,webpage,taliban,
,,US Caught Helping ISIS Commanders Escape from Taliban Prison in Afghanistan - Global ResearchGlobal Research - Centre for Research on Globalization,webpage,taliban,
,,How China’s Big Overseas Initiative Threatens Global Climate Progress,webpage,BRI-EEU,
,,EEP signs US $200m agreement for completion of the GERD project,webpage,BRI-EEU,
,,China and Tunisia sign belt and road agreement,webpage,BRI-EEU,
,,Kingdom a success story of Belt Road Initiative,webpage,BRI-EEU,
,,President Ilham Aliyev attended “Advancing the Belt and Road Initiative: China`s Trillion Dollar Vision” session in Davos VIDEO - AZERTAC - Azerbaijan State News Agency,webpage,BRI-EEU,
,,'Surakiat' visits China. 'Belt and Road' initiative helps develop the world economy - connects Asia,webpage,BRI-EEU,
Kuo,,What is China's Belt and Road Initiative?,webpage,BRI-EEU,
Vargas,,How to Manage M&A Risk Along the BRI,webpage,BRI-EEU,
CSIS,,Competing Visions,webpage,BRI-EEU,
,,The Digital Silk Road - China's $200 billion project,webpage,russiapipelines,
tweet_btn(),,"Russia threatens to set up its 'own internet' with China, India and pals – let's take a closer look",webpage,russiapipelines,
,,china's digital silk road - Google Search,webpage,russiapipelines,
,,russia to have its own internet - Google Search,webpage,russiapipelines,
,,Putin: Trade between Russia & India will reach $30bn by 2025,webpage,russiapipelines,
,,First BRICS bank bond sale to fund green projects,webpage,BRI-EEU,
,,Coal-fired power plant in China issues green bonds,webpage,BRI-EEU,
,,China emerges as key player in green bonds market — RT Business News,webpage,BRI-EEU,
Eggers,,"U.S. Policy in Afghanistan: Changing Strategies, Preserving Gains",webpage,BRI-EEU,
,,UN Manages Only Temporary Afghan Mission Rollover After U.S.-China Spat,webpage,BRI-EEU,
,,China's Chequebook Diplomacy,webpage,BRI-EEU,
,,Beyond the TAPI Project: An Afghan Factor in India-Pakistan Diplomacy?,webpage,taliban,
,,Afghan Politicians Mark 5th Anniversary Of Marshal Fahim’s Death,webpage,taliban,
Pajhwok Afghan News,,Govt to attend next Taliban-politicians talks in Doha: Noor,webpage,taliban,
1TV,,What was agreed in Taliban-Afghan politicians talks in Moscow?,webpage,taliban,
,,At least 23 Afghan security forces killed in Taliban attack on US-Afghan base,webpage,taliban,
Gibbons-Neff,,"Under Peace Plan, U.S. Military Would Exit Afghanistan Within Five Years - The New York Times",webpage,taliban,
Ward,,36 hours with the Taliban,webpage,taliban,
,,Afghanistan peace talks resume in Doha with Taliban co-founder - CNN,webpage,taliban,
,,Iran Sees A Role For Taliban In Afghanistan,webpage,taliban,
,,"India, US Discuss Afghanistan At 2+2 Talks",webpage,taliban,
,,The Struggle of the Dutch with the English for the Russian Market in the Seventeenth Century on JSTOR,webpage,,
,,"Nord Stream 2, other disputes fail to dent Russian natural gas flows to EU - The Barrel Blog",webpage,russiapipelines,
,,"Backed by Poland, Pompeo vows to try to stop Russia pipeline",webpage,russiapipelines,
Sputnik,,Tensions Over Nord Stream 2 Block US Business Participation - AmCham Russia,webpage,russiapipelines,
,,Chinese company denies corruption in Sukkur-Multan Motorway | Pakistan Today,webpage,BRI-EEU,
Sputnik,,Nord Stream 2 to Be Built Despite EU Gas Directive Amendments - Russian Envoy,webpage,russiapipelines,
,,What is Nord Stream 2? Why are Russia's opponents in Europe and America dead set against it? Meduza explains the controversy surrounding a pipeline that could cut Ukraine out of Europe's gas business,webpage,russiapipelines,
,,Will The U.S. Actively Pursue Regime Change In Iran?,webpage,russiapipelines,
Fellows,,"Merkel Salvages Nord Stream, But Is Putin Losing Russia's Gas Monopoly?",webpage,russiapipelines,
,,"Nord Stream 2 is in 'our interest', says German minister amid US pressure on project with Russia",webpage,russiapipelines,
,,Russia’s Lukoil Halts Oil Swaps In Venezuela After U.S. Sanctions,webpage,russiapipelines,
,,A New Twist In Europe’s Ongoing Gas Drama,webpage,russiapipelines,
,,"Pak-supported terror groups will continue attacks in India, Afghanistan: US spymaster - Times of India",webpage,taliban,
,,"As Tajikistan's Muslims feel more heat, mosque turned into cinema",webpage,uzbekistan,
,,China's New Silk Road,webpage,BRI-EEU,
,,Washington Sells Scrap Metal at a Premium Price Tag | New Eastern Outlook,webpage,Mackinder,
Manoj,,Chabahar Port: US gives ‘written’ assurance to India facilitating banks to fund $85 mn equipment purchase,webpage,Geopolitics,
,,China to invest 800 bln yuan in railways in 2020,webpage,Geopolitics,
,,"Iran, Russia, China launch joint maritime drills in Indian Ocean, Sea of Oman",webpage,Geopolitics,
,,Esper: US troops can withdraw 'with or without' Afghan peace deal,webpage,taliban,
WashingtonDecember 10,,Afghan war can end in few weeks if Pakistan denies safe haven to Taliban: US top Senator Graham,webpage,taliban,
,,China Just Opened the Suez Canal of Our Era and No One Blinked,webpage,OBOR_train,
,,Confidential documents reveal U.S. officials failed to tell the truth about the war in Afghanistan,webpage,southasia,
,,Putin and the ‘Biden Memorial Pipeline’ to China | New Eastern Outlook,webpage,BRI-EEU,
陈钰,,China and Russia strengthen strategic partnership along 'Polar Silk Road' - Opinion - Chinadaily.com.cn,webpage,BRI-EEU,
MFA,,Joint Statement of the 3rd China-Afghanistan-Pakistan Foreign Ministers’ Dialogue - Ministry of Foreign Affairs - Islamic Republic of Afghanistan,webpage,Afghanistan,
,,China Not a ‘Real Player’ in Afghanistan Development: Wells,webpage,Afghanistan,
Trenin,,"The Belt and Road Initiative: Views from Washington, Moscow, and Beijing",webpage,BRI-EEU,
Times,,Asia Times | The EU’s China conundrum | Opinion,webpage,GreatPowers,
,,China &#039;Fed Up&#039; With Hearing US Complaints on Belt and Road,webpage,GreatPowers,
CNN,,China and the United States face off in Djibouti,webpage,GreatPowers,
,,US Sanctions Iran Communication Minister Over Internet Censorship,webpage,twitteropoliics,
MENAFN,,Afghanistan- Helmand produces bumper corn yield,webpage,Afghanistan,
,,"UN: Afghan War Killed, Wounded More Than 10,000 Civilians in 2019 | Voice of America - English",webpage,taliban2,
,,New Pakistan-Afghanistan Train Transports Goods,webpage,Afghanistan,
,,"(3) Qari Roohullah parwani on Twitter: ""@suhailshaheen1 Agreement after lengthy negotiations b/w IEA &amp; US negotiation teams has been finalized &amp; will be signed by both parties on 29th Feb. 2020 in Doha. Delegations of multiple international organizations &amp; countries will participate in ceremony as observers. - S. Shaheen"" / Twitter",webpage,taliban2,
Joscelyn,,What You Won’t Learn From the NYT Op-Ed by the Taliban’s Deputy Leader,webpage,taliban2,
MENAFN,,Afghanistan- Govt.''s post-election political legitimacy in tatters,webpage,taliban2,
,,'All Bets Off': Afghanistan Plunges Into Crisis After Losing Presidential Candidate Alleges 'Coup',webpage,Afghanistan,
,,UN report says Israel a ‘racist state’ and ‘apartheid regime’,webpage,GreatPowers,
,,"Munich Security Conference to focus on ""westlessness"" - Xinhua | English.news.cn",webpage,Geopolitics,
,,Taliban offensive in Afghanistan’s Ghazni leaves hundreds killed,webpage,taliban2,
,,"Lindsey Graham and Jack Keane: The Afghan war must end on our terms, not the Taliban’s - The Washington Post",webpage,taliban2,
Graham,,Opinion | We can’t outsource our security to anyone — especially the Taliban,webpage,taliban2,
,,"After US killing of Iran’s Soleimani, narrative control on social media is getting worse",webpage,twitteropoliics,
,,‘Free speech only for Americans!’ US senators threaten Twitter with sanctions unless it censors Iranian leadership,webpage,twitteropoliics,
"MEA, Gov.in",,Joint Statement - United States and India: Prosperity Through Partnership,webpage,southasia,
,,QUESTION NO.606 BRI AND CPEC,webpage,southasia,
,,"Joint Statement on India and Japan Vision 2025: Special Strategic and Global Partnership Working Together for Peace and Prosperity of the Indo-Pacific Region and the World(December 12, 2015)",webpage,,
Ryan,,The Kremlin wants a role in Afghanistan 30 years after the Soviet withdrawal,webpage,taliban2,
Stevens,,Driving China’s Silk Road Economic Belt,webpage,OBOR_train,
,,"In Herat, ex-Mujahideen commander leads efforts to resist Taliban | Taliban News | Al Jazeera",webpage,,
,,Taliban: ‘No one wants a civil war’ in Afghanistan,webpage,,
MENAFN,,Afghanistan- Iran has given Taliban anti-aircraft missiles: Sources,webpage,taliban2,
Bensinger,,Google redraws the borders on maps depending on who’s looking,webpage,taliban2,
Andelman,,Opinion: What Biden and Blinken don't want to tell Americans about Afghanistan,webpage,Afghanistan,
,,China-Europe rail cargo sees dramatic growth: report,webpage,BRI-EEU,
,,2._Vapa_Tankosic_et_al_2022_5(2)_712-717.pdf,webpage,environment,
Washington,,"PolitiFact - No, Jane Goodall’s population comments didn’t spark pandemic",webpage,environment,
,,Are overpopulation fears unfounded?,webpage,environment,
,,Debunking ‘overpopulation’,webpage,environment,
,,"Soft power, hard power dynamics: the case of Iran in Afghanistan: British Journal of Middle Eastern Studies: Vol 50, No 1",webpage,Afghanistan,
,,Pakistan between Central and South Asia RSC – тема научной статьи по политологическим наукам читайте бесплатно текст научно-исследовательской работы в электронной библиотеке КиберЛенинка,webpage,,
kunu.uz,,Russia and Uzbekistan sign agreement to launch Trans-Afghan railway project,webpage,Afghanistan,
,,"Russia, Uzbekistan Reach Agreement to Advance Trans-Afghan Railway Project – Bakhtar News Agency",webpage,Afghanistan,
,,Feasibility study of trans-Afghan railway to be ready in early 2026 - Russian deputy PM,webpage,Afghanistan,
,,The Trans-Afghan Railway: Challenges and Prospects,webpage,Afghanistan,
Haidari,,Afghanistan: The Heart of Silk Road in Asia,webpage,Afghanistan,
Hakimi,,Analysis: Why have Pakistan’s ties with the Afghan Taliban turned frigid?,webpage,Afghanistan,
,,New Delhi Declaration of the Council of Heads of State of Shanghai Cooperation Organization,webpage,BRI-EEU,
,,Turkmenistan's Natural Gas Ambitions Threatened By Instability In Afghanistan | Markets Insider,webpage,CPEC,
,,"CASA-1000 Central Asia-South Asia Electricity Transmission Project,",webpage,energy_statistics,
