first_author,year,title,type,collections,tags,zotero_item_id,evidence_grade,verification_status,claim_use_allowed
Bijlert,2010.0,2010 Elections 20: What if the Hazaras win in Uruzgan? (updated) | Afghanistan Analysts Network,blogPost,afghan_elections,,ZOT_c3ed604f8598,metadata_only,unverified,bibliographic_inventory_only_until_verified
Wilder,2010.0,Footnotes to an AAN political parties blog | Afghanistan Analysts Network,blogPost,afghan_elections,,ZOT_aeeb782a5e12,metadata_only,unverified,bibliographic_inventory_only_until_verified
Ruttig,2010.0,2010 Elections 2: Political Parties at the Fringes Again | Afghanistan Analysts Network,blogPost,afghan_elections,,ZOT_253611522d54,metadata_only,unverified,bibliographic_inventory_only_until_verified
AAN Team,2010.0,Flash from the Past: Russian Advice on Afghanistan,blogPost,taliban,,ZOT_6453e1e4b883,metadata_only,unverified,bibliographic_inventory_only_until_verified
Ruttig,2014.0,From Point Zero to 'New Warmth': Russian-Afghan relations since 1989,blogPost,newspaper,,ZOT_5b843fc283f0,metadata_only,unverified,bibliographic_inventory_only_until_verified
Mohan,2015.0,Raja Mandala: Dargah diplomacy,blogPost,dargah_sharif,,ZOT_e62e3c86cc2e,metadata_only,unverified,bibliographic_inventory_only_until_verified
Kefalakos,2015.0,China is the first non-EU country to invest in Europe’s €315 billion Plan,blogPost,OBOR_train,,ZOT_de353473da04,metadata_only,unverified,bibliographic_inventory_only_until_verified
Ahmed,2015.0,America Turned Away Jewish Refugees Because Some Were Feared To Be Nazi Agents,blogPost,socialmedia,,ZOT_167d6f0b7950,metadata_only,unverified,bibliographic_inventory_only_until_verified
,2015.0,Afghanistan likely to receive Russia’s support in fight against terrorism,blogPost,taliban,,ZOT_1d32f5d5e5bd,metadata_only,unverified,bibliographic_inventory_only_until_verified
,2015.0,US should keep some bases open in Afghanistan beyond 2016: McCain,blogPost,taliban,,ZOT_65d1cea21e51,metadata_only,unverified,bibliographic_inventory_only_until_verified
,2016.0,Four nations call on Taliban to enter into early talks with Afghan govt,blogPost,taliban,,ZOT_a8db5e9062ef,metadata_only,unverified,bibliographic_inventory_only_until_verified
Adili,2017.0,Afghanistan's Incomplete New Electoral Law: Changes and controversies | Afghanistan Analysts Network,blogPost,afghan_elections,,ZOT_feb4b2b2eba8,metadata_only,unverified,bibliographic_inventory_only_until_verified
ANI,2017.0,Over 400 Pakistani pilgrims arrive India to visit Ajmer Sharif Dargah,blogPost,dargah_sharif,,ZOT_955831499e30,metadata_only,unverified,bibliographic_inventory_only_until_verified
,2017.0,Afghanistan-China-Pak Summit/Beijing to Back up Stability in Afghanistan,blogPost,taliban,,ZOT_be79056b064a,metadata_only,unverified,bibliographic_inventory_only_until_verified
,2017.0,This time in Oman; Afghanistan’s Quadrilateral Summit!,blogPost,taliban,,ZOT_ef890c75bfb3,metadata_only,unverified,bibliographic_inventory_only_until_verified
Corner,2017.0,No fear of the bear? Bilateral economic relations between Germany and Russia,blogPost,economicglobalism,,ZOT_964dbdc8702f,metadata_only,unverified,bibliographic_inventory_only_until_verified
European,2017.0,China's expansion of OBOR leaves Africa caught in a dilemma | GRI,blogPost,economicglobalism,,ZOT_9a557c24c88c,metadata_only,unverified,bibliographic_inventory_only_until_verified
Hussain,2017.0,Afghanistan as heart of Asia,blogPost,Afghanistan,,ZOT_97f6346b9a4c,metadata_only,unverified,bibliographic_inventory_only_until_verified
Ruttig,2018.0,Election Day One: A rural-urban divide emerging | Afghanistan Analysts Network,blogPost,afghan_elections,,ZOT_bdcd8dbb63ae,metadata_only,unverified,bibliographic_inventory_only_until_verified
Times Headline,2018.0,Pakistan Election: Pakistani candidates express urge to visit Ajmer Sharif,blogPost,dargah_sharif,,ZOT_57d40ddd84ab,metadata_only,unverified,bibliographic_inventory_only_until_verified
says,2018.0,Belt and Road Dispute Settlement and Transnational Governance,blogPost,BRI-EEU,,ZOT_7e16031a334f,metadata_only,unverified,bibliographic_inventory_only_until_verified
,2018.0,Implications of trade in Chinese Yuan under CPEC,blogPost,CPEC,,ZOT_4bc87b505b31,metadata_only,unverified,bibliographic_inventory_only_until_verified
,2018.0,Shahbaz Taseer Shows The Real Face Of Taliban Narrating An Incident From His Kidnapping!,blogPost,taliban,,ZOT_1b3794da4c3e,metadata_only,unverified,bibliographic_inventory_only_until_verified
Mehmood,2018.0,U.S. & Taliban Inch Closer To Peace Talks Despite ‘Insider Attacks’ On American Troops,blogPost,taliban,,ZOT_a5392db1031e,metadata_only,unverified,bibliographic_inventory_only_until_verified
,2018.0,Trilateral Conference on Afghan Peace to be Held in Indonesia: HPC,blogPost,taliban,,ZOT_bbf5ff6cf9f4,metadata_only,unverified,bibliographic_inventory_only_until_verified
,2018.0,Arabia to Host Quadrilateral Summit on Afghanistan this Week: HPC,blogPost,taliban,,ZOT_e59090ceb48b,metadata_only,unverified,bibliographic_inventory_only_until_verified
,2018.0,Quadrilateral Summit on Afghan Peace Held in Abu Dhabi,blogPost,taliban,,ZOT_7fffe26d3ca3,metadata_only,unverified,bibliographic_inventory_only_until_verified
,2018.0,"Maulana Sami ul Haq refuses to arbitrate between Afghan govt, Taliban",blogPost,taliban,,ZOT_5bf0cf8b71db,metadata_only,unverified,bibliographic_inventory_only_until_verified
,2018.0,Heavy clashes reported among Afghan forces and Taliban in Kunduz,blogPost,taliban,,ZOT_6125d203d69b,metadata_only,unverified,bibliographic_inventory_only_until_verified
Mark,2018.0,Singapore FTA Includes BRI,blogPost,BRI-EEU,,ZOT_b5cd3f4c406a,metadata_only,unverified,bibliographic_inventory_only_until_verified
,2018.0,Taliban revealed their real faces in Moscow summit: Afghan Senate,blogPost,taliban,,ZOT_a9ec57629e7b,metadata_only,unverified,bibliographic_inventory_only_until_verified
Palmer,2018.0,All hell breaks loose in the Trump-Russia scandal,blogPost,tweetlinks_TD1,,ZOT_6ea54a95817b,metadata_only,unverified,bibliographic_inventory_only_until_verified
Adili,2019.0,"Afghanistan's 2019 Election (24): Disputed recount, threats not to accept results, and some interesting new data | Afghanistan Analysts Network",blogPost,afghan_elections,,ZOT_80ee1a5cdb0a,metadata_only,unverified,bibliographic_inventory_only_until_verified
Twitter@pajhwok,2019.0,Two people charged with robbery were flogged by the #Taliban Ghor province.  #Afghanistan - Pajhwok Afghan News,blogPost,taliban,,ZOT_b8b94e89287c,metadata_only,unverified,bibliographic_inventory_only_until_verified
editor,2019.0,China’s Belt and Road Initiative (BRI) and Nigeria’s Memorandum of Understanding on the BRI,blogPost,BRI-EEU,,ZOT_cdec0bc80831,metadata_only,unverified,bibliographic_inventory_only_until_verified
,2019.0,Uzbekistan plans to build first commercial nuclear reactor,blogPost,uzbekistan,,ZOT_d36902963f0e,metadata_only,unverified,bibliographic_inventory_only_until_verified
Omirtai 1993,2019.0,"Atomic Energy: Peaceful atom, new dimension of Kazakh-Uzbek relations",blogPost,uzbekistan,,ZOT_31ef4714c013,metadata_only,unverified,bibliographic_inventory_only_until_verified
,2019.0,The Department of Defense's New Indo-Pacific Strategy,blogPost,Geopolitics,,ZOT_354d0de96dd4,metadata_only,unverified,bibliographic_inventory_only_until_verified
,2019.0,"Marc A. Thiessen: United States can’t stop fighting terrorists in Afghanistan, Syria now",blogPost,taliban,,ZOT_87b3e4b4502c,metadata_only,unverified,bibliographic_inventory_only_until_verified
,2019.0,Taliban call Constitution obstacle to peace as Moscow conference kicks off,blogPost,taliban,,ZOT_55cbdbe28671,metadata_only,unverified,bibliographic_inventory_only_until_verified
,2019.0,"Taliban: Gani, Amerikan Köleliğinde Birinciliği Kazandı",blogPost,taliban,,ZOT_2d50129b3bf4,metadata_only,unverified,bibliographic_inventory_only_until_verified
Newsbaycomng,2019.0,"Obaseki’s Industrialisation Drive Receives Fresh Impetus From China’s Belt, Road Initiative • Newsbay",blogPost,BRI-EEU,,ZOT_7291e70bd044,metadata_only,unverified,bibliographic_inventory_only_until_verified
Remyga,2019.0,Project of the century: How the Belt and Road initiative will impact the Eurasian region,blogPost,BRI-EEU,,ZOT_75fd5586ce97,metadata_only,unverified,bibliographic_inventory_only_until_verified
Geropoulos,2019.0,The amended Gas Directive will cover both internal EU gas pipelines as well as all gas pipelines from non-EU countries into the EU,blogPost,russiapipelines,,ZOT_b9f6fa8d328b,metadata_only,unverified,bibliographic_inventory_only_until_verified
Wood,2019.0,"Hypocrisy: Merkel Defends Iran Deal For EU Profits, Wants US Troops To Stay In Syria, While Germany Pays Little For Defense And Gives Energy Security To Russia With Nord Stream II",blogPost,russiapipelines,,ZOT_7dda0e7d9da9,metadata_only,unverified,bibliographic_inventory_only_until_verified
,2019.0,Perché il compromesso Macron-Merkel sul Nord Stream 2 soddisfa la Germania,blogPost,russiapipelines,,ZOT_185e3914fa24,metadata_only,unverified,bibliographic_inventory_only_until_verified
Reporters,2019.0,Russia warns EU not to hamper Nord Stream,blogPost,russiapipelines,,ZOT_cea89e03d96b,metadata_only,unverified,bibliographic_inventory_only_until_verified
Gotev,2019.0,Normandy summit upholds 'Steinmeier formula' for Eastern Ukraine,blogPost,Mackinder,,ZOT_ef90aa5bf480,metadata_only,unverified,bibliographic_inventory_only_until_verified
@RadioPakistan,2019.0,"We repeatedly asked to India for actionable evidence:"" Prime Minister  @ImranKhanPTI  https://pscp.tv/w/1PlJQymzWRdJE",blogPost,securitycomplex,,ZOT_ca56ebba2b0e,metadata_only,unverified,bibliographic_inventory_only_until_verified
@FaezaDawood,2019.0,"PM of Pakistan: “If India Attacks Pakistan in ANY way, Pakistan will not think to retaliate...Pakistan WILL retaliate” My take on his address (Part 3)",blogPost,securitycomplex,,ZOT_ffd9c1d83145,metadata_only,unverified,bibliographic_inventory_only_until_verified
Pieraccini,2019.0,Nuclear War vs. Belt and Road Initiative: Why China Will Prevail,blogPost,GreatPowers,,ZOT_9d12b565e705,metadata_only,unverified,bibliographic_inventory_only_until_verified
Durrani,2019.0,Is conflict-ridden Afghanistan deterring regional connectivity?,blogPost,taliban2,,ZOT_94191f02111b,metadata_only,unverified,bibliographic_inventory_only_until_verified
Malalai,2019.0,@MalalaiBashir,blogPost,taliban2,,ZOT_4cf1accc0d1f,metadata_only,unverified,bibliographic_inventory_only_until_verified
PTI,2019.0,Pakistan high commissioner offers prayers at Ajmer Sharif,blogPost,dargah_sharif,,ZOT_94a052a1466b,metadata_only,unverified,bibliographic_inventory_only_until_verified
Staff,2020.0,"FM Zarif, UN Chief Discuss Afghanistan Developments",blogPost,Afghanistan,,ZOT_c259f9d5e6a8,metadata_only,unverified,bibliographic_inventory_only_until_verified
@TOLOnews,2020.0,US DefSec Mark Esper at NATO,blogPost,taliban2,,ZOT_3640c35d0f8e,metadata_only,unverified,bibliographic_inventory_only_until_verified
Times of News,2020.0,"What’s Pompeo’s Secret Mission in Ukraine, Central Asia?",blogPost,centralAsia,,ZOT_68311f8017f6,metadata_only,unverified,bibliographic_inventory_only_until_verified
Khama Press,2020.0,Pentagon to procure 10 Chinook helicopters for Afghan Special Forces,blogPost,taliban2,,ZOT_4ffa35a1e611,metadata_only,unverified,bibliographic_inventory_only_until_verified
Ghazniwal,2020.0,@TGHazniwal,blogPost,taliban2,,ZOT_f19a54dbe988,metadata_only,unverified,bibliographic_inventory_only_until_verified
,2020.0,85 percent of bombs used in Afghanistan originate from Pakistan: retired US general,blogPost,taliban2,,ZOT_d86ad4ab2513,metadata_only,unverified,bibliographic_inventory_only_until_verified
Feroz,2020.0,Is Afghan Intelligence Building a Regime of Terror With the CIA’s Help?,blogPost,taliban2,,ZOT_b3d1c5ea7147,metadata_only,unverified,bibliographic_inventory_only_until_verified
Babar,2020.0,Naya Pakistan and the Afghan peace process,blogPost,Afghanistan,,ZOT_0de17eadd4ab,metadata_only,unverified,bibliographic_inventory_only_until_verified
Ashna,2021.0,"The Taliban have issued a new decree where all high ranking government officials are said to be from Hanafi sect of Islam. What kind of government are they running? We have Shias, Hindus, and Sikhs in Kabul who are way more educated than these people. https://t.co/tN6D2nAaEG",blogPost,taliban_twitter,,ZOT_f657c63208d2,metadata_only,unverified,bibliographic_inventory_only_until_verified
Tahiri,2021.0,Taliban Evicted Indigenous Hazaras from Daikundi’s Gizab – 400 Families Displaced So Far,blogPost,taliban2,,ZOT_8cc0890f65e2,metadata_only,unverified,bibliographic_inventory_only_until_verified
@ziashahreyar,2021.0,A Taliban official in an interview in Kabul on the importance of Hijab.,blogPost,taliban_twitter,,ZOT_c6f2735ba95b,metadata_only,unverified,bibliographic_inventory_only_until_verified
Nihad Jariri,2021.0,"This is huge. @suhailshaheen1 Taliban spokesman, tells @akhbar: ""There is no bay'a"" NO pledge of allegiance between Al-Qaeda & Taliban. We know Zawahiri pledged allegiance to Akhundzada. Was understood that Taliban didn't ""wish"" to acknowledge that publicly. Well, there you go. https://t.co/bEdKQ0FolU",blogPost,taliban_twitter,,ZOT_a04609946569,metadata_only,unverified,bibliographic_inventory_only_until_verified
Press24,2021.0,US conducts airstrike targeting Taliban in Afghanistan,blogPost,taliban2,,ZOT_b70553ebc33b,metadata_only,unverified,bibliographic_inventory_only_until_verified
1TVNewsAF,2021.0,"President Ghani: Taliban fighting has no religious and national legitimacy, we will focus on managing the situation in next three to six months, positive changes will come based on special plans. https://t.co/lrfA70TaxX",blogPost,taliban2,,ZOT_7a743606aa8a,metadata_only,unverified,bibliographic_inventory_only_until_verified
Lalzoy,2021.0,Salma Dam under Taliban rockets,blogPost,taliban2,,ZOT_73aa1385b865,metadata_only,unverified,bibliographic_inventory_only_until_verified
,2021.0,"Pentagon condemns attack on Kandahar Airfield, U.S base",blogPost,taliban2,,ZOT_1d683c379cac,metadata_only,unverified,bibliographic_inventory_only_until_verified
Gbadamosi,2022.0,How China’s Appetite for Rosewood Fuels Illegal Logging in Ghana,blogPost,environment,,ZOT_202165ba29be,metadata_only,unverified,bibliographic_inventory_only_until_verified
ICEF Monitor,2022.0,Forecast projects 1.8 million Indian students abroad by 2024,blogPost,environment,,ZOT_259f2beee7c7,metadata_only,unverified,bibliographic_inventory_only_until_verified
Barrech,2023.0,Regional connectivity under NSP,blogPost,energy_statistics,,ZOT_8894e686f8ad,metadata_only,unverified,bibliographic_inventory_only_until_verified
Pannier,2024.0,U.S. Decision to Give Military Aircraft to Uzbekistan Upsets Taliban - The Times Of Central Asia,blogPost,taliban2,,ZOT_5e27179972c3,metadata_only,unverified,bibliographic_inventory_only_until_verified
Qodousi,2024.0,Iranian officials in talks with Taliban: Herat-Khaf railway is a good opportunity for transit between the two countries,blogPost,Afghanistan,,ZOT_5bfa1b005cbe,metadata_only,unverified,bibliographic_inventory_only_until_verified
Taban,2024.0,Dangerous Journeys: Security and Migration at the Afghanistan-Iran Border,blogPost,taliban_twitter,,ZOT_e1ce05170863,metadata_only,unverified,bibliographic_inventory_only_until_verified
afgembisb.passport@gmail.com,2024.0,https://islamabad.mfa.gov.af/2283-2/,blogPost,taliban_twitter,,ZOT_9211221b9220,metadata_only,unverified,bibliographic_inventory_only_until_verified
Mohammad,2024.0,How the Pashtun Tahafuz Movement Built a Virtual Resistance,blogPost,pakistan,,ZOT_a35de6ff22b0,metadata_only,unverified,bibliographic_inventory_only_until_verified
,2024.0,Revoke the ban on Pashtun Tahaffuz Movement in Pakistan,blogPost,pakistan,,ZOT_8b522f2bc30f,metadata_only,unverified,bibliographic_inventory_only_until_verified
Kemelova,2025.0,"Digging Deeper: Kazakhmys Barlau’s Plan for Exploration, Talent, and Afghanistan’s Geology",blogPost,Afghanistan,,ZOT_63d8bc71fd85,metadata_only,unverified,bibliographic_inventory_only_until_verified
Sakenova,2025.0,Kazakhstan Strengthens Ties with Afghanistan,blogPost,Afghanistan,,ZOT_78db8aa158db,metadata_only,unverified,bibliographic_inventory_only_until_verified
Vorotnikov,2025.0,New rail lines planned in Afghanistan,blogPost,Afghanistan,,ZOT_fcf4bcb7ca5e,metadata_only,unverified,bibliographic_inventory_only_until_verified
BATRAK,2025.0,Central Asia Advances the Trans-Afghan Transport Corridor,blogPost,Afghanistan,,ZOT_5a78cb4e34ce,metadata_only,unverified,bibliographic_inventory_only_until_verified
,2025.0,Uzbekistan and Russia Advance Trans-Afghan Railway Project to Pakistan - The Times Of Central Asia,blogPost,Afghanistan,,ZOT_e04ded55e581,metadata_only,unverified,bibliographic_inventory_only_until_verified
Ariana News,2025.0,China interested in financing Trans-Afghan railway project: Pakistan FM | Ariana News | Afghanistan News,blogPost,Afghanistan,,ZOT_776c1aa324cd,metadata_only,unverified,bibliographic_inventory_only_until_verified
Mohammadi,2025.0,Taliban say trade shipment from France arrives in Herat,blogPost,Afghanistan,,ZOT_65038e284202,metadata_only,unverified,bibliographic_inventory_only_until_verified
Ariana News,2025.0,Pakistani and Uzbek envoys hold talks on Trans-Afghan railway project | Ariana News | Afghanistan News,blogPost,Afghanistan,,ZOT_f0549243977b,metadata_only,unverified,bibliographic_inventory_only_until_verified
Adili,2028.0,Afghanistan Election Conundrum (11): Electoral reform and the preparations for the 2018 elections – a summary | Afghanistan Analysts Network,blogPost,afghan_elections,,ZOT_bd19e7e66ba0,metadata_only,unverified,bibliographic_inventory_only_until_verified
,,"Sakhalin-1 Oil and Gas Project, Okhotsk Sea, Russia",blogPost,centralAsia,,ZOT_87b32d7c447f,metadata_only,unverified,bibliographic_inventory_only_until_verified
,,What are secret elements in US-Taliban deal?,blogPost,taliban2,,ZOT_1eb61963cd38,metadata_only,unverified,bibliographic_inventory_only_until_verified
,,Delegates to carry talks with Taliban in doldrums,blogPost,taliban2,,ZOT_a6f3aaeeea43,metadata_only,unverified,bibliographic_inventory_only_until_verified
@AmbJohnBolton,,"John Bolton on Twitter: ""I support @Liz_Cheney &amp; the 22 Members who signed her letter questioning a peace deal with the Taliban. ""Commitments"" made by these terrorists have no credibility. Any peace that surrenders American interests is no peace at all."" / Twitter",blogPost,taliban2,,ZOT_79b32e1fd6a5,metadata_only,unverified,bibliographic_inventory_only_until_verified
@nytopinion,,"New York Times Opinion on Twitter: """"The withdrawal of foreign forces has been our first and foremost demand. That we today stand at the threshold of a peace agreement with the United States is no small milestone,"" writes Sirajuddin Haqqani, the deputy leader of the Taliban. https://t.co/D6rQIL6fns"" / Twitter",blogPost,taliban2,,ZOT_9a1262102758,metadata_only,unverified,bibliographic_inventory_only_until_verified
,,Afghanistan's 2019 Elections (4): What will happen when the presidential tenure runs out on 22 May? | Afghanistan Analysts Network,blogPost,afghan_elections,,ZOT_0ebfc5c1eba1,metadata_only,unverified,bibliographic_inventory_only_until_verified
Greer,,"One Belt, One Road, One Big Mistake",blogPost,BRI-EEU,,ZOT_b0dc7d9ee92f,metadata_only,unverified,bibliographic_inventory_only_until_verified
Hirsh,,Ryan Crocker: The Taliban Will ‘Retake the Country’,blogPost,taliban,,ZOT_f2e47a0ebe14,metadata_only,unverified,bibliographic_inventory_only_until_verified
,,"Michael Clarke - Beijing’s “March West”: One Belt, One Road and China’s Quest for Great Power Status (2016-11-03)",blogPost,economicglobalism,,ZOT_cb645fc75c34,metadata_only,unverified,bibliographic_inventory_only_until_verified
,,Russia wants to build a hyperloop track—if China helps pay for it,blogPost,OBOR_train,,ZOT_7ca6e616be43,metadata_only,unverified,bibliographic_inventory_only_until_verified
,,China Enlists U.N. to Promote Its Belt and Road Project,blogPost,OBOR_train,,ZOT_08de0762f146,metadata_only,unverified,bibliographic_inventory_only_until_verified
,,U.S. trade with Uzbekistan tops $229 million through April 2019,blogPost,uzbekistan,,ZOT_b4261fe82df2,metadata_only,unverified,bibliographic_inventory_only_until_verified
Team,,"Uzbekistan, Russia agree on site for nuclear plant | CBRNe Portal",blogPost,uzbekistan,,ZOT_580c4f39e02b,metadata_only,unverified,bibliographic_inventory_only_until_verified
,,Charting Progress in China’s Belt and Road Initiative,blogPost,BRI-EEU,,ZOT_8f6d35b44b6d,metadata_only,unverified,bibliographic_inventory_only_until_verified
Notezai,,Will Balochistan Blow Up China’s Belt and Road?,blogPost,CPEC,,ZOT_8eb3b2bd4795,metadata_only,unverified,bibliographic_inventory_only_until_verified
,,Nuclear War vs. Belt and Road Initiative: Why China Will Prevail,blogPost,BRI-EEU,,ZOT_34249825631c,metadata_only,unverified,bibliographic_inventory_only_until_verified
,,"Hassan Nasrallah: Daesh is Still a US-Israeli Asset, Threatens Central Asia | The Vineyard of the Saker",blogPost,taliban,,ZOT_02ee4cd444ab,metadata_only,unverified,bibliographic_inventory_only_until_verified
,,"""Nothing is agreed until everything is agreed"": First steps in Afghan peace negotiations | Afghanistan Analysts Network",blogPost,taliban,,ZOT_c62b520d9129,metadata_only,unverified,bibliographic_inventory_only_until_verified
Lieven,,It's Time to Trust the Taliban,blogPost,taliban,,ZOT_521a4b277d7e,metadata_only,unverified,bibliographic_inventory_only_until_verified
,,"Taliban attacks army checkpoint in Afghanistan, kill 6 troops: official – National – Quality News",blogPost,taliban,,ZOT_525b7703cbd7,metadata_only,unverified,bibliographic_inventory_only_until_verified
,,"The China “Belt & Road, Hemao Agriculture” International Seminar on Digital Economy in Singapore | Kerala Daily",blogPost,BRI-EEU,,ZOT_d18ab62e0585,metadata_only,unverified,bibliographic_inventory_only_until_verified
,,UN concerned over Abdullah loyalist’s outlawed reshuffles,blogPost,taliban2,,ZOT_7b962a8f2d8a,metadata_only,unverified,bibliographic_inventory_only_until_verified
Johnson,,What good did the USSR in Afghanistan | The Global Domain News,blogPost,Afghanistan,,ZOT_d6984bb6d934,metadata_only,unverified,bibliographic_inventory_only_until_verified
Danforth,,The End of History and the Last Map,blogPost,GreatPowers,,ZOT_28b32b42515d,metadata_only,unverified,bibliographic_inventory_only_until_verified
,,US-Taliban Talks has reached its ending stages: Taliban – Afghan Studies Center,blogPost,taliban2,,ZOT_8d4133eba59e,metadata_only,unverified,bibliographic_inventory_only_until_verified
,,"Islamabad, Kabul and New Delhi: Can the trio launch a joint offensive against poverty? – Afghan Studies Center",blogPost,taliban2,,ZOT_659ffbbe5a08,metadata_only,unverified,bibliographic_inventory_only_until_verified
,,"Afghanistan, China and Connectivity – Afghan Studies Center",blogPost,taliban2,,ZOT_276d4fd54fe3,metadata_only,unverified,bibliographic_inventory_only_until_verified
,,"[Watch] Russia, Pakistan on board US-Taliban talks, India has ‘no influence’ – Zamir Kabulov – Afghan Studies Center",blogPost,taliban2,,ZOT_4929eb25ed18,metadata_only,unverified,bibliographic_inventory_only_until_verified
,,Constitutional Democracy the only way forward for Pakistan & Afghanistan – Afghan Studies Center,blogPost,taliban2,,ZOT_3f7afabd23eb,metadata_only,unverified,bibliographic_inventory_only_until_verified
,,Pak Embassy in Kabul Announces Establishment of a New Economical Trade Link between Pakistan & Afghanistan – Afghan Studies Center,blogPost,taliban2,,ZOT_b3a7c773d5f0,metadata_only,unverified,bibliographic_inventory_only_until_verified
,,"Afghan forces destroy Taliban strongholds, kill 63 rebels",blogPost,taliban2,,ZOT_7d933ed755c9,metadata_only,unverified,bibliographic_inventory_only_until_verified
,,17 hostages freed from Taliban prison,blogPost,taliban2,,ZOT_f759ec2d55e9,metadata_only,unverified,bibliographic_inventory_only_until_verified
,,Editorial: Biden’s morally bankrupt remarks,blogPost,taliban2,,ZOT_3d0bfcc8e7a6,metadata_only,unverified,bibliographic_inventory_only_until_verified
Mackinder,1942.0,Democratic Ideals and Reality: A Study in the Politics of Reconstruction,book,iqbal,,ZOT_5cde307e8b1c,metadata_only,unverified,bibliographic_inventory_only_until_verified
Iqbal,1966.0,Javid-Nama,book,Afghanistan,,ZOT_c64aef0913b6,metadata_only,unverified,bibliographic_inventory_only_until_verified
Arendt,1970.0,On violence,book,pakistan,Violence,ZOT_ecf4f83d9d58,metadata_only,unverified,bibliographic_inventory_only_until_verified
Forrester,1973.0,World dynamics,book,climate_change,Demography; Economic development; Mathematical models; Statics and dynamics (Social sciences),ZOT_2af1d1d8528e,metadata_only,unverified,bibliographic_inventory_only_until_verified
Waltz,1979.0,Theory of international politics,book,realism,,ZOT_501fa5ac757e,metadata_only,unverified,bibliographic_inventory_only_until_verified
Beitz,1979.0,Political theory and international relations,book,realism,,ZOT_ad0df9e34821,metadata_only,unverified,bibliographic_inventory_only_until_verified
Dupree,1980.0,Afghanistan,book,sa654,,ZOT_fac9613c6a87,metadata_only,unverified,bibliographic_inventory_only_until_verified
Darr,1982.0,The World of Iqbal,book,iqbal,,ZOT_5c3eb1f1d296,metadata_only,unverified,bibliographic_inventory_only_until_verified
Wolpert,1982.0,"Roots of confrontation in South Asia: Afghanistan, Pakistan, India, and the superpowers",book,Afghanistan,,ZOT_7abacfe8cbf8,metadata_only,unverified,bibliographic_inventory_only_until_verified
Buzan,1983.0,"People, states, and fear: the national security problem in international relations",book,securitycomplex,,ZOT_b219700e709e,metadata_only,unverified,bibliographic_inventory_only_until_verified
Baldwin,1985.0,Economic Statecraft,book,callforpapers,,ZOT_26e9518abd07,metadata_only,unverified,bibliographic_inventory_only_until_verified
Buzan,1986.0,South Asian Insecurity and the Great Powers,book,securitycomplex,,ZOT_e71bd9957701,metadata_only,unverified,bibliographic_inventory_only_until_verified
Blumer,1986.0,Symbolic Interactionism: Perspective and Method,book,socialmedia,,ZOT_07a989751a03,metadata_only,unverified,bibliographic_inventory_only_until_verified
Amin,1987.0,"Afghanistan crisis : implications and options for Muslim world, Iran, and Pakistan.",book,sa653,,ZOT_0abcb463e12b,metadata_only,unverified,bibliographic_inventory_only_until_verified
Arjomand,1989.0,The Turban for the crown: the Islamic revolution in Iran,book,iran,,ZOT_07c85644e903,metadata_only,unverified,bibliographic_inventory_only_until_verified
Anwar,1989.0,The tragedy of Afghanistan : a first-hand account,book,sa653,,ZOT_cb16bbd2c366,metadata_only,unverified,bibliographic_inventory_only_until_verified
Anwar,1989.0,The tragedy of Afghanistan: a first-hand account,book,sa654,,ZOT_e536ff49589c,metadata_only,unverified,bibliographic_inventory_only_until_verified
Roy,1990.0,Islam and resistance in Afghanistan,book,sa654,,ZOT_10214bd52fb9,metadata_only,unverified,bibliographic_inventory_only_until_verified
Parekh,1991.0,Gandhi's Political Philosophy: A Critical Examination,book,peacebuilding,,ZOT_1bf576d0cdc3,metadata_only,unverified,bibliographic_inventory_only_until_verified
Folke,1991.0,Linking the Natural Environment and the Economy: Essays from the Eco-Eco Group,book,climate_change,,ZOT_b0926bd1ab88,metadata_only,unverified,bibliographic_inventory_only_until_verified
Brouwer,1991.0,"Land Use Changes in Europe: Processes of Change, Environmental Transformations and Future Patterns",book,climate_change,,ZOT_fcb1698bcb7f,metadata_only,unverified,bibliographic_inventory_only_until_verified
Wallerstein,1991.0,Geopolitics and geoculture: essays on the changing world-system,book,climate_change,Geopolitics,ZOT_5c9e1c6f166c,metadata_only,unverified,bibliographic_inventory_only_until_verified
Buzan,1993.0,The logic of anarchy: neorealism to structural realism,book,realism,,ZOT_aac5c5c00044,metadata_only,unverified,bibliographic_inventory_only_until_verified
Lardy,1993.0,Foreign Trade and Economic Reform in China,book,wordpress_blog,,ZOT_71e2e7a98584,metadata_only,unverified,bibliographic_inventory_only_until_verified
Younghusband,1993.0,The Heart of a Continent,book,Afghanistan,,ZOT_03e8891fb9dc,metadata_only,unverified,bibliographic_inventory_only_until_verified
Malik,1993.0,Dilemmas of National Security and Cooperation in India and Pakistan,book,southasia,,ZOT_dd1a24bdeb2c,metadata_only,unverified,bibliographic_inventory_only_until_verified
Baudrillard,1994.0,Simulacra and simulation,book,simulacrum,Reality; Resemblance (Philosophy),ZOT_6c1be95101e4,metadata_only,unverified,bibliographic_inventory_only_until_verified
Racioppi,1994.0,Soviet Policy Towards South Asia Since 1970,book,Afghanistan,,ZOT_41b336d4e98a,metadata_only,unverified,bibliographic_inventory_only_until_verified
Weiner,1994.0,The New geopolitics of Central Asia and its borderlands,book,sa653,,ZOT_e21ccb95336f,metadata_only,unverified,bibliographic_inventory_only_until_verified
Cordovez,1995.0,Out of Afghanistan: The Inside Story of the Soviet Withdrawal,book,Afghanistan,,ZOT_e5c70984cbf8,metadata_only,unverified,bibliographic_inventory_only_until_verified
Olesen,1995.0,Islam and politics in Afghanistan,book,islam method political; sa653,,ZOT_844faf4111fa,metadata_only,unverified,bibliographic_inventory_only_until_verified
Cordovez,1995.0,Out of Afghanistan: the inside story of the Soviet withdrawal,book,sa653,,ZOT_e2352523ea38,metadata_only,unverified,bibliographic_inventory_only_until_verified
Agnew,1995.0,"Mastering space: hegemony, territory and international political economy",book,GreatPowers,Geopolitics; International economic relations; International relations; World politics,ZOT_a4a2371feb6c,metadata_only,unverified,bibliographic_inventory_only_until_verified
Lederach,1996.0,Preparing For Peace: Conflict Transformation Across Cultures,book,peacebuilding,,ZOT_3890923530ac,metadata_only,unverified,bibliographic_inventory_only_until_verified
Suzuki,1996.0,Global Environmental Security: From Protection to Prevention,book,environment,,ZOT_b17c332a01e7,metadata_only,unverified,bibliographic_inventory_only_until_verified
Myers,1996.0,Ultimate security: the environmental basis of political stability,book,environment,Case studies; Environmental aspects; Environmental policy; National security; United States,ZOT_cb47ece5beed,metadata_only,unverified,bibliographic_inventory_only_until_verified
Toal,1996.0,Critical geopolitics: the politics of writing global space,book,Geopolitics,,ZOT_b920988d7ebf,metadata_only,unverified,bibliographic_inventory_only_until_verified
Litvinsky,1996.0,History of civilizations of Central Asia: AD 250 to 750,book,centralAsia,,ZOT_42be8aff5859,metadata_only,unverified,bibliographic_inventory_only_until_verified
Arora,1997.0,Intergovernmental Fiscal Relations: The Chinese System in Perspective,book,federalism,,ZOT_5e5f36dd0661,metadata_only,unverified,bibliographic_inventory_only_until_verified
Heise,1997.0,"Chronoschisms: Time, Narrative, and Postmodernism",book,twitteropoliics,,ZOT_4ce263e30d68,metadata_only,unverified,bibliographic_inventory_only_until_verified
Kakar,1997.0,Afghanistan: the Soviet invasion and the Afghan response ; 1979 - 1982,book,sa653; sa654,,ZOT_b71f882e51a4,metadata_only,unverified,bibliographic_inventory_only_until_verified
Buzan,1998.0,Security: A New Framework for Analysis,book,securitycomplex,,ZOT_01862d289b90,metadata_only,unverified,bibliographic_inventory_only_until_verified
Maley,1998.0,Fundamentalism reborn? Afghanistan and the Taliban,book,sa653,,ZOT_a3e9e081dfc5,metadata_only,unverified,bibliographic_inventory_only_until_verified
Mūsawī,1998.0,"The Hazaras of Afghanistan: an historical, cultural, economic and political study",book,sa654,,ZOT_841329a3d35b,metadata_only,unverified,bibliographic_inventory_only_until_verified
Jarvis,1998.0,Postmodern cartographies: the geographical imagination in contemporary American culture,book,sa662,,ZOT_c936113cdb4f,metadata_only,unverified,bibliographic_inventory_only_until_verified
Arendt,1998.0,The human condition,book,,,ZOT_5039b78ba5a0,metadata_only,unverified,bibliographic_inventory_only_until_verified
Arendt,1998.0,The human condition,book,,,ZOT_fb87dd2863d2,metadata_only,unverified,bibliographic_inventory_only_until_verified
Arendt,1998.0,The human condition,book,,,ZOT_9eda1409962a,metadata_only,unverified,bibliographic_inventory_only_until_verified
Croissant,1999.0,Oil and Geopolitics in the Caspian Sea Region,book,taliban,,ZOT_273c5aa2b25e,metadata_only,unverified,bibliographic_inventory_only_until_verified
Wendt,1999.0,Social Theory of International Politics,book,realism,,ZOT_5ee851add1c2,metadata_only,unverified,bibliographic_inventory_only_until_verified
Wendt,1999.0,Social theory of international politics,book,securitycomplex,,ZOT_400cbd991684,metadata_only,unverified,bibliographic_inventory_only_until_verified
Kliot,2000.0,Geopolitics at the End of the Twentieth Century: The Changing World Political Map,book,securitycomplex,,ZOT_9f66703b7d79,metadata_only,unverified,bibliographic_inventory_only_until_verified
Cooley,2000.0,"Unholy wars: Afghanistan, America, and international terrorism",book,sa653,,ZOT_b0dced19a7fd,metadata_only,unverified,bibliographic_inventory_only_until_verified
Shah,2000.0,Jaina theory of multiple facets of reality and truth: = (Anekāntavāda),book,peacebuilding,,ZOT_81a96d8a93da,metadata_only,unverified,bibliographic_inventory_only_until_verified
Gerrard,2000.0,Fundamentals of soils,book,climate_change,Soils,ZOT_6e4673ef70e2,metadata_only,unverified,bibliographic_inventory_only_until_verified
Mearsheimer,2001.0,The tragedy of Great Power politics,book,realism,,ZOT_eaf79dcc5f57,metadata_only,unverified,bibliographic_inventory_only_until_verified
Connery,2001.0,"Ideologies of Land and Sea: Alfred Thayer Mahan, Carl Schmitt, and the Shaping of Global Myth Elements",book,centralAsia,,ZOT_423277e90b69,metadata_only,unverified,bibliographic_inventory_only_until_verified
Kaplan,2001.0,Soldiers of God: with Islamic warriors in Afghanistan and Pakistan,book,sa653,,ZOT_36714bee7793,metadata_only,unverified,bibliographic_inventory_only_until_verified
Kaplan,2001.0,Soldiers of God: with Islamic warriors in Afghanistan and Pakistan,book,sa654,,ZOT_1d8990aed690,metadata_only,unverified,bibliographic_inventory_only_until_verified
Lewis,2001.0,Constructing public opinion: how political elites do what they like and why we seem to go along with it,book,twittergeopolitics2b,Mass media and public opinion; Political psychology; Public opinion; United States,ZOT_32710a521417,metadata_only,unverified,bibliographic_inventory_only_until_verified
Goodman,2002.0,"China Deconstructs: Politics, Trade and Regionalism",book,BRI-EEU,,ZOT_064d91fc1513,metadata_only,unverified,bibliographic_inventory_only_until_verified
Held,2002.0,"Global transformations: politics, economics and culture",book,Geopolitics,,ZOT_e45afc35b954,metadata_only,unverified,bibliographic_inventory_only_until_verified
Rashid,2002.0,"Taliban: Islam, oil and the new great game in Central Asia",book,WorldFocus,,ZOT_a5944cc01715,metadata_only,unverified,bibliographic_inventory_only_until_verified
Shahrani,2002.0,The Kirghiz and Wakhi of Afghanistan: Adaptation to Closed Frontiers and War,book,Afghanistan,,ZOT_7a7d78f8dbce,metadata_only,unverified,bibliographic_inventory_only_until_verified
Cooley,2002.0,"Unholy Wars: Afghanistan, America and International Terrorism",book,Afghanistan,,ZOT_76b512d0742c,metadata_only,unverified,bibliographic_inventory_only_until_verified
Quester,2002.0,Offense and Defense in the International System,book,realism,,ZOT_1a92d6637bb0,metadata_only,unverified,bibliographic_inventory_only_until_verified
Edwards,2002.0,Before Taliban: genealogies of the Afghan jihad,book,sa654,,ZOT_819837a161ac,metadata_only,unverified,bibliographic_inventory_only_until_verified
Dalby,2002.0,Rethinking Geopolitics.,book,sa662,,ZOT_1aa20bf4e6ee,metadata_only,unverified,bibliographic_inventory_only_until_verified
Rubin,2002.0,The fragmentation of Afghanistan: state formation and collapse in the international system,book,sa653; sa654,,ZOT_ee4819713edd,metadata_only,unverified,bibliographic_inventory_only_until_verified
McCauley,2002.0,Afghanistan and Central Asia: a modern history,book,sa653; sa654,,ZOT_e9d443aff385,metadata_only,unverified,bibliographic_inventory_only_until_verified
Dundas,2002.0,The Jains,book,peacebuilding,,ZOT_2bbf189a87e6,metadata_only,unverified,bibliographic_inventory_only_until_verified
Buzan,2003.0,Regions and Powers: The Structure of International Security,book,Afghanistan; Geopolitics,,ZOT_a16c0d7369fa,metadata_only,unverified,bibliographic_inventory_only_until_verified
Adle,2003.0,History of civilizations of Central Asia. Vol. 5: Development in contrast: from the sixteenth to the mid-nineteenth century,book,eurasiain17thcentury,,ZOT_3a3c93428b5a,metadata_only,unverified,bibliographic_inventory_only_until_verified
Peimani,2003.0,"Falling Terrorism and Rising Conflicts: The Afghan ""Contribution"" to Polarization and Confrontation in West and South Asia",book,Afghanistan,,ZOT_96a553e159ac,metadata_only,unverified,bibliographic_inventory_only_until_verified
Rasanayagam,2003.0,Afghanistan: A Modern History,book,Afghanistan,,ZOT_09f2ebf5a437,metadata_only,unverified,bibliographic_inventory_only_until_verified
Hanami,2003.0,Perspectives on Structural Realism,book,realism,,ZOT_0590681ad692,metadata_only,unverified,bibliographic_inventory_only_until_verified
Mearsheimer,2003.0,The Tragedy of Great Power Politics,book,,,ZOT_b9c104d87ca1,metadata_only,unverified,bibliographic_inventory_only_until_verified
Griffin,2003.0,"Reaping the whirlwind: Afghanistan, Al-Qa'ida, and the holy war",book,sa653,,ZOT_fbc2c7a77c7d,metadata_only,unverified,bibliographic_inventory_only_until_verified
Grare,2003.0,"Pakistan in the face of the Afghan conflict, 1979-1985",book,sa653,,ZOT_de95dd6aff44,metadata_only,unverified,bibliographic_inventory_only_until_verified
Brodsky,2003.0,With all our strength: the Revolutionary Association of the Women of Afghanistan,book,sa654,,ZOT_0735a4887a96,metadata_only,unverified,bibliographic_inventory_only_until_verified
Tanner,2003.0,Afghanistan: a military history from Alexander the Great to the fall of the Taliban,book,sa654,,ZOT_3cec1f8d0c6c,metadata_only,unverified,bibliographic_inventory_only_until_verified
Kidner,2003.0,Socio-economic applications of geographic information science,book,sa662,,ZOT_182205ce3006,metadata_only,unverified,bibliographic_inventory_only_until_verified
Buzan,2003.0,Regions and powers: the structure of international security,book,securitycomplex,,ZOT_406655a13201,metadata_only,unverified,bibliographic_inventory_only_until_verified
Falk,2004.0,The Declining World Order: America's Imperial Geopolitics,book,FDI,,ZOT_9ca3fb1c3244,metadata_only,unverified,bibliographic_inventory_only_until_verified
Buzan,2004.0,The United States and the great powers: world politics in the twenty-first century,book,Geopolitics,,ZOT_037663f62584,metadata_only,unverified,bibliographic_inventory_only_until_verified
Paul,2004.0,Balance of power: theory and practice in the 21st century,book,realism,,ZOT_547e43f17a0b,metadata_only,unverified,bibliographic_inventory_only_until_verified
M,2004.0,Asian Economic Cooperation In The New Millennium: China's Economic Presence,book,southasia,,ZOT_e249d9f849eb,metadata_only,unverified,bibliographic_inventory_only_until_verified
Fiscus,2004.0,America's War in Afghanistan,book,Afghanistan,,ZOT_c2d8d60ac324,metadata_only,unverified,bibliographic_inventory_only_until_verified
Mojtahed-Zadeh,2004.0,The Small Players of the Great Game: The Settlement of Iran's Eastern Borderlands and the Creation of Afghanistan,book,Afghanistan,,ZOT_3f9ca64db71a,metadata_only,unverified,bibliographic_inventory_only_until_verified
Smith,2004.0,"Handbook of Visual Communication: Theory, Methods, and Media",book,semiotics_phenomenology,,ZOT_265a7600a51d,metadata_only,unverified,bibliographic_inventory_only_until_verified
Mojtahed-Zadeh,2004.0,Small players of the Great Game: the settlement of Iran's eastern borderlands and the creation of Afghanistan,book,sa653,,ZOT_4694f688443f,metadata_only,unverified,bibliographic_inventory_only_until_verified
Carnahan,2004.0,Reforming fiscal and economic management in Afghanistan,book,sa654,,ZOT_062c727ae8ca,metadata_only,unverified,bibliographic_inventory_only_until_verified
Dale,2004.0,"The garden of the eight paradises: Bābur and the culture of Empire in Central Asia, Afghanistan and India (1483-1530)",book,sa654,,ZOT_c788256e23c2,metadata_only,unverified,bibliographic_inventory_only_until_verified
Saikal,2004.0,Modern Afghanistan: a history of struggle and survival,book,sa654,,ZOT_4ac0dca7a035,metadata_only,unverified,bibliographic_inventory_only_until_verified
Ewans,2004.0,Conflict in Afghanistan: Studies in Asymetric Warfare,book,Afghanistan; sa653,,ZOT_f3efd07cb656,metadata_only,unverified,bibliographic_inventory_only_until_verified
Arendt,2004.0,The origins of totalitarianism,book,pakistan,,ZOT_f57f24402a3f,metadata_only,unverified,bibliographic_inventory_only_until_verified
Burchill,2005.0,Theories of international relations,book,realism,,ZOT_86cc2239d4f6,metadata_only,unverified,bibliographic_inventory_only_until_verified
Harvey,2005.0,A brief history of neoliberalism,book,Geopolitics,,ZOT_61a6ad9b7399,metadata_only,unverified,bibliographic_inventory_only_until_verified
Foucault,2005.0,The Order of Things,book,BRI-EEU,,ZOT_26405cf8a0f8,metadata_only,unverified,bibliographic_inventory_only_until_verified
Harvey,2005.0,The New Imperialism,book,FDI,,ZOT_d6666dfe53d4,metadata_only,unverified,bibliographic_inventory_only_until_verified
Aydinli,2005.0,"Globalization, security, and the nation-state: paradigms in transition",book,Geopolitics,,ZOT_65f749e7f1f2,metadata_only,unverified,bibliographic_inventory_only_until_verified
Wibbels,2005.0,Federalism and the Market: Intergovernmental Conflict and Economic Reform in the Developing World,book,federalism,,ZOT_1511a8d11088,metadata_only,unverified,bibliographic_inventory_only_until_verified
Hagerty,2005.0,South Asia in World Politics,book,Afghanistan,,ZOT_4320fd90f5f7,metadata_only,unverified,bibliographic_inventory_only_until_verified
Dhaka,2005.0,South Asia and Central Asia: Geopolitical Dynamics,book,Afghanistan,,ZOT_05a0e47d9e4a,metadata_only,unverified,bibliographic_inventory_only_until_verified
Naumkin,2005.0,Radical Islam in Central Asia: Between Pen and Rifle,book,uzbekistan,,ZOT_ac6f41151fcc,metadata_only,unverified,bibliographic_inventory_only_until_verified
Starr,2005.0,A greater Central Asia partnership for Afghanistan and its neighbors,book,centralAsia,,ZOT_d14f7c6e96c4,metadata_only,unverified,bibliographic_inventory_only_until_verified
Dorronsoro,2005.0,"Revolution unending: Afghanistan, 1979 to the present",book,sa654,,ZOT_7ee574f432c6,metadata_only,unverified,bibliographic_inventory_only_until_verified
Schaetzl,2005.0,Soils: genesis and geomorphology,book,climate_change,Geomorphology; Soil formation; Soil structure; Soils,ZOT_654055cbf253,metadata_only,unverified,bibliographic_inventory_only_until_verified
Hasnali,2006.0,"At the dawn of the Cold War: the Soviet-American crisis over Iranian Azerbaijan, 1941 - 1946",book,iran,,ZOT_deef0bbce9e1,metadata_only,unverified,bibliographic_inventory_only_until_verified
Peters,2006.0,War and Escalation in South Asia,book,Afghanistan,,ZOT_918cbc87afa2,metadata_only,unverified,bibliographic_inventory_only_until_verified
Bleaney,2006.0,Afghanistan: A Bibliography,book,Afghanistan,,ZOT_6495d26ffbc5,metadata_only,unverified,bibliographic_inventory_only_until_verified
Sluga,2006.0,"Nation, Psychology, and International Politics, 1870-1919",book,twitteropoliics,,ZOT_e887cb49e14e,metadata_only,unverified,bibliographic_inventory_only_until_verified
Marshall,2006.0,"The Russian General Staff and Asia, 1800-1917",book,Mackinder,,ZOT_8443bbe48383,metadata_only,unverified,bibliographic_inventory_only_until_verified
Wight,2006.0,"Agents, structures and international relations: politics as ontology",book,securitycomplex,,ZOT_53794814540d,metadata_only,unverified,bibliographic_inventory_only_until_verified
Kakar,2006.0,"A political and diplomatic history of Afghanistan, 1863-1901",book,sa653,,ZOT_49c326b143dd,metadata_only,unverified,bibliographic_inventory_only_until_verified
Bleaney,2006.0,Afghanistan : a bibliography,book,sa653,,ZOT_744f028fd81b,metadata_only,unverified,bibliographic_inventory_only_until_verified
López,2006.0,Economic development and environmental sustainability: new policy options,book,environment,,ZOT_cc45d295aa82,metadata_only,unverified,bibliographic_inventory_only_until_verified
Ross,2006.0,Histology: a text and atlas with correlated cell and molecular biology,book,twittergeopolitics2b,,ZOT_59376dd81e70,metadata_only,unverified,bibliographic_inventory_only_until_verified
Fukuyama,2006.0,Nation-Building: Beyond Afghanistan and Iraq,book,sa653; securitycomplex,,ZOT_af0af8f6ccbf,metadata_only,unverified,bibliographic_inventory_only_until_verified
Charmaz,2006.0,Constructing grounded theory,book,grounded_theory,Grounded theory; Research Methodology; Social sciences,ZOT_4beb5090cede,metadata_only,unverified,bibliographic_inventory_only_until_verified
The Diagram Group,2006.0,Weather and climate: an illustrated guide to science,book,climate_change,,ZOT_e072cb23ebec,metadata_only,unverified,bibliographic_inventory_only_until_verified
Mojtahed-Zadeh,2007.0,Small players of the great game: the settlement of Iran's eastern borderlands and the creation of Afghanistan,book,iran,,ZOT_f9d5fcb87866,metadata_only,unverified,bibliographic_inventory_only_until_verified
Miller,2007.0,"States, nations, and the great powers: the sources of regional war and peace",book,securitycomplex,,ZOT_6682bca07142,metadata_only,unverified,bibliographic_inventory_only_until_verified
Kinzer,2007.0,Overthrow: America's century of regime change from Hawaii to Iraq,book,realism,,ZOT_f011ec220b03,metadata_only,unverified,bibliographic_inventory_only_until_verified
Colas,2007.0,The War on Terrorism and the American 'Empire' after the Cold War,book,FDI,,ZOT_840729b42158,metadata_only,unverified,bibliographic_inventory_only_until_verified
Fujita,2007.0,Regional Integration in East Asia: From the Viewpoint of Spatial Economics,book,economicglobalism,,ZOT_74341e1a839b,metadata_only,unverified,bibliographic_inventory_only_until_verified
Wahab,2007.0,A Brief History of Afghanistan,book,Afghanistan,,ZOT_4d997d2140c9,metadata_only,unverified,bibliographic_inventory_only_until_verified
Rumer,2007.0,"Central Asia: Views from Washington, Moscow, and Beijing",book,uzbekistan,,ZOT_196bb41c72bc,metadata_only,unverified,bibliographic_inventory_only_until_verified
Booth,2007.0,Theory of world security,book,securitycomplex,,ZOT_c4937c249767,metadata_only,unverified,bibliographic_inventory_only_until_verified
Rotberg,2007.0,Building a New Afghanistan,book,Afghanistan; taliban2,,ZOT_de9591a5385b,metadata_only,unverified,bibliographic_inventory_only_until_verified
Thrower,2007.0,Maps & civilization: cartography in culture and society,book,sa662,,ZOT_32d97551d3ec,metadata_only,unverified,bibliographic_inventory_only_until_verified
Runion,2007.0,The history of Afghanistan,book,sa654,,ZOT_71455a958094,metadata_only,unverified,bibliographic_inventory_only_until_verified
Roy,2007.0,The failure of political Islam,book,sa654,,ZOT_d06cc15a9428,metadata_only,unverified,bibliographic_inventory_only_until_verified
Gregory,2007.0,"Historical GIS: technologies, methodologies, and scholarship",book,sa662,,ZOT_968f9ff762aa,metadata_only,unverified,bibliographic_inventory_only_until_verified
Macdonald,2007.0,"Drugs in Afghanistan: opium, outlaws and scorpion tales",book,sa653; sa654,,ZOT_3cbb87489e06,metadata_only,unverified,bibliographic_inventory_only_until_verified
Balabanova,2007.0,"Media, wars and politics: comparing the incomparable in Western and Eastern Europe",book,twittergeopolitics2b,Bulgaria; Europe; Great Britain; Press coverage; War,ZOT_7e7337144d22,metadata_only,unverified,bibliographic_inventory_only_until_verified
World Bank,2007.0,World development report 2008: agriculture for development,book,foodsecurity,Agriculture; Economic aspects; Population,ZOT_5abd4e35ade1,metadata_only,unverified,bibliographic_inventory_only_until_verified
Fujita,2008.0,Economic integration in East Asia: perspectives from spatial and neoclassical economics,book,Geopolitics,,ZOT_79eac04086b1,metadata_only,unverified,bibliographic_inventory_only_until_verified
Hopkins,2008.0,The Makings of Modern Afghanistan,book,Afghanistan,,ZOT_b2f6a183d5f7,metadata_only,unverified,bibliographic_inventory_only_until_verified
Jones,2008.0,Counterinsurgency in Afghanistan: RAND Counterinsurgency Study--Volume 4,book,Afghanistan,,ZOT_8bf169bb6424,metadata_only,unverified,bibliographic_inventory_only_until_verified
Starr,2008.0,In defense of greater Central Asia,book,centralAsia,,ZOT_0f62b8bbdb08,metadata_only,unverified,bibliographic_inventory_only_until_verified
Sabet,2008.0,"Islam and the political: theory, governance and international relations",book,islam method political,,ZOT_56c45ad7daf6,metadata_only,unverified,bibliographic_inventory_only_until_verified
Pain,2008.0,Fear: critical geopolitics and everyday life,book,securitycomplex,,ZOT_34238dd7f816,metadata_only,unverified,bibliographic_inventory_only_until_verified
Borovik,2008.0,The hidden war : a Russian journalist's account of the Soviet war in Afghanistan,book,sa653,,ZOT_ff8c8e23268e,metadata_only,unverified,bibliographic_inventory_only_until_verified
Rashid,2008.0,"Descent into chaos: the United States and the failure of nation building in Pakistan, Afghanistan, and Central Asia",book,sa654,,ZOT_e150c51d0bc0,metadata_only,unverified,bibliographic_inventory_only_until_verified
Fazal,2008.0,GIS basics,book,sa662,,ZOT_b661162413f7,metadata_only,unverified,bibliographic_inventory_only_until_verified
Cosgrove,2008.0,"Geography and vision: seeing, imagining and representing the world",book,sa662,,ZOT_e0bfc69a34ad,metadata_only,unverified,bibliographic_inventory_only_until_verified
Bernstein,2008.0,Global liberalism and political order: toward a new grand compromise?,book,environment,,ZOT_df0f1a9423d6,metadata_only,unverified,bibliographic_inventory_only_until_verified
Gallis,2008.0,NATO in Afghanistan: A Test of the Transatlantic Alliance,book,sa653,,ZOT_010f8c9b5b90,metadata_only,unverified,bibliographic_inventory_only_until_verified
Henson,2008.0,The rough guide to weather,book,climate_change,,ZOT_5649d2f1ff2e,metadata_only,unverified,bibliographic_inventory_only_until_verified
Jeffreys,2009.0,"China's Governmentalities: Governing Change, Changing Government",book,BRI-EEU,,ZOT_f239877f403e,metadata_only,unverified,bibliographic_inventory_only_until_verified
Lim,2009.0,Oil and gas in china: The new energy superpower's relations with its region,book,oilrussiachina,,ZOT_ebf8e7f81b9b,metadata_only,unverified,bibliographic_inventory_only_until_verified
Brecher,2009.0,Realism and Institutionalism in International Studies.,book,realism,,ZOT_48547b977cd4,metadata_only,unverified,bibliographic_inventory_only_until_verified
Boadway,2009.0,Fiscal Federalism: Principles and Practice of Multiorder Governance,book,federalism,,ZOT_e1298d9b7a43,metadata_only,unverified,bibliographic_inventory_only_until_verified
Semple,2009.0,Reconciliation in Afghanistan,book,Afghanistan,,ZOT_4335433c52df,metadata_only,unverified,bibliographic_inventory_only_until_verified
Synnott,2009.0,Transforming Pakistan: Ways Out of Instability,book,Afghanistan,,ZOT_e005248f50a7,metadata_only,unverified,bibliographic_inventory_only_until_verified
Wolpert,2009.0,Shameful Flight: The Last Years of the British Empire in India,book,Afghanistan,,ZOT_de4013966da3,metadata_only,unverified,bibliographic_inventory_only_until_verified
Bush,2009.0,The National Security Strategy of the United States of America,book,uzbekistan,,ZOT_1fca6a987d94,metadata_only,unverified,bibliographic_inventory_only_until_verified
Lo,2009.0,"Axis of Convenience: Moscow, Beijing, and the New Geopolitics",book,GreatPowers,,ZOT_c9462192b703,metadata_only,unverified,bibliographic_inventory_only_until_verified
Nye,2009.0,Soft Power: The Means To Success In World Politics,book,socialmedia,,ZOT_e12b044a4cc1,metadata_only,unverified,bibliographic_inventory_only_until_verified
Crews,2009.0,The Taliban and the crisis of Afghanistan,book,taliban2,,ZOT_b78c5dd74301,metadata_only,unverified,bibliographic_inventory_only_until_verified
Crews,2009.0,Taliban and the Crisis of Afghanistan.,book,sa653,,ZOT_6843fcb70c74,metadata_only,unverified,bibliographic_inventory_only_until_verified
Arjomand,2009.0,"Constitutional politics in the Middle East : with special reference to Turkey, Iraq, Iran and Afghanistan",book,sa653,,ZOT_19e7fea46ec1,metadata_only,unverified,bibliographic_inventory_only_until_verified
Abirafeh,2009.0,Gender and international aid in Afghanistan: the politics and effects of intervention,book,sa654,,ZOT_0f52ddafcfe3,metadata_only,unverified,bibliographic_inventory_only_until_verified
Lefebvre,2009.0,"State, space, world: selected essays",book,sa662,,ZOT_3c0626a451e0,metadata_only,unverified,bibliographic_inventory_only_until_verified
Lombaerde,2009.0,The EU and world regionalism: the makability of regions in the 21st century,book,environment,European Union countries; Foreign relations; Interregionalism; Politics and government; Regional disparities; Regional economics; Regional planning,ZOT_80f8cd06c386,metadata_only,unverified,bibliographic_inventory_only_until_verified
Hayes,2009.0,Afghanistan: Transition under Threat,book,Afghanistan; sa653,,ZOT_8e1e3d8add86,metadata_only,unverified,bibliographic_inventory_only_until_verified
Slaymaker,2009.0,The Cryosphere and Global Environmental Change,book,climate_change,,ZOT_971d52f09336,metadata_only,unverified,bibliographic_inventory_only_until_verified
Barry,2009.0,"Atmosphere, Weather and Climate",book,climate_change,,ZOT_4187f4c41616,metadata_only,unverified,bibliographic_inventory_only_until_verified
Liu,2010.0,The Silk Road in world history,book,BRI-EEU,,ZOT_2a119bceb33e,metadata_only,unverified,bibliographic_inventory_only_until_verified
Ryan,2010.0,Neoconservatism and the new American century,book,realism,,ZOT_5d65f564a52f,metadata_only,unverified,bibliographic_inventory_only_until_verified
Guo,2010.0,Thirty Years of China - U.S. Relations: Analytical Approaches and Contemporary Issues,book,realism,,ZOT_c5c36a36662d,metadata_only,unverified,bibliographic_inventory_only_until_verified
Feenstra,2010.0,China's Growing Role in World Trade,book,wordpress_blog,,ZOT_ecfcf0e7c4eb,metadata_only,unverified,bibliographic_inventory_only_until_verified
Gillis,2010.0,Securing the Borderless Network: Security for the Web 2.0 World,book,socialmedia,,ZOT_efbbe0eec6e9,metadata_only,unverified,bibliographic_inventory_only_until_verified
Flemes,2010.0,"Regional leadership in the global system: ideas, interests and strategies of regional powers",book,securitycomplex,,ZOT_d6e2bd889391,metadata_only,unverified,bibliographic_inventory_only_until_verified
Lkhagvadorj,2010.0,Fiscal Federalism and Decentralization in Mongolia,book,federalism,,ZOT_0b51d4905b4a,metadata_only,unverified,bibliographic_inventory_only_until_verified
Peyrouse,2010.0,"China and India in Central Asia: A New ""Great Game""?",book,Afghanistan,,ZOT_92a81502bf57,metadata_only,unverified,bibliographic_inventory_only_until_verified
Oakley,2010.0,Prioritizing Strategic Interests in South Asia,book,Afghanistan,,ZOT_624054b7932f,metadata_only,unverified,bibliographic_inventory_only_until_verified
Herman,2010.0,Manufacturing Consent: The Political Economy of the Mass Media,book,socialmedia,,ZOT_15b4c5cf1a9b,metadata_only,unverified,bibliographic_inventory_only_until_verified
Neville,2010.0,The complete guide to referencing and avoiding plagiarism,book,taliban2,,ZOT_b80837ed26d2,metadata_only,unverified,bibliographic_inventory_only_until_verified
Zaeef,2010.0,My life with the Taliban,book,sa654,,ZOT_46f21474841e,metadata_only,unverified,bibliographic_inventory_only_until_verified
Wood,2010.0,Rethinking the power of maps,book,sa662,,ZOT_44e9c37ca3d5,metadata_only,unverified,bibliographic_inventory_only_until_verified
Clunan,2010.0,Ungoverned spaces: alternatives to state authority in an era of softened sovereignty,book,sa662,,ZOT_718eb75e1a23,metadata_only,unverified,bibliographic_inventory_only_until_verified
Bodenhamer,2010.0,The spatial humanities: GIS and the future of humanities scholarship,book,sa662,,ZOT_1d6634c2576d,metadata_only,unverified,bibliographic_inventory_only_until_verified
Fettweis,2010.0,Dangerous Times? the international politics of great power peace,book,GreatPowers,,ZOT_92ab668c6009,metadata_only,unverified,bibliographic_inventory_only_until_verified
Floyd,2010.0,Security and the environment: securitisation theory and US environmental security policy,book,environment,Environmental policy; National security; United States,ZOT_0f996f4f0c0b,metadata_only,unverified,bibliographic_inventory_only_until_verified
Armitage,2010.0,U.S. Strategy for Pakistan and Afghanistan,book,Afghanistan; sa653,,ZOT_f258ece310cf,metadata_only,unverified,bibliographic_inventory_only_until_verified
Emadi,2010.0,"Dynamics of Political Development in Afghanistan: The British, Russian, and American Invasions",book,Afghanistan; sa653,,ZOT_b229cadeaec2,metadata_only,unverified,bibliographic_inventory_only_until_verified
Katzman,2010.0,Iran: U. S. Concerns and Policy Responses`,book,securitycomplex,History / World,ZOT_2b721c3f58be,metadata_only,unverified,bibliographic_inventory_only_until_verified
Kavalski,2010.0,The new Central Asia: the regional impact of international actors,book,centralAsia,,ZOT_d521ef501a5b,metadata_only,unverified,bibliographic_inventory_only_until_verified
McBeath,2010.0,Environmental change and food security in China,book,climate_change,Agricultural innovations; China; Effect of global warming on; Effect of pollution on; Food crops; Food supply; Government policy,ZOT_bbc23833838c,metadata_only,unverified,bibliographic_inventory_only_until_verified
Hailin,2011.0,China - South Asian Relations : Making New Partnership: a Rising China and Its Neighbors,book,southasia,POLITICAL SCIENCE / International Relations / General; POLITICAL SCIENCE / World / General; South Asian cooperation,ZOT_7527339a332f,metadata_only,unverified,bibliographic_inventory_only_until_verified
Li,2011.0,"China-ASEAN Sub-regional Cooperation: Progress, Problems and Prospect",book,southasia,,ZOT_5df074596fd5,metadata_only,unverified,bibliographic_inventory_only_until_verified
Aspen Institute India,2011.0,The United States and India: A Shared Strategic Future,book,Afghanistan,,ZOT_54ab98001f86,metadata_only,unverified,bibliographic_inventory_only_until_verified
Russell,2011.0,"Mining the Social Web: Analyzing Data from Facebook, Twitter, LinkedIn, and Other Social Media Sites",book,twitteropoliics,,ZOT_02db5c80c294,metadata_only,unverified,bibliographic_inventory_only_until_verified
Engdahl,2011.0,Gods of Money: Wall Street and the Death of the American Century,book,twitteropoliics,,ZOT_62cd89eb8f3c,metadata_only,unverified,bibliographic_inventory_only_until_verified
Clarke,2011.0,Xinjiang and China's Rise in Central Asia - A History,book,uzbekistan,,ZOT_79e8c21fa9f1,metadata_only,unverified,bibliographic_inventory_only_until_verified
Grygiel,2011.0,Great Powers and Geopolitical Change,book,Geopolitics,,ZOT_48a717267323,metadata_only,unverified,bibliographic_inventory_only_until_verified
Tapper,2011.0,Tribe and state in Iran and Afghanistan,book,sa654,,ZOT_f3efa921ee96,metadata_only,unverified,bibliographic_inventory_only_until_verified
Kondlo,2011.0,Governance in the 21st century,book,africa,,ZOT_a0dfc78c030a,metadata_only,unverified,bibliographic_inventory_only_until_verified
Burns,2011.0,"American Interests in South Asia: Building a Grand Strategy in Afghanistan, Pakistan, and India",book,Afghanistan; sa653,,ZOT_f4a7bc7dff06,metadata_only,unverified,bibliographic_inventory_only_until_verified
Khan,2011.0,Afghanistan And Pakistan,book,Afghanistan; sa653,,ZOT_b0fb2a7538c7,metadata_only,unverified,bibliographic_inventory_only_until_verified
Goodson,2011.0,"Afghanistan's Endless War: State Failure, Regional Politics, and the Rise of the Taliban",book,Afghanistan; sa653,,ZOT_087cae86f9fd,metadata_only,unverified,bibliographic_inventory_only_until_verified
Dodge,2011.0,Afghanistan: To 2015 and Beyond,book,Afghanistan; sa653,,ZOT_0c6f24a27573,metadata_only,unverified,bibliographic_inventory_only_until_verified
Klüver,2011.0,"Social understanding: on hermeneutics, geometrical models and artificial intelligence",book,MGIMO_biblio,,ZOT_5d3f930af50e,metadata_only,unverified,bibliographic_inventory_only_until_verified
Smith,2011.0,"Afghanistan's troubled transition: politics, peacekeeping, and the 2004 presidential election",book,sa653,,ZOT_98c79c1d6ae6,metadata_only,unverified,bibliographic_inventory_only_until_verified
Singh,2011.0,Soil health and climate change,book,climate_change,Bodengüte; Climatic changes; Klimaänderung; Quality; Soil productivity; Soils,ZOT_a52073224015,metadata_only,unverified,bibliographic_inventory_only_until_verified
Shrivastava,2011.0,पर्यावरण एवं सामाजिक सरोकार,book,climate_change,,ZOT_1e854195c577,metadata_only,unverified,bibliographic_inventory_only_until_verified
Amineh,2012.0,Secure oil and alternative energy: The geopolitics of energy paths of china and the European Union,book,oilrussiachina,,ZOT_cda7a796de71,metadata_only,unverified,bibliographic_inventory_only_until_verified
Wu,2012.0,"Energy economy in china: Policy imperatives, market dynamics, and regional developments",book,oilrussiachina,,ZOT_a1d5fe210112,metadata_only,unverified,bibliographic_inventory_only_until_verified
Hang,2012.0,"China-Russia, central Asia and east Europe relations: Review and analysis",book,oilrussiachina,,ZOT_2479c204ed9b,metadata_only,unverified,bibliographic_inventory_only_until_verified
Reveron,2012.0,"Cyberspace and national security: threats, opportunities, and power in a virtual world",book,socialmedia,,ZOT_03bc03959a7c,metadata_only,unverified,bibliographic_inventory_only_until_verified
Costigan,2012.0,Cyberspaces and global affairs,book,socialmedia,,ZOT_a2975af0f18b,metadata_only,unverified,bibliographic_inventory_only_until_verified
Kandiyoti,2012.0,Pipelines: flowing oil and crude politics,book,WorldFocus,,ZOT_5df47caeb147,metadata_only,unverified,bibliographic_inventory_only_until_verified
Rashid,2012.0,"Pakistan on the Brink: The future of Pakistan, Afghanistan and the West",book,Afghanistan,,ZOT_ea66490a5c9d,metadata_only,unverified,bibliographic_inventory_only_until_verified
Kaplan,2012.0,The Revenge of Geography: What the Map Tells Us About Coming Conflicts and the Battle Against Fate,book,Afghanistan,,ZOT_05b6cdd031f8,metadata_only,unverified,bibliographic_inventory_only_until_verified
Vinokurov,2012.0,Eurasian Integration: Challenges of Transcontinental Regionalism,book,Afghanistan,,ZOT_5d6c603ea045,metadata_only,unverified,bibliographic_inventory_only_until_verified
Cook,2012.0,"Afghanistan: the Perfect Failure: A War Doomed by the Coalition's Strategies, Policies and Political Correctness",book,Afghanistan,,ZOT_73f7b3ca4711,metadata_only,unverified,bibliographic_inventory_only_until_verified
Rothstein,2012.0,Afghan Endgames: Strategy and Policy Choices for America's Longest War,book,Afghanistan,,ZOT_76e69c5bc0f8,metadata_only,unverified,bibliographic_inventory_only_until_verified
Trottier,2012.0,Social media as surveillance: rethinking visibility in a converging world,book,socialmedia,,ZOT_b1d45fb86b46,metadata_only,unverified,bibliographic_inventory_only_until_verified
Engdahl,2012.0,A Century of War: Anglo-American Oil Politics and the New World Order,book,twitteropoliics,,ZOT_f7b5556cdde7,metadata_only,unverified,bibliographic_inventory_only_until_verified
Leetaru,2012.0,Data Mining Methods for the Content Analyst: An Introduction to the Computational Analysis of Content,book,twitteropoliics,,ZOT_c17f4afaaea8,metadata_only,unverified,bibliographic_inventory_only_until_verified
Elder-Vass,2012.0,The Reality of Social Construction,book,socialmedia,,ZOT_c2c5b6cb9713,metadata_only,unverified,bibliographic_inventory_only_until_verified
Shannon,2012.0,Psychology and Constructivism in International Relations: An Ideational Alliance,book,socialmedia,,ZOT_dd20f5bf253e,metadata_only,unverified,bibliographic_inventory_only_until_verified
Lee,2012.0,New Silk Road and the Northern Distribution Network: A Golden Road to Central Asian Trade Reform?.,book,BRI-EEU,,ZOT_ebc298eb6747,metadata_only,unverified,bibliographic_inventory_only_until_verified
Tsygankov,2012.0,Russia and the West from Alexander to Putin: Honor in International Relations,book,realism,,ZOT_dbbbe713cbf8,metadata_only,unverified,bibliographic_inventory_only_until_verified
Parmelee,2012.0,Politics and the Twitter Revolution: How Tweets Influence the Relationship Between Political Leaders and the Public,book,twitteropoliics,,ZOT_cff0de515162,metadata_only,unverified,bibliographic_inventory_only_until_verified
Hynek,2012.0,Statebuilding in Afghanistan: multinational contributions to reconstruction,book,sa653,,ZOT_7ec9e3ae0e27,metadata_only,unverified,bibliographic_inventory_only_until_verified
Aoun,2012.0,"Religious movements, militancy, and conflict in South Asia : cases from India, Pakistan, and Afghanistan /",book,sa653,,ZOT_67f45ac0d9a6,metadata_only,unverified,bibliographic_inventory_only_until_verified
Iliffe,2012.0,"Datums and map projections for remote sensing, GIS, and surveying",book,sa662,,ZOT_68d52ba11098,metadata_only,unverified,bibliographic_inventory_only_until_verified
Cook,2012.0,Afghanistan,book,sa653,,ZOT_3770ab41fac6,metadata_only,unverified,bibliographic_inventory_only_until_verified
Huasheng,2012.0,"China and Afghanistan: China's interests, stances, and perspectives",book,sa653; taliban,,ZOT_018a43d0db9c,metadata_only,unverified,bibliographic_inventory_only_until_verified
Khan,2012.0,Pakistan's strategic culture and foreign policy making: a study of Pakistan's post 9/11 Afghan policy change,book,sa653,Afghanistan; Foreign relations; Pakistan; Strategic aspects; Strategic culture,ZOT_fd9879b02e72,metadata_only,unverified,bibliographic_inventory_only_until_verified
Tadjbakhsh,2012.0,"Central Asia and Afghanistan: Insulation on the Silk Road, Between Eurasia and the Heart of Asia",book,Afghanistan,,ZOT_bf01e05e2d6b,metadata_only,unverified,bibliographic_inventory_only_until_verified
Bader,2013.0,Obama and China's Rise: An Insider's Account of America's Asia Strategy,book,callforpapers,,ZOT_bd5226fc8fe6,metadata_only,unverified,bibliographic_inventory_only_until_verified
Wei,2013.0,Vertical Specialization and Trade Surplus in China,book,wordpress_blog,,ZOT_4b7d5fda5956,metadata_only,unverified,bibliographic_inventory_only_until_verified
Vassiliev,2013.0,Central Asia: Political and Economic Challenges in the Post-Soviet Era,book,kazakhitaly,,ZOT_bb4894d00ecd,metadata_only,unverified,bibliographic_inventory_only_until_verified
Pervez,2013.0,Security Community in South Asia: India-Pakistan,book,securitycomplex,,ZOT_eda13f0db45a,metadata_only,unverified,bibliographic_inventory_only_until_verified
Oxley,2013.0,Security Risks in Social Media Technologies: Safe Practices in Public Service Applications,book,socialmedia,,ZOT_3b7a473af579,metadata_only,unverified,bibliographic_inventory_only_until_verified
Tomsen,2013.0,"The Wars of Afghanistan: Messianic Terrorism, Tribal Conflicts, and the Failures of Great Powers",book,Afghanistan,,ZOT_c75d8d54a903,metadata_only,unverified,bibliographic_inventory_only_until_verified
Cohen,2013.0,Shooting for a Century: The India-Pakistan Conundrum,book,Afghanistan,,ZOT_ed771c657e65,metadata_only,unverified,bibliographic_inventory_only_until_verified
Riedel,2013.0,"Avoiding Armageddon: America, India, and Pakistan to the Brink and Back",book,Afghanistan,,ZOT_a586305c74e1,metadata_only,unverified,bibliographic_inventory_only_until_verified
Rubin,2013.0,Afghanistan from the Cold War through the War on Terror,book,Afghanistan,,ZOT_7f8e4843915c,metadata_only,unverified,bibliographic_inventory_only_until_verified
Dalrymple,2013.0,"A Deadly Triangle: Afghanistan, Pakistan, and India",book,Afghanistan,,ZOT_9a7d01b8cef1,metadata_only,unverified,bibliographic_inventory_only_until_verified
Tanrisever,2013.0,Afghanistan and Central Asia: NATO's Role in Regional Security Since 9/11,book,Afghanistan,,ZOT_80aa73f25294,metadata_only,unverified,bibliographic_inventory_only_until_verified
Parsons,2013.0,Social System,book,talcottparsons,,ZOT_093925ae9242,metadata_only,unverified,bibliographic_inventory_only_until_verified
Anderson,2013.0,Frontiers: Territory and State Formation in the Modern World,book,twitteropoliics,,ZOT_3e4b78f47846,metadata_only,unverified,bibliographic_inventory_only_until_verified
Herron,2013.0,Learning Cython Programming,book,twitteropoliics,,ZOT_269fcbf97a0c,metadata_only,unverified,bibliographic_inventory_only_until_verified
Williams,2013.0,Steaming to Victory: How Britain's Railways Won the War,book,twitteropoliics,,ZOT_c028c20e110e,metadata_only,unverified,bibliographic_inventory_only_until_verified
Candela,2013.0,QIAOXIANG ON THE SILK ROAD,book,callforpapers,,ZOT_9ef028dac2dd,metadata_only,unverified,bibliographic_inventory_only_until_verified
Akbarzadeh,2013.0,"Uzbekistan and the United States: Authoritarianism, Islamism and Washington's Security Agenda",book,uzbekistan,,ZOT_9b83e25e173a,metadata_only,unverified,bibliographic_inventory_only_until_verified
Kumar,2013.0,Twitter Data Analytics,book,socialmedia,,ZOT_8e64413c0d46,metadata_only,unverified,bibliographic_inventory_only_until_verified
Blouet,2013.0,Global Geostrategy: Mackinder and the Defence of the West,book,Mackinder,,ZOT_412afda0d04e,metadata_only,unverified,bibliographic_inventory_only_until_verified
Weber,2013.0,Protestant Ethic and the Spirit of Capitalism,book,talcottparsons,,ZOT_f0d0857f23ea,metadata_only,unverified,bibliographic_inventory_only_until_verified
Russell,2013.0,"Mining the social web: data mining from Facebook, Twitter, LinkedIn, Google+, GitHub and more",book,twitteropoliics,,ZOT_f77f0d188744,metadata_only,unverified,bibliographic_inventory_only_until_verified
Qassem,2013.0,Afghanistan's Political Stability: A Dream Unrealised,book,Afghanistan; sa653,,ZOT_c3f693f4b26e,metadata_only,unverified,bibliographic_inventory_only_until_verified
Nawabi,2013.0,Future and Modernization of Afghanistan,book,Afghanistan; sa653,,ZOT_4d72aaaadbdf,metadata_only,unverified,bibliographic_inventory_only_until_verified
Braithwaite,2013.0,Afgantsy: The Russians in Afghanistan 1979-89,book,Afghanistan; sa653,,ZOT_2945f3aa8cdd,metadata_only,unverified,bibliographic_inventory_only_until_verified
Held,2013.0,Cosmopolitanism: Ideals and Realities,book,peacebuilding,,ZOT_2c9e01c373d1,metadata_only,unverified,bibliographic_inventory_only_until_verified
Tan,2013.0,Diaspora engagement and development in South Asia,book,territorialtrap,,ZOT_0e79123bbedb,metadata_only,unverified,bibliographic_inventory_only_until_verified
Arendt,2013.0,The Human Condition: Second Edition,book,pakistan,,ZOT_904059d1498d,metadata_only,unverified,bibliographic_inventory_only_until_verified
Alvandi,2014.0,"Nixon, Kissinger, and the Shah: the United States and Iran in the Cold War",book,iran,"1969-1974; Cold War; Diplomatic history; Foreign relations; Iran; Kissinger, Henry; Nixon, Richard M; Richard Milhous; United States",ZOT_18091e89b07c,metadata_only,unverified,bibliographic_inventory_only_until_verified
Gerlach,2014.0,Color revolutions in Eurasia,book,GreatPowers,,ZOT_dfd20228d075,metadata_only,unverified,bibliographic_inventory_only_until_verified
Cook,2014.0,"Visualizing Modern China: Image, History, and Memory, 1750–Present",book,BRI-EEU,,ZOT_f70e02770cb1,metadata_only,unverified,bibliographic_inventory_only_until_verified
Gainous,2014.0,Tweeting to Power: The Social Media Revolution in American Politics,book,twitteropoliics,,ZOT_05b38090214e,metadata_only,unverified,bibliographic_inventory_only_until_verified
Elleman,2014.0,Beijing's Power and China's Borders: Twenty Neighbors in Asia,book,taliban,,ZOT_6683970cb439,metadata_only,unverified,bibliographic_inventory_only_until_verified
Carminati,2014.0,Security and trust in online social networks,book,socialmedia,,ZOT_efb684ba1f19,metadata_only,unverified,bibliographic_inventory_only_until_verified
Riegl,2014.0,Strategic Regions in 21st Century Power Politics : Zones of Consensus and Zones of Conflict,book,securitycomplex,BUSINESS & ECONOMICS / Economics / General; BUSINESS & ECONOMICS / Reference; Balance of power; International relations,ZOT_1e6316511502,metadata_only,unverified,bibliographic_inventory_only_until_verified
Gall,2014.0,The Wrong Enemy: America in Afghanistan 2001 - 2014,book,Afghanistan,,ZOT_42f96a8b3c9f,metadata_only,unverified,bibliographic_inventory_only_until_verified
Cohen,2014.0,Geopolitics: The Geography of International Relations,book,Afghanistan,,ZOT_d2872f4f9478,metadata_only,unverified,bibliographic_inventory_only_until_verified
Krause,2014.0,"Afghanistan, Pakistan and Strategic Change: Adjusting Western regional policy",book,Afghanistan,,ZOT_1d14d79eeac4,metadata_only,unverified,bibliographic_inventory_only_until_verified
Qin,2014.0,Ancient silk trade routes: selected works from Symposium on Cross Cultural Exchanges and Their Legacies in Asia,book,,,ZOT_f588363475ed,metadata_only,unverified,bibliographic_inventory_only_until_verified
Kissane,2014.0,Beyond anarchy: the complex and chaotic dynamics of international politics,book,securitycomplex,,ZOT_34f94caae06e,metadata_only,unverified,bibliographic_inventory_only_until_verified
Bottici,2014.0,Imaginal Politics: Images Beyond Imagination and the Imaginary,book,socialmedia,,ZOT_88996f809b49,metadata_only,unverified,bibliographic_inventory_only_until_verified
Kuhn,2014.0,Enabling the Iranian Gas Export Options: The Destiny of Iranian Energy Relations in a Tripolar Struggle over Energy Security and Geopolitics,book,russiapipelines,,ZOT_c5c9f01d764f,metadata_only,unverified,bibliographic_inventory_only_until_verified
Krause,2014.0,Afghanistan: Adjusting Western regional policy.,book,sa653,,ZOT_8924089be756,metadata_only,unverified,bibliographic_inventory_only_until_verified
Dupree,2014.0,Afghanistan,book,sa653,,ZOT_68050e9b232e,metadata_only,unverified,bibliographic_inventory_only_until_verified
Brown,2014.0,US Policy in Afghanistan and Iraq: Lessons and Legacies.,book,sa653,,ZOT_a4a2d951cb0a,metadata_only,unverified,bibliographic_inventory_only_until_verified
Tight,2014.0,Theory and method in higher education research II,book,MGIMO_biblio,,ZOT_5a65ee943a23,metadata_only,unverified,bibliographic_inventory_only_until_verified
Siddique,2014.0,The Pashtun question: the unresolved key to the future of Pakistan and Afghanistan,book,sa654,,ZOT_8531527a9559,metadata_only,unverified,bibliographic_inventory_only_until_verified
Nader,2014.0,Iran’s Influence in Afghanistan: Implications for the U.S. Drawdown,book,Afghanistan; sa653,,ZOT_61a8c756ebf6,metadata_only,unverified,bibliographic_inventory_only_until_verified
Kakar,2014.0,The US-Afghanistan Relations during Obama Era: Implications for Pakistan,book,Afghanistan; sa653,,ZOT_10429e11a807,metadata_only,unverified,bibliographic_inventory_only_until_verified
Çolakoğlu,2014.0,The Future of Afghanistan and Turkey‘s Contribution,book,Afghanistan; sa653,,ZOT_1b93a960b1ab,metadata_only,unverified,bibliographic_inventory_only_until_verified
Danneman,2014.0,Social media mining with R: deploy cutting-edge sentiment analysis techniques to real-world social media data using R,book,twitteropoliics,,ZOT_6ee4d1bf4c3c,metadata_only,unverified,bibliographic_inventory_only_until_verified
Jain,2014.0,Social consciousness in Jainism,book,peacebuilding,,ZOT_c5cf9837bb99,metadata_only,unverified,bibliographic_inventory_only_until_verified
Zhang,2015.0,The domestic dynamics of china's energy diplomacy,book,oilrussiachina,,ZOT_52e331564dbf,metadata_only,unverified,bibliographic_inventory_only_until_verified
Katzenstein,2015.0,A World of Regions: Asia and Europe in the American Imperium,book,securitycomplex,,ZOT_ad23ca722090,metadata_only,unverified,bibliographic_inventory_only_until_verified
Dittmer,2015.0,"South Asia's Nuclear Security Dilemma: India, Pakistan, and China",book,Afghanistan,,ZOT_2c05541560cb,metadata_only,unverified,bibliographic_inventory_only_until_verified
Small,2015.0,The China-Pakistan Axis: Asia's New Geopolitics,book,Afghanistan,,ZOT_4cc08ead752e,metadata_only,unverified,bibliographic_inventory_only_until_verified
Lamb,2015.0,Farewell Kabul: From Afghanistan To A More Dangerous World,book,Afghanistan,,ZOT_d3c0928289da,metadata_only,unverified,bibliographic_inventory_only_until_verified
Riedel,2015.0,"Deadly Embrace : Pakistan, America, And The Future Of The Global Jihad",book,Afghanistan,,ZOT_28784378ae32,metadata_only,unverified,bibliographic_inventory_only_until_verified
Coelho,2015.0,Building Machine Learning Systems with Python - Second Edition,book,twitteropoliics,,ZOT_c0f61ccd5530,metadata_only,unverified,bibliographic_inventory_only_until_verified
Hardeniya,2015.0,NLTK Essentials,book,twitteropoliics,,ZOT_3b5c369654dd,metadata_only,unverified,bibliographic_inventory_only_until_verified
Svensson,2015.0,Between Humanities and the Digital,book,twitteropoliics,,ZOT_156bf3c85bea,metadata_only,unverified,bibliographic_inventory_only_until_verified
Engdahl,2015.0,Target: China How Washington and Wall Street Plan to Cage the Asian Dragon,book,twitteropoliics,,ZOT_c82f8d6fb489,metadata_only,unverified,bibliographic_inventory_only_until_verified
Omelicheva,2015.0,Democracy in Central Asia: Competing Perspectives and Alternative Strategies,book,uzbekistan,,ZOT_927142159b31,metadata_only,unverified,bibliographic_inventory_only_until_verified
Denoon,2015.0,"China, The United States, and the Future of Central Asia: U.S.-China Relations",book,uzbekistan,,ZOT_2ef925d40a7e,metadata_only,unverified,bibliographic_inventory_only_until_verified
Klieman,2015.0,Great powers and geopolitics: international affairs in a rebalancing world,book,GreatPowers,,ZOT_f2272cf20b30,metadata_only,unverified,bibliographic_inventory_only_until_verified
Wang,2015.0,Quantitative methods and socio-economic applications in GIS,book,sa662,,ZOT_faa762dd743b,metadata_only,unverified,bibliographic_inventory_only_until_verified
Mirumachi,2015.0,Transboundary water politics in the developing world,book,environment,Developing countries; Government policy; Management; SOCIAL SCIENCE / Human Geography; Water-supply,ZOT_26afb9cd77e0,metadata_only,unverified,bibliographic_inventory_only_until_verified
Trottier,2015.0,"Social media, politics and the state: protests, revolutions, riots, crime and policing in the age of Facebook, Twitter and YouTube",book,socialmedia,,ZOT_4eb00ed8094d,metadata_only,unverified,bibliographic_inventory_only_until_verified
Gleditsch,2015.0,Nils Petter Gleditsch: Pioneer in the Analysis of War and Peace,book,climate_change,,ZOT_fa504a5e1339,metadata_only,unverified,bibliographic_inventory_only_until_verified
Watson,2015.0,Environmental security in the Asia-Pacific,book,climate_change,,ZOT_040d21fb0ba1,metadata_only,unverified,bibliographic_inventory_only_until_verified
Ohanyan,2015.0,Networked Regionalism As Conflict Management,book,securitycomplex,,ZOT_ebfa7106220e,metadata_only,unverified,bibliographic_inventory_only_until_verified
Sprout,2016.0,Ecological Perspective on Human Affairs,book,environment,,ZOT_aa35332f9433,metadata_only,unverified,bibliographic_inventory_only_until_verified
Chaudet,2016.0,When empire meets nationalism: power politics in the US and Russia,book,Geopolitics,,ZOT_33071f916c0c,metadata_only,unverified,bibliographic_inventory_only_until_verified
Davis,2016.0,Twitter and Elections around the World: Campaigning in 140 Characters or Less,book,twitteropoliics,,ZOT_d7ac1c26a1f4,metadata_only,unverified,bibliographic_inventory_only_until_verified
Koschut,2016.0,Normative change and security community disintegration: undoing peace,book,CPEC; Geopolitics,,ZOT_eab38eea924f,metadata_only,unverified,bibliographic_inventory_only_until_verified
Moak,2016.0,China's Economic Rise and Its Global Impact,book,economicglobalism,,ZOT_8d7cc07920a5,metadata_only,unverified,bibliographic_inventory_only_until_verified
Lu,2016.0,China-India Relations in the Contemporary World: Dynamics of national Identity and Interest,book,southasia,,ZOT_9b51a1cfaa15,metadata_only,unverified,bibliographic_inventory_only_until_verified
Hettne,2016.0,The New Regionalism and the Future of Security and Development,book,southasia,,ZOT_765d2e925c16,metadata_only,unverified,bibliographic_inventory_only_until_verified
Adeney,2016.0,Federalism and ethnic conflict regulation in India and Pakistan,book,federalism,,ZOT_4f3aed0d85d5,metadata_only,unverified,bibliographic_inventory_only_until_verified
Bonzanini,2016.0,Mastering Social Media Mining with Python,book,twitteropoliics,,ZOT_0693ddb36fd8,metadata_only,unverified,bibliographic_inventory_only_until_verified
Shroder,2016.0,Transboundary Water Resources in Afghanistan: Climate Change and Land-Use Implications,book,Afghanistan,,ZOT_cffe1dadc91e,metadata_only,unverified,bibliographic_inventory_only_until_verified
Nance,2016.0,"Defeating ISIS: Who They Are, How They Fight, What They Believe",book,Afghanistan,,ZOT_071c052c9a76,metadata_only,unverified,bibliographic_inventory_only_until_verified
Saikal,2016.0,Afghanistan and Its Neighbors after the NATO Withdrawal,book,Afghanistan,,ZOT_420969719acd,metadata_only,unverified,bibliographic_inventory_only_until_verified
Ahmed,2016.0,Regionalism and Regional Security in South Asia: The Role of SAARC,book,Afghanistan,,ZOT_4cfae6b49649,metadata_only,unverified,bibliographic_inventory_only_until_verified
Malik,2016.0,Pashtun Identity and Geopolitics in Southwest Asia: Pakistan and Afghanistan Since 9/11,book,Afghanistan,,ZOT_489e41ae84b6,metadata_only,unverified,bibliographic_inventory_only_until_verified
Mitchell,2016.0,The Democracy Promotion Paradox,book,twitteropoliics,,ZOT_5ad2ac3dc212,metadata_only,unverified,bibliographic_inventory_only_until_verified
Engdahl,2016.0,The Lost Hegemon: Whom the Gods Would Destroy,book,twitteropoliics,,ZOT_68a42b0b0143,metadata_only,unverified,bibliographic_inventory_only_until_verified
Desai,2016.0,Analytical Gains of Geopolitical Economy,book,callforpapers,,ZOT_48c180aa7784,metadata_only,unverified,bibliographic_inventory_only_until_verified
Hierman,2016.0,Russia and Eurasia 2016-2017,book,russiapipelines,,ZOT_335080451f7c,metadata_only,unverified,bibliographic_inventory_only_until_verified
Stuenkel,2016.0,Post-Western World: How Emerging Powers Are Remaking Global Order,book,SCO,,ZOT_65d197daf8bc,metadata_only,unverified,bibliographic_inventory_only_until_verified
Stabile,2016.0,"Constructivism Reconsidered in the Age of Social Media: New Directions for Teaching and Learning, Number 144",book,socialmedia,,ZOT_8734c28a6557,metadata_only,unverified,bibliographic_inventory_only_until_verified
Avant,2016.0,The New Power Politics: Networks and Transnational Security Governance,book,southasia,,ZOT_a335335e1140,metadata_only,unverified,bibliographic_inventory_only_until_verified
Hamid,2016.0,"Sufis, Salafis and Islamists: the contested ground of British Islamic activism",book,islam method political,,ZOT_5afd94ef3fdf,metadata_only,unverified,bibliographic_inventory_only_until_verified
Lim,2016.0,China's One Belt One Road Initiative,book,SCO; economicglobalism,,ZOT_fb1f393a0488,metadata_only,unverified,bibliographic_inventory_only_until_verified
Kazil,2016.0,Data Wrangling with Python: Tips and Tools to Make Your Life Easier,book,twitteropoliics,,ZOT_21c9e9c92ea7,metadata_only,unverified,bibliographic_inventory_only_until_verified
Bolstad,2016.0,GIS fundamentals: a first text on geographic information systems,book,sa662,,ZOT_af4587af32e9,metadata_only,unverified,bibliographic_inventory_only_until_verified
Brewer,2016.0,Designing better maps: a guide for GIS users,book,sa662,,ZOT_afb1044ba726,metadata_only,unverified,bibliographic_inventory_only_until_verified
Hyman,2016.0,"Afghanistan under Soviet Domination, 1964–91",book,sa653; taliban,,ZOT_142320b7a6b9,metadata_only,unverified,bibliographic_inventory_only_until_verified
Blackwill,2016.0,War by Other Means: Geoeconomics and Statecraft,book,geoeconomics,Business & Economics / International / Economics & Trade; Political Science / Geopolitics; Political Science / International Relations / General; Political Science / Political Economy; Political Science / World / General,ZOT_f9a5c4df0cdd,metadata_only,unverified,bibliographic_inventory_only_until_verified
Barisione,2017.0,Social Media and European Politics: Rethinking Power and Legitimacy in the Digital Era,book,twitteropoliics,,ZOT_d3f34b8a18d1,metadata_only,unverified,bibliographic_inventory_only_until_verified
Galbraith,2017.0,American Capitalism: The Concept of Countervailing Power,book,FDI,,ZOT_7186e40411cb,metadata_only,unverified,bibliographic_inventory_only_until_verified
Kreutzmann,2017.0,Wakhan Quadrangle: Exploration and Espionage During and After the Great Game,book,Afghanistan,,ZOT_f9bec8bbed10,metadata_only,unverified,bibliographic_inventory_only_until_verified
Rynning,2017.0,South Asia and the Great Powers: International Relations and Regional Security,book,Afghanistan,,ZOT_928761b3c761,metadata_only,unverified,bibliographic_inventory_only_until_verified
Pantucci,2017.0,China’s Eurasian Pivot: The Silk Road Economic Belt,book,OBOR_train,,ZOT_0c4cb022c157,metadata_only,unverified,bibliographic_inventory_only_until_verified
I.M.F.M.E.C. Asia,2017.0,"Islamic Republic of Afghanistan: 2017 Article IV Consultation and Second Review under the Extended Credit Facility Arrangement, and Request for Modification of Performance Criteria-Press Release; Staff Report; and Statement by the Executive Director for the Islamic Republic of Afghanistan",book,CPEC,,ZOT_5694b0b705ea,metadata_only,unverified,bibliographic_inventory_only_until_verified
Choudhry,2017.0,Is Cpec Economic Corridor or a Strategic Game Plan?,book,CPEC,,ZOT_e89b481ef9a8,metadata_only,unverified,bibliographic_inventory_only_until_verified
Ciampaglia,2017.0,"Social informatics: 9th international conference, SocInfo 2017, Oxford, UK, September 13-15, 2017: proceedings. Part 2: ...",book,socialmedia,,ZOT_723404e4c567,metadata_only,unverified,bibliographic_inventory_only_until_verified
Ohri,2017.0,Python for R Users: A Data Science Approach,book,twitteropoliics,,ZOT_569016a2f11e,metadata_only,unverified,bibliographic_inventory_only_until_verified
Chomsky,2017.0,Requiem for the American Dream: The 10 Principles of Concentration of Wealth & Power,book,socialmedia,,ZOT_ce48236c4b07,metadata_only,unverified,bibliographic_inventory_only_until_verified
Barfield,2017.0,Afghanistan: a cultural and political history,book,sa653,,ZOT_8a79d215d9ff,metadata_only,unverified,bibliographic_inventory_only_until_verified
Ibrahimi,2017.0,"The Hazaras and the Afghan state: rebellion, exclusion and the struggle for recognition",book,sa654,,ZOT_dd4d48b0255e,metadata_only,unverified,bibliographic_inventory_only_until_verified
Ahmed,2017.0,Afghanistan rising: Islamic law and statecraft between the Ottoman and British empires,book,sa653; sa654,,ZOT_1ac5091b3b59,metadata_only,unverified,bibliographic_inventory_only_until_verified
Laruelle,2017.0,The Central Asia–Afghanistan Relationship: From Soviet Intervention to the Silk Road Initiatives,book,Afghanistan; sa653,,ZOT_ba9e65567a48,metadata_only,unverified,bibliographic_inventory_only_until_verified
Lansford,2017.0,Afghanistan at War: From the 18th-Century Durrani Dynasty to the 21st Century,book,sa653; taliban,,ZOT_2cb1e5f85cff,metadata_only,unverified,bibliographic_inventory_only_until_verified
Allison,2017.0,Destined for War: can America and China escape Thucydides’ Trap?,book,geoeconomics,History / Asia / China; History / Asia / General; History / Military / Ancient; History / Military / General; History / Military / Strategy; Political Science / Geopolitics; Political Science / History & Theory; Political Science / International Relations / Diplomacy; Political Science / International Relations / General; Political Science / Political Freedom; Political Science / Security (National & International); Technology & Engineering / Military Science,ZOT_82c2020a1120,metadata_only,unverified,bibliographic_inventory_only_until_verified
Narayanan,2018.0,India - Uzbekistan partnership in regional peace and stability: challenges and prospects,book,marina,,ZOT_e150df408011,metadata_only,unverified,bibliographic_inventory_only_until_verified
Michael,2018.0,Unrivaled: Why America Will Remain the World's Sole Superpower,book,realism,,ZOT_3433031426f5,metadata_only,unverified,bibliographic_inventory_only_until_verified
Haas,2018.0,"The Ideological Origins of Great Power Politics, 1789-1989",book,realism,,ZOT_a4f607268073,metadata_only,unverified,bibliographic_inventory_only_until_verified
Koch,2018.0,"The Geopolitics of Spectacle: Space, Synecdoche, and the New Capitals of Asia",book,Geopolitics,,ZOT_7c6d7824dff1,metadata_only,unverified,bibliographic_inventory_only_until_verified
Bucher,2018.0,If...Then: Algorithmic Power and Politics,book,twitteropoliics,,ZOT_e0c965e7a7bf,metadata_only,unverified,bibliographic_inventory_only_until_verified
U. S. Committee On Foreign Affairs,2018.0,"Developments in the ""Other"" South Asia; Afghanistan, Bangladesh, Nepal, and Sri Lanka: Hearing and Markups on H. Con. Res. 278 and H. Con. Res. 216 Before the Subcommittee on Asia and the Pacific of the Committee on Foreign Affairs, House of Representativ",book,Afghanistan,,ZOT_8f60e20fe052,metadata_only,unverified,bibliographic_inventory_only_until_verified
Haqqani,2018.0,Reimagining Pakistan: Transforming a Dysfunctional Nuclear State,book,Afghanistan,,ZOT_6fca93c09729,metadata_only,unverified,bibliographic_inventory_only_until_verified
Johny,2018.0,The ISIS Caliphate: From Syria to the Doorsteps of India,book,Afghanistan,,ZOT_11126e6a1e64,metadata_only,unverified,bibliographic_inventory_only_until_verified
Brands,2018.0,American Grand Strategy in the Age of Trump,book,twitteropoliics,,ZOT_4c79236ae17e,metadata_only,unverified,bibliographic_inventory_only_until_verified
Lei,2018.0,The Political Economy Of China's Belt And Road Initiative,book,SCO,,ZOT_8445e1c9b003,metadata_only,unverified,bibliographic_inventory_only_until_verified
Zhang,2018.0,China's Belt and Road Initiative: Changing the Rules of Globalization,book,BRI-EEU,,ZOT_50e91eea672c,metadata_only,unverified,bibliographic_inventory_only_until_verified
Amirova‐Mammadova,2018.0,Pipeline Politics and Natural Gas Supply from Azerbaijan to Europe: Challenges and Perspectives,book,russiapipelines,,ZOT_e7caa01cf507,metadata_only,unverified,bibliographic_inventory_only_until_verified
Sakwa,2018.0,Eurasia on the Edge: Managing Complexity,book,CICA,,ZOT_acf9dd7926d0,metadata_only,unverified,bibliographic_inventory_only_until_verified
Couldry,2018.0,The Mediated Construction of Reality,book,socialmedia,,ZOT_ae7a405add9d,metadata_only,unverified,bibliographic_inventory_only_until_verified
Mearsheimer,2018.0,The great delusion: liberal dreams and international realities,book,Geopolitics,,ZOT_d71e8a3cb4a9,metadata_only,unverified,bibliographic_inventory_only_until_verified
Collombier,2018.0,Tribes and Global Jihadism.,book,taliban_twitter,,ZOT_7aa004219147,metadata_only,unverified,bibliographic_inventory_only_until_verified
Collombier,2018.0,Tribes and global jihadism,book,sa654,,ZOT_0872ec0a83bd,metadata_only,unverified,bibliographic_inventory_only_until_verified
Shahrani,2018.0,Modern Afghanistan: the impact of 40 years of war,book,sa654,,ZOT_777fe8eac5fc,metadata_only,unverified,bibliographic_inventory_only_until_verified
Smolnikov,2018.0,Great power conduct and credibility in world politics,book,environment,,ZOT_f278a7f2c6dc,metadata_only,unverified,bibliographic_inventory_only_until_verified
Nadal-Romero,2018.0,Badland dynamics in the context of global change,book,climate_change,Badlands; Climatic factors; Soil erosion,ZOT_a6acd33622c7,metadata_only,unverified,bibliographic_inventory_only_until_verified
Ott,2019.0,The Twitter Presidency: Donald J. Trump and the Politics of White Rage,book,twitteropoliics,,ZOT_0ddace70ebb8,metadata_only,unverified,bibliographic_inventory_only_until_verified
Omelicheva,2019.0,Webs of Corruption: Trafficking and Terrorism in Central Asia,book,uzbekistan,,ZOT_c1941565894e,metadata_only,unverified,bibliographic_inventory_only_until_verified
Gohardani,2019.0,"The Political Economy of Iran: Development, Revolution and Political Violence",book,iran,,ZOT_8a505cf622de,metadata_only,unverified,bibliographic_inventory_only_until_verified
Lee,2019.0,Afghanistan A History from 1260 to the Present,book,sa653,,ZOT_e46688d88b59,metadata_only,unverified,bibliographic_inventory_only_until_verified
Henderson,2019.0,The globalization of Russian gas: political and commercial catalysts,book,energy_statistics,,ZOT_b3d44f8545e0,metadata_only,unverified,bibliographic_inventory_only_until_verified
Dorani,2019.0,America in Afghanistan: foreign policy and decision making from Bush to Obama to Trump,book,sa653,,ZOT_e76ba861c5b9,metadata_only,unverified,bibliographic_inventory_only_until_verified
Ehsan,2019.0,"Democratisation process in Afghanistan: Islam, tradition and modernity",book,sa653,,ZOT_1bf64aaa4be9,metadata_only,unverified,bibliographic_inventory_only_until_verified
IEA,2019.0,World Energy Statistics,book,CPEC,,ZOT_bbe78388b845,metadata_only,unverified,bibliographic_inventory_only_until_verified
Choudhary,2019.0,Climate change and agricultural ecosystems: current challenges and adaptation,book,climate_change,Agriculture; Climatic changes; Crops and climate; Economic aspects,ZOT_b76f38a9669a,metadata_only,unverified,bibliographic_inventory_only_until_verified
Bolton,2020.0,The room where it happened: a White House memoir,book,realism,,ZOT_e4f6aefb882f,metadata_only,unverified,bibliographic_inventory_only_until_verified
Gustafson,2020.0,The bridge: natural gas in a redivided Europe,book,energy_statistics,,ZOT_bb3af17a0e2b,metadata_only,unverified,bibliographic_inventory_only_until_verified
Romele,2020.0,Digital hermeneutics: philosophical investigations in new media and technologies,book,grounded_theory,Hermeneutics; Mass media and technology; Social aspects; Technology,ZOT_14bc80a710b8,metadata_only,unverified,bibliographic_inventory_only_until_verified
Rubin,2020.0,Afghanistan: what everyone needs to know,book,sa653,,ZOT_2b6d391e7ecc,metadata_only,unverified,bibliographic_inventory_only_until_verified
Mousavi,2020.0,The Hazaras of Afghanistan,book,sa653,,ZOT_500a886f7c16,metadata_only,unverified,bibliographic_inventory_only_until_verified
Vara Prasad,2020.0,Climate change and soil interactions,book,climate_change,Climatic changes; Plant-soil relationships; Soil biodiversity,ZOT_376dc2968c65,metadata_only,unverified,bibliographic_inventory_only_until_verified
Béteille,2020.0,"Ready to learn: before school, in school, and beyond school in South Asia",book,environment,,ZOT_3601971e8a65,metadata_only,unverified,bibliographic_inventory_only_until_verified
International Energy Agency,2021.0,World Energy Outlook 2021,book,energy_statistics,,ZOT_563e9ea6e707,metadata_only,unverified,bibliographic_inventory_only_until_verified
Malkasian,2021.0,The American war in Afghanistan,book,sa653,,ZOT_f4aa24027356,metadata_only,unverified,bibliographic_inventory_only_until_verified
Levi-Sanchez,2021.0,Bridging state and civil society: informal organizations in Tajik/Afghan Badakhshan,book,sa654,,ZOT_851a96d0ee07,metadata_only,unverified,bibliographic_inventory_only_until_verified
Taloor,2021.0,"Water, cryosphere, and climate change in the Himalayas: a geospatial approach",book,climate_change,,ZOT_472e0436f345,metadata_only,unverified,bibliographic_inventory_only_until_verified
Ahmed,2022.0,The Belt and Road Initiative: geopolitical and geoeconomic aspects,book,BRI-EEU,,ZOT_41d79cbe8c4c,metadata_only,unverified,bibliographic_inventory_only_until_verified
Falkner,2022.0,"Great powers, climate change and global environmental responsibilities",book,securitycomplex,,ZOT_5614db453baa,metadata_only,unverified,bibliographic_inventory_only_until_verified
Grare,2022.0,The Indian Ocean as a New Political and Security Region,book,BRI-EEU,,ZOT_f210213b786e,metadata_only,unverified,bibliographic_inventory_only_until_verified
Dalby,2022.0,Rethinking environmental security,book,environment,"Environmental aspects; Environmental policy; Security, International",ZOT_68d070c1b450,metadata_only,unverified,bibliographic_inventory_only_until_verified
IPCC,2022.0,The Ocean and Cryosphere in a Changing Climate,book,climate_change,,ZOT_453ca741c4c3,metadata_only,unverified,bibliographic_inventory_only_until_verified
Garg,2022.0,पर्यावरण भूगोल,book,climate_change,,ZOT_ddd7d9b51355,metadata_only,unverified,bibliographic_inventory_only_until_verified
Mamoria,2022.0,"भूगोल: पर्यावरण, आपदा प्रबंधन एवं जलवायु परिवर्तन",book,climate_change,,ZOT_b116f5fb8c81,metadata_only,unverified,bibliographic_inventory_only_until_verified
Intergovernmental Panel on Climate Change,2022.0,"Climate Change and Land: IPCC Special Report on Climate Change, Desertification, Land Degradation, Sustainable Land Management, Food Security, and Greenhouse Gas Fluxes in Terrestrial Ecosystems",book,environment,,ZOT_ab8f32e54fd6,metadata_only,unverified,bibliographic_inventory_only_until_verified
IPCC,2022.0,"Climate Change and Land: IPCC Special Report on Climate Change, Desertification, Land Degradation, Sustainable Land Management, Food Security, and Greenhouse Gas Fluxes in Terrestrial Ecosystems",book,environment,,ZOT_6eff3c534ff8,metadata_only,unverified,bibliographic_inventory_only_until_verified
Haghirian,2023.0,China's economic and political presence in the Middle East and South Asia,book,sa653,,ZOT_12684fa299b5,metadata_only,unverified,bibliographic_inventory_only_until_verified
Pathak,,दास्तान ए हिमालय,book,climate_change,,ZOT_a1cadb861159,metadata_only,unverified,bibliographic_inventory_only_until_verified
Ziv,1986.0,IN VITRO HARDENING AND ACCLIMATIZATION OF TISSUE CULTURE PLANTS,bookSection,neetimehla,,ZOT_0d43fef6aa55,metadata_only,unverified,bibliographic_inventory_only_until_verified
Buzan,1986.0,The Role of the Smaller States in the South Asian Complex,bookSection,GreatPowers,,ZOT_8d3cacfa3ded,metadata_only,unverified,bibliographic_inventory_only_until_verified
Batten,1995.0,Europe’s Hierarchical Network Economy,bookSection,economicglobalism,,ZOT_d193ce2b0baf,metadata_only,unverified,bibliographic_inventory_only_until_verified
Luttwak,1997.0,"PART 3: New World Order Geopolitics: Chapter 16: ""From Geopolitics to Geo-Economics: Logic of Conflict, Grammar of Commerce.""",bookSection,callforpapers,,ZOT_dcd8924d7061,metadata_only,unverified,bibliographic_inventory_only_until_verified
Araya,2002.0,Mexico's NAFTA Trauma: Myth and Reality,bookSection,callforpapers,,ZOT_b4d88f2435cf,metadata_only,unverified,bibliographic_inventory_only_until_verified
Gill,2003.0,A Neo-Gramscian Approach to European Integration,bookSection,semiotics_phenomenology,,ZOT_22d9e2eefde9,metadata_only,unverified,bibliographic_inventory_only_until_verified
Paul,2004.0,What Do Great Powers Balance Against and When?,bookSection,GreatPowers,,ZOT_ff40ca5a5954,metadata_only,unverified,bibliographic_inventory_only_until_verified
Lal,2004.0,Soil and Water Resources of South Asia in an Uncertain Climate,bookSection,foodsecurity,,ZOT_3ececc26a55c,metadata_only,unverified,bibliographic_inventory_only_until_verified
Rangaswamy,2005.0,South Asian Diaspora,bookSection,environment,Indian Origin; Indian Population; Liberal Democratic Party; Middle East; South Asian Population,ZOT_1ddbe4d97ff7,metadata_only,unverified,bibliographic_inventory_only_until_verified
Gray,2005.0,In defence of the Heartland: Sir Halford Mackinder and his critics a hundred years on,bookSection,Afghanistan,,ZOT_130058c754fb,metadata_only,unverified,bibliographic_inventory_only_until_verified
Karzai,2007.0,Strengthening Security in Contemporary Afghanistan: Coping with the Taliban,bookSection,taliban,,ZOT_1f59b0342250,metadata_only,unverified,bibliographic_inventory_only_until_verified
Laruelle,2007.0,The Orient in Russian Thought at the Turn of the Century,bookSection,Mackinder,,ZOT_3ef7bcff0b1d,metadata_only,unverified,bibliographic_inventory_only_until_verified
Buzan,2007.0,Securitization and Desecuritization,bookSection,securitycomplex,"Security, International",ZOT_8af0d160c0e8,metadata_only,unverified,bibliographic_inventory_only_until_verified
Guha-Khasnobis,2007.0,Women and Food Security in South Asia: Current Issues and Emerging Concerns,bookSection,foodsecurity,Developing countries; Food supply; Human rights; Political aspects; Social aspects,ZOT_a3abd1458f3b,metadata_only,unverified,bibliographic_inventory_only_until_verified
Karppinen,2008.0,Media and the paradoxes of pluralism,bookSection,Geopolitics,,ZOT_be0c276f031c,metadata_only,unverified,bibliographic_inventory_only_until_verified
Brauch,2008.0,Introduction,bookSection,environment,Environmental aspects; Environmental policy; Environmental protection; Global environmental change; Globalization; National security; Political aspects,ZOT_3e4fedafec6d,metadata_only,unverified,bibliographic_inventory_only_until_verified
Hailin,2011.0,China and South Asian Relations in a New Perspective,bookSection,southasia,POLITICAL SCIENCE / International Relations / General; POLITICAL SCIENCE / World / General; South Asian cooperation,ZOT_8f979827092c,metadata_only,unverified,bibliographic_inventory_only_until_verified
Khan,2011.0,Asian Economic Integration: A Perspective on  South Asia,bookSection,southasia,,ZOT_c7f6eef560b8,metadata_only,unverified,bibliographic_inventory_only_until_verified
Kondlo,2011.0,Measuring democracy and ‘good governance’ in Africa: A critique of assumptions and methods,bookSection,africa,,ZOT_bf3dfb3978b6,metadata_only,unverified,bibliographic_inventory_only_until_verified
Alpas,2011.0,Environmental Security and Its Meaning for the State,bookSection,environment,Congresses; Ecoterrorism; Environmental protection,ZOT_222403553472,metadata_only,unverified,bibliographic_inventory_only_until_verified
Nat Katin-Borland,2012.0,Cyberwar: A Real and Growing Threat,bookSection,socialmedia,,ZOT_e74bdb479af5,metadata_only,unverified,bibliographic_inventory_only_until_verified
Develi,2012.0,Increased Share of Natural Gas Consumption Compared with other Energy Resources; Structure of Natural Gas Market Demand and Supply,bookSection,energy_statistics,,ZOT_58d3442f0ac9,metadata_only,unverified,bibliographic_inventory_only_until_verified
Scheffran,2012.0,From ‘Securitization’ of Climate Change to ’Climatization‘ of the Security Field: Comparing Three Theoretical Perspectives,bookSection,climate_change,,ZOT_324924e4de00,metadata_only,unverified,bibliographic_inventory_only_until_verified
Li,2013.0,Global Energy Politics: 2010—2011,bookSection,GreatPowers,,ZOT_03e4d18eca59,metadata_only,unverified,bibliographic_inventory_only_until_verified
Dodds,2013.0,Realism and Geopolitics,bookSection,realism,,ZOT_d6454957949f,metadata_only,unverified,bibliographic_inventory_only_until_verified
Weller,2013.0,Structure of Twitter: Social and Technical,bookSection,twittergeopolitics2b,Information society; Internet; Online social networks; Social aspects; Twitter,ZOT_935a3eacf187,metadata_only,unverified,bibliographic_inventory_only_until_verified
Weller,2013.0,Structural Layers of Communication on Twitter,bookSection,twittergeopolitics2b,Information society; Internet; Online social networks; Social aspects; Twitter,ZOT_b780440c65ee,metadata_only,unverified,bibliographic_inventory_only_until_verified
Johns,2014.0,"When McLuhan Met Simmel: Form is the Content, Medium is the Message",bookSection,socialmedia,,ZOT_17541f683eb8,metadata_only,unverified,bibliographic_inventory_only_until_verified
Tight,2014.0,Theorising Teaching and Learning in Higher Education Research,bookSection,MGIMO_biblio,,ZOT_412bfa8b734d,metadata_only,unverified,bibliographic_inventory_only_until_verified
Black-Branch,2014.0,The Sovereign Right to Peaceful Use of Nuclear Energy and International Environmental Law,bookSection,climate_change,,ZOT_707fa215f222,metadata_only,unverified,bibliographic_inventory_only_until_verified
Buzan,2016.0,The Logic of Regional Security in the Post-Cold War World,bookSection,securitycomplex,,ZOT_09639da7e0ee,metadata_only,unverified,bibliographic_inventory_only_until_verified
Cui,2016.0,High-dimensional network analytics: mapping topic networks in Twitter data during the Arab Spring,bookSection,socialmedia,,ZOT_2f09d0d626b9,metadata_only,unverified,bibliographic_inventory_only_until_verified
Stojanovski,2016.0,Social Networks VGI: Twitter Sentiment Analysis of Social Hotspots,bookSection,twitteropoliics,,ZOT_709523c4e307,metadata_only,unverified,bibliographic_inventory_only_until_verified
Ciampaglia,2017.0,Predicting Multiple Risky Behaviors via Multimedia Content,bookSection,socialmedia,,ZOT_96f56a8fe554,metadata_only,unverified,bibliographic_inventory_only_until_verified
Arduino,2018.0,"Securing CPEC: Challenges, Responses and Outcomes",bookSection,pakchina_snds,,ZOT_f32cc149f8b0,metadata_only,unverified,bibliographic_inventory_only_until_verified
Marton,2018.0,Is Afghanistan in the Way or on the Way of the New Silk Road?,bookSection,BRI-EEU,,ZOT_2f02f3fbeb60,metadata_only,unverified,bibliographic_inventory_only_until_verified
Cheng,2018.0,One Belt‚ One Road: A Comparative Regionalism Approach,bookSection,BRI-EEU,,ZOT_cdd36e139d0a,metadata_only,unverified,bibliographic_inventory_only_until_verified
Özyer,2018.0,Social Network Analysis to Combat Terrorism: 2015 Paris Attacks,bookSection,socialmedia,,ZOT_dbfcdcb0a158,metadata_only,unverified,bibliographic_inventory_only_until_verified
Shang,2019.0,What Is the Belt and Road Initiative?,bookSection,BRI-EEU,,ZOT_e329ab5e67a6,metadata_only,unverified,bibliographic_inventory_only_until_verified
Ye,2020.0,State-Mobilized Globalization as Policy Analysis,bookSection,BRI-EEU,,ZOT_aed2343b278e,metadata_only,unverified,bibliographic_inventory_only_until_verified
Béteille,2020.0,"Higher Education in South Asia: Rapidly Growing, Diverse, and Unequal",bookSection,environment,,ZOT_fb5dd989b8fe,metadata_only,unverified,bibliographic_inventory_only_until_verified
Kumar,2020.0,Potential for Intraregoinal trade in food products in South Asia,bookSection,foodsecurity,Environmental aspects; Food security; Regionalism; South Asia,ZOT_94d167ff89fb,metadata_only,unverified,bibliographic_inventory_only_until_verified
Yi,2017.0,"Belt and Road Forum for International Cooperation: A Meeting of Great Minds for a Better, Shared Future.",conferencePaper,CPEC,"GUTERRES, Antonio, 1949-; INTERNATIONAL cooperation -- Congresses; KIM, Jim Yong, 1959-; PUTIN, Vladimir Vladimirovich, 1952-; XI, Jinping, 1953-",ZOT_db473b14c38a,metadata_only,unverified,bibliographic_inventory_only_until_verified
Vihma,2018.0,Geoeconomic Analysis and the Limits of Critical Geopolitics: A New Engagement with Edward Luttwak,conferencePaper,callforpapers,,ZOT_7924640ac14a,metadata_only,unverified,bibliographic_inventory_only_until_verified
Setiyaningrum,2019.0,Classification of Twitter Contents using Chi-Square and K-Nearest Neighbour Algorithm,conferencePaper,twittergeopolitics2b,3 media users; 484 billion active social media users; Arabic Sentiment Analysis[7]; Chi-Square; Chi-Square algorithm; Clasisification; Classification algorithms; Feature Selection; Feature extraction; Information Retrival; K-Nearest Neighbour; K-nearest neighbour algorithm; KNN algorithm; Sentiment analysis; Support vector machines; Text categorization; Twitter; Twitter contents; Twitter dataset; chi-square method; classification process; courtesy; fake news; feature selection; nearest neighbor distance K; negative content; negative things; pattern classification; reduced ethics; social media network service; social networking (online); twitter content,ZOT_06ca5a36e82b,metadata_only,unverified,bibliographic_inventory_only_until_verified
World Bank,2022.0,"Government expenditure on education, total (% of GDP)",dataset,pakgeoecnomics,,ZOT_e38f3e9b295a,metadata_only,unverified,bibliographic_inventory_only_until_verified
World Bank,2023.0,Access to electricity (% of population),dataset,pakgeoecnomics,,ZOT_07b6dd75e518,metadata_only,unverified,bibliographic_inventory_only_until_verified
CICA,2002.0,Alamaty Act,document,SCO,,ZOT_5f6a352b2861,metadata_only,unverified,bibliographic_inventory_only_until_verified
UNGA,2005.0,Resolution adopted by the General Assembly on 16 September 2005,document,UNDOC,,ZOT_ef4e817996b8,metadata_only,unverified,bibliographic_inventory_only_until_verified
MEA.Gov.in,2012.0,India-Uzbekistan Relations,document,marina,,ZOT_8776ea85af82,metadata_only,unverified,bibliographic_inventory_only_until_verified
Sanchez-Cacicedo,2022.0,Unlocking Afghanistan´s Connectivity Potential,document,Afghanistan,,ZOT_d34b9fb5be05,metadata_only,unverified,bibliographic_inventory_only_until_verified
,2017.0,The Greater Eurasian Partnership is Getting More and More Popular,forumPost,CPEC,,ZOT_1c62bb4b6abb,metadata_only,unverified,bibliographic_inventory_only_until_verified
,2017.0,RISS Director on the Belt and Road Forum,forumPost,CPEC,,ZOT_05c81780d6ac,metadata_only,unverified,bibliographic_inventory_only_until_verified
Twitter@ASCenterPak,2019.0,We have a golden opportunity in the form of #Chinese BRI & CPEC which are maturing right when #Afghanistan is transitioning into peace. The doors of opportunity are open for Afghanistan & beyond: Lt Gen (r) Asif Yasin at CRSS-ASC conference. https://afghanstudiescenter.org/2019/10/24/afghanistan-in-focus-3-a-golden-opportunity-for-the-region/ @vogul1960 https://t.co/qXiqHGE1d1,forumPost,Afghanistan,,ZOT_d9386405b29c,metadata_only,unverified,bibliographic_inventory_only_until_verified
Mitrova,2020.0,Корона-нефтяной обвал. Что ждет российскую энергетику после эпидемии,forumPost,oilrussiachina,,ZOT_0c1b861f323b,metadata_only,unverified,bibliographic_inventory_only_until_verified
Twitter@mfa_afghanistan,2020.0,"Happy birthday to Allama Muhammad Iqbal Lahori, the poet of the unity of the Islamic world, the voice of the region’s nations’ language and culture, philosopher, politician, and thinker of the Islamic world.   Asia is one body of water and clay   The Afghan nation is the heart in this body   From its corruption comes the corruption of Asia   From its prosperity comes the prosperity of Asia",forumPost,Afghanistan,,ZOT_a986648573fa,metadata_only,unverified,bibliographic_inventory_only_until_verified
TOLOnews [@TOLOnews],2021.0,"Sources say 18 passenger flights from Kabul landed in Tajikistan and 28 landed in Termez city in Uzbekistan on Sunday evening. Most of the passengers were airport employees, sources said. These passengers were welcomed in Tajikistan by Afghan ambassador Zahir Aghbar. https://t.co/XQSTIXjAyP",forumPost,taliban_twitter,,ZOT_d03dd8939085,metadata_only,unverified,bibliographic_inventory_only_until_verified
Muhammad Jalal [@MJalalAf],2021.0,"Afghanistan Towards Prosperity Decades later, Uzbek trade convoys reached Pakistan via Afghanistan. The connection between Uzbekistan and Pakistan shows that Afghanistan is now a completely secure country in the region. #Peace https://t.co/210bntIg4g",forumPost,taliban_twitter,,ZOT_0dec11c1c286,metadata_only,unverified,bibliographic_inventory_only_until_verified
Twitter@CGMeifangZhang,2022.0,The land corridor through railroad has linked landlocked Afghanistan to China as the first freight train arrived in the border town of Hairatan in Afghanistan's northern Balkh province on Thursday. #globalink https://t.co/wlQvXBvYGW,forumPost,taliban_twitter,,ZOT_82f3f537002e,metadata_only,unverified,bibliographic_inventory_only_until_verified
Wallace,2022.0,"The attack on #NordStream was a terrible attack on European vital infrastructure, it was an act of Environmental Terrorism - A disastrous release of #Methane - Why is the #EU showing so little interest in finding out who did it.? Are they afraid that they won't like the answer..? https://t.co/J6x3zWHtt2",forumPost,environment,,ZOT_b265a51fb446,metadata_only,unverified,bibliographic_inventory_only_until_verified
Pashtun Tahfuz Movement Peshawar [@PTM_Peshawar_],2022.0,"PTM recorded a Protest in Bara Khyber against the ongoing unrest, extra judicial killings and enforced Disappearances in Khyber. #PTMKhyberProtest @ManzoorPashteen https://t.co/tlHOizwnqR",forumPost,pakistan,,ZOT_06a72783d2c0,metadata_only,unverified,bibliographic_inventory_only_until_verified
Jen Brick Murtazashvili [@jmurtazashvili],2023.0,Uzbekistan sent a woman to explain food safety and plant quarantine rules for trade to the Taliban.,forumPost,taliban_twitter,,ZOT_d1c74aa9ec42,metadata_only,unverified,bibliographic_inventory_only_until_verified
Twitter@zhang_heqing,2023.0,"Afghanistan, Iran Sign MOUs on Economic Cooperation A delegation of the Afghan Taliban's interim government, led by acting Deputy Prime Minister Mullah Abdul Ghani Baradar, returned to Kabul on Friday with multiple Memorandums of Understanding (MOUs) signed with Iran on economic https://t.co/C471BWSp62",forumPost,taliban_twitter,,ZOT_c954963da91d,metadata_only,unverified,bibliographic_inventory_only_until_verified
Twitter@IranObserver0,2023.0,"A high-ranking delegation of Taliban, led by deputy Prime Minister Mulla Abdul Ghani Baradar, departed for Iran. The delegation will meet Iranian officials and discuss bilateral economic cooperation. https://t.co/ioTCkroKag",forumPost,taliban_twitter,,ZOT_84a65ab40a5d,metadata_only,unverified,bibliographic_inventory_only_until_verified
Twitter@Kanthan2030,2023.0,"So, this is the plan that is being disrupted by the Empire of Chaos: “A new railway line running between Khaf in Iran and Herat in Afghanistan has generated much optimism in the two countries” It links China-Tajikistan-Afghanistan-Iran. And will eventually help Russia-India https://t.co/qV9E0363Ec",forumPost,taliban_twitter,,ZOT_b3169ee19e68,metadata_only,unverified,bibliographic_inventory_only_until_verified
Ma Dashuai [@machinpl],2023.0,"Only 12% of Africa's external debt is owned to China, and the interest rates of Chinese loans are roughly half that of private lenders. But China is the loan shark here? https://t.co/T3vMFAS6kU",forumPost,BRI-EEU,,ZOT_87a00b1ca9d7,metadata_only,unverified,bibliographic_inventory_only_until_verified
Khalid Usman Dawar [@PkmapKhalid],2023.0,حامد میر صاحب! یہ ان 6 ٹریلینز ڈالر کاپر کے مالکان ھے جہاں کا دورہ کرکے آپ بہت خوش ھورھے ھو. آج بھی شمالی وزیرستان کے آئی ڈی پیز کیمپوں میں ذلیل ھورھے ھیں کیا آپ کھبی زحمت کرینگے کہ آرمی چیف سے پوچھے کہ آخر 9 سال بعد بھی ان لوگوں کو اپنے گھروں میں جانے کی اجازت کیوں نہیں ھے. https://t.co/UJ8CmAniFb,forumPost,pakistan,,ZOT_61a46ad370dd,metadata_only,unverified,bibliographic_inventory_only_until_verified
Pashtun Tahafuz Movement [@shanyy_PTM],2023.0,ہم ہر قسم کی جنگ لڑنے کے لیے تیار ہیں مشران کے اشارے کا انتظار ہے بس🔥 #ManzoorPashteen #PTM @ManzoorPashteen #mehsood https://t.co/l0QM09HDGV,forumPost,pakistan,,ZOT_615ec2e6938d,metadata_only,unverified,bibliographic_inventory_only_until_verified
Imaan Zainab Mazari-Hazir [@ImaanZHazir],2023.0,#PashtunLongMarch2Islamabad https://t.co/qpw2YZhOLD,forumPost,pakistan,,ZOT_451325bd3bea,metadata_only,unverified,bibliographic_inventory_only_until_verified
Pashtun Tahafuz Movement (PTM) پښتون ژغورني غورځنګ [@PashtunTM_Offic],2023.0,علی وزیر کا ساتھی انکے خدمت میں لگا ہوا باد شاہ پشتین کو بھی عدالت نے اڈیالہ جیل بھیج دیا گیا، امن مانگنے والوں کے خدمت کرنے والے بھی اس ملک میں بڑے مجرم سمجھتے ہیں، پاکستان کے قانون اور نظام میں انصاف مانگنے پر جرنیلوں کی ناراضگی ہوتی ہے #شيم #StopTorturingPTMActivists https://t.co/AjvbHbd08E,forumPost,pakistan,,ZOT_da6922b1e91a,metadata_only,unverified,bibliographic_inventory_only_until_verified
Twitter@TOLOnews,2024.0,"Alireza Marhamati, Iran’s Consul General in Herat, said that the annual trade volume between Afghanistan and Iran has reached four billion dollars. According to Iranian media, he said during a visit to Taybad district on Monday that Afghanistan is Iran's most important economic https://t.co/rNoYkHTKQz",forumPost,taliban_twitter,,ZOT_b0fa629c2a1b,metadata_only,unverified,bibliographic_inventory_only_until_verified
Twitter@TOLOnews,2024.0,"Hassan Kazemi Qomi, Iran's ambassador and special representative for Afghanistan, said that Tehran is working to attract Afghan entrepreneurs and private sector investors to invest in Iran’s major projects. Kazemi Qomi, speaking on the sidelines of the first ""International https://t.co/OasmKlSoCY",forumPost,taliban_twitter,,ZOT_50043fd0a370,metadata_only,unverified,bibliographic_inventory_only_until_verified
Twitter@AfghanistanTime,2024.0,"Iran Airtour has officially launched direct flights to Kabul, marking its first-ever service to Taliban-controlled Afghanistan. This new route makes Iran Airtour the fifth Iranian airline to operate in Afghanistan. Taliban transport officials are wooing foreign airlines to fly to https://t.co/OvhiSClO1C",forumPost,taliban_twitter,,ZOT_d077a6797fd7,metadata_only,unverified,bibliographic_inventory_only_until_verified
Twitter@SReports2,2024.0,#Afghanistan is one of the 5 top destinations of #Iran's export goods. #Taliban officials want Iranian companies to invest and create jobs in #Afghanistan so that Afghans can return to their country. https://t.co/6f69ncoxkD,forumPost,taliban_twitter,,ZOT_ce90f8bd87fe,metadata_only,unverified,bibliographic_inventory_only_until_verified
Twitter@paykhar,2024.0,"Afghanistan's new Rozanak Railway in Herat, connecting to the Middle East and Europe, celebrates its inaugural export of 1,100 metric tons of mineral stones to Turkey. A landmark step in regional trade and connectivity. #AfghanistanRising https://t.co/XQSjUF1QQx",forumPost,taliban_twitter,,ZOT_ac7a6b37b58a,metadata_only,unverified,bibliographic_inventory_only_until_verified
Twitter@majid_kabul,2024.0,U.S. Anxious ! China-Afghanistan Railway is a done deal ! https://youtu.be/nwTnnT7dptI?si=2YQ9e7fQdoV7M6uY via @YouTube,forumPost,taliban_twitter,,ZOT_8e042822c392,metadata_only,unverified,bibliographic_inventory_only_until_verified
Twitter@SBakhturehman,2024.0,"Second train is also ready to leave for Turkey from Afghanistan, Afghan railway is committed to a connected world and fast transportation facilities. We not only transport the goods but connect the hearts too. https://t.co/urQUtD97fG",forumPost,taliban_twitter,,ZOT_fbb86ca8f215,metadata_only,unverified,bibliographic_inventory_only_until_verified
Twitter@Alemarahenglish,2024.0,"The opening of 2 key railway projects, totaling $40 million, signals a commitment to the development of the Turkmenistan-Afghanistan railway, paving the way for increased trade and economic growth in the region. https://t.co/nuzvsnO3qW",forumPost,taliban_twitter,,ZOT_787e0c72995a,metadata_only,unverified,bibliographic_inventory_only_until_verified
Twitter@apocalypseos,2024.0,"🇦🇫 Afghanistan Rising: The Khaf-Herat Railway, a 225 km-long cross-border railway between Iran and Afghanistan is progressing. It is the center of gravity of the corridors connecting East Asia to Europe and the revival of the Silk Road. The Five Nations Railway Corridor dates https://t.co/9ELWTPEHtY",forumPost,taliban_twitter,,ZOT_7f5718968a51,metadata_only,unverified,bibliographic_inventory_only_until_verified
Twitter@ZarinTVNetwork,2024.0,The Taliban embassy in Beijing has announced the inauguration of a new freight railway line connecting China and Afghanistan.,forumPost,Afghanistan,,ZOT_0839f057b0b8,metadata_only,unverified,bibliographic_inventory_only_until_verified
Twitter@TOLOnews,2024.0,"Ismatulla Irgashev, Special Representative of Uzbekistan’s President for Afghanistan, met with Oliver Stolpe, the Regional Representative of the United Nations Office on Drugs and Crime for Afghanistan, Central Asia, Iran, and Pakistan. According to a statement from Uzbekistan’s… https://t.co/g4WXpUPDyi",forumPost,taliban_twitter,,ZOT_28377c91f930,metadata_only,unverified,bibliographic_inventory_only_until_verified
Twitter@kgvh6v,2024.0,Pakistan Stresses Dialogue for Resolving Challenges with Afghanistan. Pakistan’s Foreign Ministry stated that Islamabad has always sought to resolve its challenges with Afghanistan through dialogue. The ministry’s statement also mentioned that Pakistan will continue https://t.co/oP8xgNXfWS,forumPost,taliban_twitter,,ZOT_fd9a66411e0e,metadata_only,unverified,bibliographic_inventory_only_until_verified
Afrasiab Khattak [@a_siab],2024.0,"Banning PTM less days before the peaceful Pashtun conference is a typical colonial act against an oppressed people, done by the same state that had released TTP’s convicts not long ago. This unfair act will cement the resolve of Pashtun youth to struggle for their rights.",forumPost,pakistan,,ZOT_496a2ed5d17d,metadata_only,unverified,bibliographic_inventory_only_until_verified
Fatima Ayoubi [@FatimaAyoubi005],2024.0,"#PTM is advocating for justice, peace, & stability in Pashtun region. Pakistani army has killed & disappeared thousand of Pashtuns, committing war crimes,crimes against humanity and genocidal acts. The world should take action and support #PTM. #PashtunNationalCourt11October https://t.co/Jw6Sy9HBXP",forumPost,pakistan,,ZOT_b38907776fe9,metadata_only,unverified,bibliographic_inventory_only_until_verified
Habib Khan [@HabibKhanT],2024.0,"Pakistani police arrested PTM leader and former MNA Ali Wazir ahead of the Pashtun grand gathering on October 11. PTM has been mobilizing Pashtuns against state-sponsored terrorism, standing against the notorious Punjabi dominated Pakistani military. https://t.co/tIBaMU0LnS",forumPost,pakistan,,ZOT_0efa2ad82825,metadata_only,unverified,bibliographic_inventory_only_until_verified
Habib Khan [@HabibKhanT],2024.0,"PTM has emerged as a powerful movement among Pashtuns, successfully mobilizing support. As a secular group advocating for rights, Pakistan’s recent ban will only strengthen their resolve for Pashtunistan. https://t.co/cJMkndF0l3",forumPost,pakistan,,ZOT_e69f0585313a,metadata_only,unverified,bibliographic_inventory_only_until_verified
Fatima Ayoubi 🇦🇫🕊 [@FatimaAyoubi005],2024.0,"#PTM is advocating for justice, peace, & stability in Pashtun region. Pakistani army has killed & disappeared thousand of Pashtuns, committing war crimes,crimes against humanity and genocidal acts. The world should take action and support #PTM. #PashtunNationalCourt11October https://t.co/Jw6Sy9HBXP",forumPost,,,ZOT_b05b7f8e8569,metadata_only,unverified,bibliographic_inventory_only_until_verified
Nadz🐉 [@nadzfeministah],2024.0,"PTM is the only genuine and rational voice of the entire Pashtun nation, advocating for the very basic/fundamental rights of the common people. Yet, it is banned. What a shame!!! https://t.co/tkJcjIysyR",forumPost,pakistan,,ZOT_42afbded09b8,metadata_only,unverified,bibliographic_inventory_only_until_verified
Afrasiab Khattak [@a_siab],2024.0,"Banning PTM less days before the peaceful Pashtun conference is a typical colonial act against an oppressed people, done by the same state that had released TTP’s convicts not long ago. This unfair act will cement the resolve of Pashtun youth to struggle for their rights.",forumPost,pakistan,,ZOT_a5df88d857b0,metadata_only,unverified,bibliographic_inventory_only_until_verified
Twitter@KSAmofaEN,2025.0,"The Kingdom of Saudi Arabia expresses its strong condemnation and denunciation of the blatant Israeli aggressions against the brotherly Islamic Republic of Iran, which undermine its sovereignty and security and constitute a clear violation of international laws and norms.",forumPost,securitycomplex,,ZOT_0337ce8ba6bc,metadata_only,unverified,bibliographic_inventory_only_until_verified
TOLOnews [@TOLOnews],2025.0,محمد اسحاق صاحب‌زاده معین راه‌آهن وزارت فواید عامه با مرتضی جعفری معاون اداره راه‌آهن ایران دیدار و گفت‌وگو کرده است. محمد اشرف حق‌شناس سخن‌گوی وزارت فواید عامه، گفته که در این دیدار دو طرف روی افزایش انتقالات از طریق راه‌آهن خواف-هرات، تسهیل روند صادرات، واردات و ترانزیت برای https://t.co/WwsJD0MWoQ,forumPost,Afghanistan,,ZOT_b123c7eebbdb,metadata_only,unverified,bibliographic_inventory_only_until_verified
Pak Afghan Youth Forum [@payf_eng],2025.0,"Uzbekistan & Afghan Interim Government Extands Railway Contract Uzbekistan has extended its contract with Afghanistan’s Taliban interim government to operate & maintain the Hairatan-Mazar-e-Sharif railway. The agreement was finalized during talks between Ilhom Mahkamov, https://t.co/CRNbUMvEA7",forumPost,Afghanistan,,ZOT_300818e367fc,metadata_only,unverified,bibliographic_inventory_only_until_verified
PTM Dir Official [@PTMDir],2025.0,Gilaman Wazir: Martyred for Truth | Resistance| PTM | Pashtun Nation| #PTMDIR https://t.co/PL9gv4tpLw,forumPost,pakistan,,ZOT_78a9296965bc,metadata_only,unverified,bibliographic_inventory_only_until_verified
TOLOnews English [@TOLONewsEnglish],2025.0,"Manzoor Pashteen, leader of the Pashtun Tahafuz Movement (PTM), has strongly criticized Pakistan’s forced expulsion of Afghan refugees from various regions of the country. In response to the ongoing deportations, Pashteen said that Afghan families are being evicted from their https://t.co/gwqRyZ0AxA",forumPost,pakistan,,ZOT_9a164139c96c,metadata_only,unverified,bibliographic_inventory_only_until_verified
PTM Dir Official [@PTMDir],2025.0,"Peshawar University: Pashtun students Protest Tomorrow, 15 December. Release Missing Pashtun students. Release PTM Delegation. #WhereIsPTMDelegation https://t.co/qNEl3GWNFu",forumPost,pakistan,,ZOT_694b4bab3770,metadata_only,unverified,bibliographic_inventory_only_until_verified
PTM Dir Official [@PTMDir],2025.0,Gilaman Wazir: Martyred for Truth | Resistance| PTM | Pashtun Nation| #PTMDIR https://t.co/PL9gv4tpLw,forumPost,pakistan,,ZOT_453885059f0b,metadata_only,unverified,bibliographic_inventory_only_until_verified
PTM UK Official [@PTMUK_Official],2026.0,"Yalda Bazwan, PTM United Kingdom Women’s Head delivered speech during the PTM United Kingdom protest against Pakistan’s ongoing atrocities against Afghan people on both sides of the Durand Line. https://t.co/p65mZWiE6X",forumPost,pakistan,,ZOT_de3e56c2bd64,metadata_only,unverified,bibliographic_inventory_only_until_verified
Clara Lindberg [@lindberg_clara],2026.0,The struggle of Baloch women is no less than the struggle of Palestinian Women. @Baloch30056206 @wafiaBD02 https://t.co/R6w8ZHCrC4,forumPost,pakistan,,ZOT_f4061e3cbc22,metadata_only,unverified,bibliographic_inventory_only_until_verified
PTM Dir Official [@PTMDir],2026.0,"Pashtun Tahafuz Movement held a protest in Germany despite heavy rain against the recent Pakistani airstrikes on Afghanistan. These attacks reportedly killed many innocent civilians, children,and targeted homes, hospitals, schools, which protesters described as a clear war crime. https://t.co/OAyx9ATzYJ",forumPost,pakistan,,ZOT_096ae0d356eb,metadata_only,unverified,bibliographic_inventory_only_until_verified
PTM UK Official [@PTMUK_Official],2026.0,"Today, members of the Pashtun Tahafuz Movement United Kingdom conducted an awareness campaign in Harrow, London for PTM’s upcoming protest, scheduled for 11 March 2026 at 12:00 o’clock in front of the UK Parliament. The protest is against the Pakistan’s illegal airstrikes on https://t.co/ze6dJcXCcI",forumPost,pakistan,,ZOT_b6307d417881,metadata_only,unverified,bibliographic_inventory_only_until_verified
PTM UK Official [@PTMUK_Official],2026.0,#FreePTMActivists Silencing voices that demand accountability will not erase the truth. Pashtun activists must be freed now. #FreePTMActivists https://t.co/C9zZMlUgBK,forumPost,pakistan,,ZOT_a6bd16ee3099,metadata_only,unverified,bibliographic_inventory_only_until_verified
TOLOnews English [@TOLONewsEnglish],2026.0,"Members of the Pashtun Tahafuz Movement (PTM) say that this afternoon (Wednesday), Ataullah Jan, the movement’s leader for Swat district in Khyber Pakhtunkhwa, was shot dead in his village while attempting to resolve a dispute between children of neighboring families. Eight https://t.co/Paj8oehmbe",forumPost,pakistan,,ZOT_b8147654f5e5,metadata_only,unverified,bibliographic_inventory_only_until_verified
TOLOnews English [@TOLONewsEnglish],2026.0,"Members of the Pashtun Tahafuz Movement (PTM) say that this afternoon (Wednesday), Ataullah Jan, the movement’s leader for Swat district in Khyber Pakhtunkhwa, was shot dead in his village while attempting to resolve a dispute between children of neighboring families. Eight https://t.co/Paj8oehmbe",forumPost,pakistan,,ZOT_526b0539a123,metadata_only,unverified,bibliographic_inventory_only_until_verified
TOLOnews English [@TOLONewsEnglish],2026.0,"The leader of the Pashtun Tahafuz Movement (PTM), Manzoor Ahmad Pashteen, announced today (Wednesday) that they plan to hold a protest on January 19 in Switzerland during the World Economic Forum, which will be attended by world leaders including Pakistan’s Prime Minister Shehbaz https://t.co/tSHJitnyZx",forumPost,pakistan,,ZOT_ffc6e01875a3,metadata_only,unverified,bibliographic_inventory_only_until_verified
PTM UK Official [@PTMUK_Official],2026.0,"In the city of Toronto, Canada, the Pashtun Tahafuz Movement held a demonstration in front of the Pakistani consulate against Pakistan’s illegal attacks on Afghanistan. Similarly, PTM United Kingdom has announced a protest in front of the UK Parliament on 11 March 2026 at 12:00. https://t.co/fMQVRoJwh7",forumPost,pakistan,,ZOT_a185c5bc91f5,metadata_only,unverified,bibliographic_inventory_only_until_verified
PTM UK Official [@PTMUK_Official],2026.0,#FreePTMActivists Silencing voices that demand accountability will not erase the truth. Pashtun activists must be freed now. #FreePTMActivists https://t.co/C9zZMlUgBK,forumPost,pakistan,,ZOT_94c4e4f2bf70,metadata_only,unverified,bibliographic_inventory_only_until_verified
PTM UK Official [@PTMUK_Official],2026.0,"Today, members of the Pashtun Tahafuz Movement United Kingdom conducted an awareness campaign in Harrow, London for PTM’s upcoming protest, scheduled for 11 March 2026 at 12:00 o’clock in front of the UK Parliament. The protest is against the Pakistan’s illegal airstrikes on https://t.co/ze6dJcXCcI",forumPost,pakistan,,ZOT_51872c24db3f,metadata_only,unverified,bibliographic_inventory_only_until_verified
Chomsky,2019.0,RT News: On-air livestream 24/7 (HD) - YouTube,interview,securitycomplex,,ZOT_c4500b6aa2f2,metadata_only,unverified,bibliographic_inventory_only_until_verified
Zhang,0.0,"From media hype to twitter storm: news explosions and their impact on issues, crises and public opinion.",journalArticle,twittergeopolitics2b,,ZOT_e2af3073aa97,metadata_only,unverified,bibliographic_inventory_only_until_verified
Ceron,0.0,ISIS at Its Apogee: The Arabic Discourse on Twitter and What We Can Learn From That About ISIS Support and Foreign Fighters.,journalArticle,twittergeopolitics2b,Arabic social media; ISIS; foreign fighters; sentiment analysis; terrorism,ZOT_87383e991dfb,metadata_only,unverified,bibliographic_inventory_only_until_verified
Arlt,0.0,"Between Fragmentation and Dialogue. Twitter Communities and Political Debate About the Swiss ""Nuclear Withdrawal Initiative"".",journalArticle,twittergeopolitics2b,Nuclear energy; Twitter; dialogue; political debate; social media,ZOT_7411c589f73d,metadata_only,unverified,bibliographic_inventory_only_until_verified
Idaly Barreto-Galeano,0.0,"Rhetoric, Political Ideology and the Peace Process in Colombia: A Twitter (R) Analysis.",journalArticle,twittergeopolitics2b,,ZOT_af28ea40f74f,metadata_only,unverified,bibliographic_inventory_only_until_verified
Weber,0.0,Interdisciplinary optimism? Sentiment analysis of Twitter data.,journalArticle,twittergeopolitics2b,academics; integrative research concepts; interdisciplinarity; opinions; perceptions; researchers,ZOT_ebfb427d68ff,metadata_only,unverified,bibliographic_inventory_only_until_verified
Furman,0.0,The End of the Habermassian Ideal? Political Communication on Twitter During the 2017 Turkish Constitutional Referendum.,journalArticle,twittergeopolitics2b,Habermas; Turkey; Twitter; polarization; political communication; public sphere; referenda; social network analysis,ZOT_90ad63c01d59,metadata_only,unverified,bibliographic_inventory_only_until_verified
Seethaler,0.0,Twitter as a tool for agenda building in election campaigns? The case of Austria.,journalArticle,twittergeopolitics2b,Agenda building; Austria; Twitter; election coverage; mediatisation,ZOT_7b3f56ca47ac,metadata_only,unverified,bibliographic_inventory_only_until_verified
Sohrabi,0.0,An efficient preprocessing method for supervised sentiment analysis by converting sentences to numerical vectors: a twitter case study.,journalArticle,twittergeopolitics2b,Opinion mining; Python; Sentiment analysis; Supervised learning; word2vec,ZOT_948a495c0986,metadata_only,unverified,bibliographic_inventory_only_until_verified
Robin,0.0,"Yes We (Still) Can: Politics in the Age of Obama, Twitter, and Trump.",journalArticle,twittergeopolitics2b,,ZOT_7aab27aaa171,metadata_only,unverified,bibliographic_inventory_only_until_verified
Gozalvez,0.0,Twitter and public opinion. A critical view for an educational outlook.,journalArticle,twittergeopolitics2b,Twitter; citizenship; democracy; educational competences; interactivity; public opinion; social media,ZOT_0c7927748d99,metadata_only,unverified,bibliographic_inventory_only_until_verified
Udanor,0.0,Combating the challenges of social media hate speech in a polarized society A Twitter ego lexalytics approach.,journalArticle,twittergeopolitics2b,Hate speech; Lexalytics; POSA; Sentiment analysis; Social media; Twitter,ZOT_8f4b42b0c90d,metadata_only,unverified,bibliographic_inventory_only_until_verified
Morales,0.0,Perceived Popularity and Online Political Dissent: Evidence from Twitter in Venezuela.,journalArticle,twittergeopolitics2b,bots; event study; political expression; social media; spiral of silence,ZOT_82f44034ece5,metadata_only,unverified,bibliographic_inventory_only_until_verified
Walsh,0.0,Social media and border security: Twitter use by migration policing agencies.,journalArticle,twittergeopolitics2b,Australia; Canada; Twitter; United States; border security; impression management; migration control; organisational communication; policing; responsibilisation; social media,ZOT_7ca894b19d9b,metadata_only,unverified,bibliographic_inventory_only_until_verified
Grinberg,0.0,Fake news on Twitter during the 2016 US presidential election.,journalArticle,twittergeopolitics2b,,ZOT_d24ab7b25c74,metadata_only,unverified,bibliographic_inventory_only_until_verified
Bouvier,0.0,How Journalists Source Trending Social Media Feeds A critical discourse perspective on Twitter.,journalArticle,twittergeopolitics2b,Critical Discourse Analysis; Twitter; news; news values; social media; sourcing; verification,ZOT_3ffa0546bef2,metadata_only,unverified,bibliographic_inventory_only_until_verified
Molyneux,0.0,Political Journalists' Normalization of Twitter Interaction and new affordances.,journalArticle,twittergeopolitics2b,2016 election; news audience; normalization; political communication; social media,ZOT_b44646d34450,metadata_only,unverified,bibliographic_inventory_only_until_verified
Holdich,1904.0,The Desiccation of Eur-Asia: Discussion,journalArticle,centralAsia,,ZOT_213240c00cec,metadata_only,unverified,bibliographic_inventory_only_until_verified
Kropotkin,1904.0,The Desiccation of Eur-Asia,journalArticle,BRI-EEU,,ZOT_55c5c7cbc8d1,metadata_only,unverified,bibliographic_inventory_only_until_verified
Wretts-Smith,1920.0,The English in Russia during the Second Half of the Sixteenth Century,journalArticle,eurasiain17thcentury,,ZOT_0b9f00b4b1b1,metadata_only,unverified,bibliographic_inventory_only_until_verified
Lubimenko,1924.0,The Struggle of the Dutch with the English for the Russian Market in the Seventeenth Century,journalArticle,eurasiain17thcentury,,ZOT_11932a22f59f,metadata_only,unverified,bibliographic_inventory_only_until_verified
Mackinder,1943.0,The Round World and the Winning of the Peace,journalArticle,Mackinder,,ZOT_19c36c1b9b07,metadata_only,unverified,bibliographic_inventory_only_until_verified
Willan,1948.0,Trade between England and Russia in the Second Half of the Sixteenth Century,journalArticle,eurasiain17thcentury,,ZOT_c78dc8efeb25,metadata_only,unverified,bibliographic_inventory_only_until_verified
Giersch,1949.0,Economic Union Between Nations and the Location of Industries,journalArticle,Geopolitics,,ZOT_004575ca3493,metadata_only,unverified,bibliographic_inventory_only_until_verified
Hartshorne,1950.0,The Functional Approach in Political Geography on JSTOR,journalArticle,callforpapers,,ZOT_5444f637d6f2,metadata_only,unverified,bibliographic_inventory_only_until_verified
Sayeed,1954.0,Federalism and Pakistan,journalArticle,federalism,,ZOT_ec532c1593ca,metadata_only,unverified,bibliographic_inventory_only_until_verified
North,1955.0,Location Theory and Regional Economic Growth,journalArticle,Geopolitics,,ZOT_bc881beb84a0,metadata_only,unverified,bibliographic_inventory_only_until_verified
Redfield,1955.0,The Social Organization of Tradition,journalArticle,territorialtrap,,ZOT_c3e6909f00e1,metadata_only,unverified,bibliographic_inventory_only_until_verified
Sprout,1957.0,Environmental Factors in the Study of International Politics,journalArticle,environment,,ZOT_1b2fbaa9dbfb,metadata_only,unverified,bibliographic_inventory_only_until_verified
Moses,1958.0,Location and the Theory of Production,journalArticle,Geopolitics,,ZOT_90bdb1263f85,metadata_only,unverified,bibliographic_inventory_only_until_verified
Emerson,1958.0,Review of Man-Milieu Relationship Hypotheses in the Context of International Politics,journalArticle,Geopolitics,,ZOT_e4a0b99747f3,metadata_only,unverified,bibliographic_inventory_only_until_verified
Singer,1960.0,The Geography of Conflict: Introduction,journalArticle,Geopolitics,,ZOT_2ab6e6ef83a9,metadata_only,unverified,bibliographic_inventory_only_until_verified
Sprout,1960.0,Geography and International Politics in an Era of Revolutionary Change,journalArticle,environment,,ZOT_ecdcecb4631b,metadata_only,unverified,bibliographic_inventory_only_until_verified
Galtung,1969.0,"Violence, Peace, and Peace Research",journalArticle,peacebuilding,,ZOT_a0b28440628a,metadata_only,unverified,bibliographic_inventory_only_until_verified
Smith,1970.0,IN VITRO DEVELOPMENT OF THE ISOLATED SHOOT APICAL MERISTEM OF ANGIOSPERMS,journalArticle,neetimehla,,ZOT_3f036fcb4da2,metadata_only,unverified,bibliographic_inventory_only_until_verified
Bergsman,1975.0,A classification of economic activities based on location patterns,journalArticle,Geopolitics,,ZOT_4eadc076238e,metadata_only,unverified,bibliographic_inventory_only_until_verified
Miller,1976.0,Tissue culture propagation of tropical foliage plants,journalArticle,neetimehla,,ZOT_788f7fdd6080,metadata_only,unverified,bibliographic_inventory_only_until_verified
Nye,1976.0,Independence and Interdependence,journalArticle,realism,,ZOT_0ff2ff0647ff,metadata_only,unverified,bibliographic_inventory_only_until_verified
Elrod,1976.0,The Concert of Europe: A Fresh Look at an International System,journalArticle,eurasiain17thcentury,,ZOT_99c74b7f2cda,metadata_only,unverified,bibliographic_inventory_only_until_verified
Hussey,1978.0,The application of tissue culture to the vegetative propagation of plants,journalArticle,neetimehla,,ZOT_d0e18f0eb8b9,metadata_only,unverified,bibliographic_inventory_only_until_verified
Nye,1988.0,International Security Studies: A Report of a Conference on the State of the Field,journalArticle,securitystdies,,ZOT_935a9bdd1910,metadata_only,unverified,bibliographic_inventory_only_until_verified
Buzan,1988.0,The Southeast Asian Security Complex,journalArticle,securitycomplex,,ZOT_6342893730bf,metadata_only,unverified,bibliographic_inventory_only_until_verified
Mueller,1989.0,A New Concert of Europe,journalArticle,eurasiain17thcentury,,ZOT_3e12331f5575,metadata_only,unverified,bibliographic_inventory_only_until_verified
Luttwak,1990.0,"From Geopolitics to Geo-Economics: Logic of Conflict, Grammar of Commerce",journalArticle,territorialtrap,,ZOT_55a7a53f49c6,metadata_only,unverified,bibliographic_inventory_only_until_verified
Krugman,1991.0,Increasing Returns and Economic Geography,journalArticle,Geopolitics; transportgeography,,ZOT_c5e6938a224f,metadata_only,unverified,bibliographic_inventory_only_until_verified
Huntington,1991.0,Religion and the Third Wave,journalArticle,environment,,ZOT_094655d7631d,metadata_only,unverified,bibliographic_inventory_only_until_verified
Agnew,1994.0,The territorial trap: The geographical assumptions of international relations theory,journalArticle,territorialtrap,,ZOT_d1d5ce17522b,metadata_only,unverified,bibliographic_inventory_only_until_verified
Agnew,1994.0,The territorial trap: The geographical assumptions of international relations theory,journalArticle,,,ZOT_f7b2dbdef533,metadata_only,unverified,bibliographic_inventory_only_until_verified
David F. Batten,1995.0,Network Cities: Creative Urban Agglomerations for the 21st Century,journalArticle,economicglobalism,,ZOT_0593f2c615f7,metadata_only,unverified,bibliographic_inventory_only_until_verified
Batten,1995.0,Network Cities: Creative Urban Agglomerations for the 21st Century,journalArticle,economicglobalism,,ZOT_01ad9cd469bf,metadata_only,unverified,bibliographic_inventory_only_until_verified
Levy,1995.0,Is the Environment a National Security Issue?,journalArticle,,,ZOT_3f5399df1378,metadata_only,unverified,bibliographic_inventory_only_until_verified
Saxe-Fernández,1996.0,NAFTA: The Intersection of the Geopolitics and Geoeconomics of Capital,journalArticle,callforpapers,,ZOT_bb44a1c24329,metadata_only,unverified,bibliographic_inventory_only_until_verified
Shah,1997.0,"Federalism reform imperatives, restructuring principles and lessons for Pakistan",journalArticle,federalism,,ZOT_571e93ebbff6,metadata_only,unverified,bibliographic_inventory_only_until_verified
Spencer,1997.0,A Phenomenological Variant of Ecological Systems Theory (PVEST): A self-organization perspective in context,journalArticle,grounded_theory,,ZOT_d8bd312998b7,metadata_only,unverified,bibliographic_inventory_only_until_verified
Redclift,1998.0,Global Environmental Change and Global Inequality: North/South Perspectives,journalArticle,economicglobalism,,ZOT_d0330e6e4fd3,metadata_only,unverified,bibliographic_inventory_only_until_verified
Ainsworth,1998.0,"Sidney Reilly's reports from South Russia, December 1918-March 1919",journalArticle,Mackinder,,ZOT_684f7d2640f1,metadata_only,unverified,bibliographic_inventory_only_until_verified
Sparke,1998.0,From geopolitics to geoeconomics: Transnational state effects in the borderlands,journalArticle,callforpapers,,ZOT_357c053af76d,metadata_only,unverified,bibliographic_inventory_only_until_verified
Krugman,1998.0,What's New About the New Economic Geography,journalArticle,Geopolitics; transportgeography,,ZOT_d50791f0d9b1,metadata_only,unverified,bibliographic_inventory_only_until_verified
Krugman,1998.0,Space: The Final Frontier,journalArticle,Geopolitics,,ZOT_926a0af5224b,metadata_only,unverified,bibliographic_inventory_only_until_verified
Glaser,1998.0,What is the Offense-Defense Balance and Can We Measure it?,journalArticle,eurasiain17thcentury,,ZOT_aa99f8887cbe,metadata_only,unverified,bibliographic_inventory_only_until_verified
Pradhan,1998.0,Exploiting Nepal's Hydropower Potential: Some Prospects,journalArticle,pakgeoecnomics,,ZOT_ba4fed3b60c7,metadata_only,unverified,bibliographic_inventory_only_until_verified
Ibrahim,1999.0,A theology of modernity: Hasan al-Turabi and Islamic renewal in Sudan,journalArticle,taliban_twitter,,ZOT_12915a749c37,metadata_only,unverified,bibliographic_inventory_only_until_verified
Hettne,2000.0,Theorising the Rise of Regionness,journalArticle,southasia,,ZOT_ca09fa523f09,metadata_only,unverified,bibliographic_inventory_only_until_verified
Rendall,2000.0,"Russia, the concert of Europe, and Greece, 1821–29: A test of hypotheses about the Vienna system",journalArticle,eurasiain17thcentury,,ZOT_dd9237c50287,metadata_only,unverified,bibliographic_inventory_only_until_verified
Matthew,2000.0,The Environment as a National Security Issue,journalArticle,,,ZOT_561e53e57c7d,metadata_only,unverified,bibliographic_inventory_only_until_verified
Gamble,2001.0,"Regional blocs, world order and the new medievalism",journalArticle,economicglobalism,,ZOT_fac1fad6f710,metadata_only,unverified,bibliographic_inventory_only_until_verified
Gleason,2001.0,Why Russia is in Tajikistan,journalArticle,centralAsia,,ZOT_bb2104d0b7e1,metadata_only,unverified,bibliographic_inventory_only_until_verified
Buzan,2002.0,South Asia Moving Towards Transformation: Emergence of India as a Great Power,journalArticle,securitycomplex,,ZOT_0a578d75d513,metadata_only,unverified,bibliographic_inventory_only_until_verified
Malmberg,2002.0,The Elusive Concept of Localization Economies: Towards a Knowledge-Based Theory of Spatial Clustering,journalArticle,Geopolitics,,ZOT_d735b155cd23,metadata_only,unverified,bibliographic_inventory_only_until_verified
Schmitt-Egner,2002.0,The Concept of 'Region': Theoretical and Methodological Notes on its Reconstruction,journalArticle,southasia,,ZOT_ed243f5e07cb,metadata_only,unverified,bibliographic_inventory_only_until_verified
Snyder,2002.0,Mearsheimer's World-Offensive Realism and the Struggle for Security: A Review Essay,journalArticle,eurasiain17thcentury,,ZOT_35afbed623b0,metadata_only,unverified,bibliographic_inventory_only_until_verified
Yasmeen,2002.0,Kashmir: The Discourse in Pakistan,journalArticle,southasia,,ZOT_a6198bcd4d5b,metadata_only,unverified,bibliographic_inventory_only_until_verified
Buzan,2002.0,South Asia moving towards transformation: emergence of India as a great power,journalArticle,GreatPowers,,ZOT_d80aa93bd6fd,metadata_only,unverified,bibliographic_inventory_only_until_verified
Taremi,2003.0,Iranian Perspectives on Security in the Persian Gulf,journalArticle,iran,,ZOT_a4ed83e133d4,metadata_only,unverified,bibliographic_inventory_only_until_verified
Victor,2003.0,Axis of Oil?,journalArticle,WorldFocus,,ZOT_d5d7e87cf445,metadata_only,unverified,bibliographic_inventory_only_until_verified
Edwards,2003.0,The New Great Game and the new great gamers: Disciples of Kipling and Mackinder,journalArticle,centralAsia,,ZOT_0cd89b575140,metadata_only,unverified,bibliographic_inventory_only_until_verified
Buzan,2003.0,Security architecture in Asia: the interplay of regional and global levels¹.,journalArticle,Geopolitics,BIPOLARITY (International relations); China; EAST Asia; INTERNATIONAL security,ZOT_969d11dbd9ff,metadata_only,unverified,bibliographic_inventory_only_until_verified
Foot,2004.0,Chapter 3: Pakistan and Uzbekistan: the Front-line States,journalArticle,marina,,ZOT_3002a6304241,metadata_only,unverified,bibliographic_inventory_only_until_verified
Rubin,2004.0,(Re)Building Afghanistan: The Folly of Stateless - ProQuest,journalArticle,Afghanistan,,ZOT_a1fe240ec2c4,metadata_only,unverified,bibliographic_inventory_only_until_verified
Fujita,2004.0,"The new economic geography: Past,present and the future.",journalArticle,Geopolitics,AGGLOMERATION (Materials); ECONOMIC geography; ECONOMIC structure; New economic geography; SOCIAL sciences; SOCIOECONOMICS; agglomeration; location theory; self-organisation; spatial economy,ZOT_94ec68540d92,metadata_only,unverified,bibliographic_inventory_only_until_verified
Naseem,2004.0,"Economic Growth and Development in South Asia, with and without Regional Cooperation [with Comments]",journalArticle,WorldFocus,,ZOT_c7337064b445,metadata_only,unverified,bibliographic_inventory_only_until_verified
Dhaka,2004.0,Afghanistan: Geoeconomic Watershed of South and Central Asia,journalArticle,WorldFocus,,ZOT_936f1853b422,metadata_only,unverified,bibliographic_inventory_only_until_verified
Annette Bohr,2004.0,"Regionalism in Central Asia: New Geopolitics, Old Regional Order",journalArticle,callforpapers,,ZOT_7d370a500ef3,metadata_only,unverified,bibliographic_inventory_only_until_verified
Mackinder,2004.0,The geographical pivot of history (1904),journalArticle,Geopolitics,,ZOT_8b5e3f9f56f9,metadata_only,unverified,bibliographic_inventory_only_until_verified
James D. Sidaway,2005.0,Asia-Europe-United States: The Geoeconomics of Uncertainty,journalArticle,callforpapers,,ZOT_6118b7a76d94,metadata_only,unverified,bibliographic_inventory_only_until_verified
Diez,2005.0,"Turkey, the European Union and Security Complexes Revisited.",journalArticle,Geopolitics,EUROPEAN Union; EUROPEAN Union -- Membership; MEMBERSHIP; NATIONAL security; NATIONAL security -- United States; POLITICAL stability; TURKEY,ZOT_96f726d910f2,metadata_only,unverified,bibliographic_inventory_only_until_verified
Dittmer,2005.0,The Sino-Japanese-Russian Triangle,journalArticle,oilrussiachina,,ZOT_c0965b13f570,metadata_only,unverified,bibliographic_inventory_only_until_verified
Lee,2005.0,China's quest for oil security: Oil (wars) in the pipeline?,journalArticle,oilrussiachina,,ZOT_ca61ec6edd3b,metadata_only,unverified,bibliographic_inventory_only_until_verified
Atkinson,2005.0,Multi-criteria evaluation and least cost path analysis for an arctic all-weather road,journalArticle,WorldFocus,,ZOT_2fcc053b6352,metadata_only,unverified,bibliographic_inventory_only_until_verified
Sidaway,2005.0,Asia–Europe–United States: the geoeconomics of uncertainty,journalArticle,callforpapers,,ZOT_5f95f93c6b10,metadata_only,unverified,bibliographic_inventory_only_until_verified
Starr,2005.0,"Territory, Proximity, and Spatiality: The Geography of International Conflict",journalArticle,agency_structure,,ZOT_bc434676ceb6,metadata_only,unverified,bibliographic_inventory_only_until_verified
Sridharan,2005.0,International Relations Theory and the India–Pakistan Conflict,journalArticle,southasia,,ZOT_d6e7faddfce2,metadata_only,unverified,bibliographic_inventory_only_until_verified
Shahvar,2006.0,"Communications, Qajar Irredentism, and the Strategies of British India: The Makran Coast Telegraph and British policy of Containing Persia in the East (Baluchistan)—Part I",journalArticle,iran,,ZOT_923cb8941a65,metadata_only,unverified,bibliographic_inventory_only_until_verified
Brykova,2006.0,The International Competitiveness of National Regions: Conceptual and Practical Dimensions,journalArticle,BRI-EEU,,ZOT_70b2400749ae,metadata_only,unverified,bibliographic_inventory_only_until_verified
Bassin,2006.0,Mackinder and the heartland theory in post-Soviet geopolitical discourse,journalArticle,Mackinder,,ZOT_f79f1a5e6839,metadata_only,unverified,bibliographic_inventory_only_until_verified
Buszynski,2006.0,Oil and territory in Putin's relations with China and Japan,journalArticle,oilrussiachina,,ZOT_366ea6242df1,metadata_only,unverified,bibliographic_inventory_only_until_verified
Dhaka,2006.0,India’s energy security and Central Asia’s energy resources,journalArticle,WorldFocus,,ZOT_c53a3352684f,metadata_only,unverified,bibliographic_inventory_only_until_verified
Rendall,2006.0,Defensive realism and the Concert of Europe,journalArticle,eurasiain17thcentury,,ZOT_3198094260dd,metadata_only,unverified,bibliographic_inventory_only_until_verified
Linden,2006.0,A Grounded Approach to the Study of Complex Systems,journalArticle,grounded_theory,,ZOT_b069ef43ceb9,metadata_only,unverified,bibliographic_inventory_only_until_verified
Tarock,2006.0,Iran's nuclear programme and the west,journalArticle,climate_change,,ZOT_a21824b82a07,metadata_only,unverified,bibliographic_inventory_only_until_verified
Souleimanov,2007.0,Iran and Azerbaijan: A Contested Neighborhood,journalArticle,iran,,ZOT_16e4617243d6,metadata_only,unverified,bibliographic_inventory_only_until_verified
Kirkpatrick,2007.0,Dictatorships & Double Standards,journalArticle,Mackinder,,ZOT_c2c82f0d24d6,metadata_only,unverified,bibliographic_inventory_only_until_verified
Sparke,2007.0,"Forum: Geopolitical Fears, Geoeconomic Hopes, and the Responsibilities of Geography",journalArticle,callforpapers,,ZOT_7242b0424570,metadata_only,unverified,bibliographic_inventory_only_until_verified
Sparke,2007.0,"Geopolitical Fears, Geoeconomic Hopes, and the Responsibilities of Geography",journalArticle,callforpapers,,ZOT_cbd84a6940ff,metadata_only,unverified,bibliographic_inventory_only_until_verified
Gulick,2007.0,Russo-Chinese Energy Cooperation,journalArticle,oilrussiachina,,ZOT_52eba3a36182,metadata_only,unverified,bibliographic_inventory_only_until_verified
Luke Martell,2007.0,The Third Wave in Globalization Theory,journalArticle,securitycomplex,Evaluation; Iintegration; Reflection,ZOT_366aaf735148,metadata_only,unverified,bibliographic_inventory_only_until_verified
Robert E. Kelly,2007.0,"Security Theory in the ""New Regionalism""'",journalArticle,securitycomplex,Evaluation; Iintegration; Reflection,ZOT_9d5a0eb1b395,metadata_only,unverified,bibliographic_inventory_only_until_verified
Haté,2007.0,India’s “Look West” Policy: Why Central Asia matters,journalArticle,WorldFocus,,ZOT_4432e167fd6a,metadata_only,unverified,bibliographic_inventory_only_until_verified
Zafar,2007.0,"The growing relationship between China and Sub-Saharan Africa: Macroeconomic, trade, investment, and aid links",journalArticle,china_africa,,ZOT_47c9e563fd7a,metadata_only,unverified,bibliographic_inventory_only_until_verified
Carmody,2007.0,Competing hegemons? Chinese versus American geo-economic strategies in Africa,journalArticle,china_africa,,ZOT_b01de8a8f449,metadata_only,unverified,bibliographic_inventory_only_until_verified
Cheng,2007.0,China’s outward FDI: Past and Future,journalArticle,china_africa,,ZOT_ca74c5b77006,metadata_only,unverified,bibliographic_inventory_only_until_verified
Wang,2007.0,What drives China's growing role in Africa?,journalArticle,china_africa,,ZOT_6d6b7cf4dae6,metadata_only,unverified,bibliographic_inventory_only_until_verified
Anievas,2007.0,Global capitalism and the states system: explaining geopolitical conflicts in contemporary world politics,journalArticle,callforpapers,,ZOT_f970d1a88ca5,metadata_only,unverified,bibliographic_inventory_only_until_verified
Morton,2007.0,"Disputing the geopolitics of the states system and global capitalism: Cambridge Review of International Affairs: Vol 20, No 4",journalArticle,callforpapers,,ZOT_7c34dfeec549,metadata_only,unverified,bibliographic_inventory_only_until_verified
Khan,2007.0,Trans-National Trade with Focus on Afghanistan,journalArticle,Afghanistan,,ZOT_a7c47fd52f59,metadata_only,unverified,bibliographic_inventory_only_until_verified
Weitz,2008.0,CHINA-RUSSIA SECURITY RELATIONS: STRATEGIC PARALLELISM WITHOUT PARTNERSHIP OR PASSION?,journalArticle,oilrussiachina,CHINA -- Foreign relations -- Russia; China; INTERNATIONAL relations; INTERNATIONAL security -- International cooperation; Russia,ZOT_e1fddab4e4a5,metadata_only,unverified,bibliographic_inventory_only_until_verified
Boening,2008.0,"Regional Security through Synergistic Integration: A Euro-Mediterranean Regional Security Complex? Jean Monnet/Robert Schuman Paper Series Vol. 5, No. 13 June 2008",journalArticle,securitycomplex,EU-Mediterranean/Union for the Mediterranean; EU-Middle East,ZOT_3923fe68baee,metadata_only,unverified,bibliographic_inventory_only_until_verified
Woods,2008.0,"Whose Aid? Whose Influence? China, Emerging Donors and the Silent Revolution in Development Assistance",journalArticle,china_africa,,ZOT_16e45420e5d0,metadata_only,unverified,bibliographic_inventory_only_until_verified
Kaplinsky,2008.0,What Does the Rise of China Do for Industrialisation in Sub-Saharan Africa?,journalArticle,china_africa,,ZOT_9fa669483a90,metadata_only,unverified,bibliographic_inventory_only_until_verified
Westcott,2008.0,Digital Diplomacy: The Impact of the Internet on International Relations,journalArticle,twitteropoliics,,ZOT_63441047d717,metadata_only,unverified,bibliographic_inventory_only_until_verified
Zaki Laïdi,2008.0,How Trade Became Geopolitics,journalArticle,callforpapers,,ZOT_aa0bb2c17cf1,metadata_only,unverified,bibliographic_inventory_only_until_verified
Šir,2008.0,China as an Emerging Superpower in Central Asia: The View from Ashkhabad.,journalArticle,uzbekistan,CENTRAL Asia; CHINA; China; DEVELOPING countries; ECONOMIC development; ECONOMIC policy; External Relations; INTERNATIONAL relations; INTERNATIONAL trade; Oil and Gas Pipelines; TRANSITION economies; Turkmenistan; WORLD politics,ZOT_3b2cb0449b9b,metadata_only,unverified,bibliographic_inventory_only_until_verified
Hess,2008.0,Eurasia and the Geopolitics of Gas,journalArticle,russiapipelines,,ZOT_92c9a3d84970,metadata_only,unverified,bibliographic_inventory_only_until_verified
Alberto,2008.0,Pakistan between Central and South Asia RSC,journalArticle,Afghanistan,,ZOT_b87689e2e6b1,metadata_only,unverified,bibliographic_inventory_only_until_verified
Binnie,2009.0,The Evolving Role of Uzbek-led Fighters in Afghanistan and Pakistan,journalArticle,marina,,ZOT_e4b5bfedc094,metadata_only,unverified,bibliographic_inventory_only_until_verified
Mushtaq,2009.0,Managing Ethnic diversity and federalism in Pakistan,journalArticle,federalism,,ZOT_87afa76d9d56,metadata_only,unverified,bibliographic_inventory_only_until_verified
Jansen,2009.0,Twitter power: Tweets as electronic word of mouth,journalArticle,twitteropoliics,,ZOT_0ff06c27a944,metadata_only,unverified,bibliographic_inventory_only_until_verified
Kuchins,2009.0,PART TWO: THE NDN AND THE MODERN SILK ROAD.,journalArticle,russiapipelines,,ZOT_6265a5ba3efe,metadata_only,unverified,bibliographic_inventory_only_until_verified
Johnston,2009.0,"David Hooson: Political Geography, Mackinder and Russian Geopolitics",journalArticle,Geopolitics,,ZOT_7f831b6d7191,metadata_only,unverified,bibliographic_inventory_only_until_verified
Cowen,2009.0,After Geopolitics? From the Geopolitical Social to Geoeconomics,journalArticle,callforpapers,,ZOT_ac9ca4b6b507,metadata_only,unverified,bibliographic_inventory_only_until_verified
Rockström,2009.0,A safe operating space for humanity,journalArticle,peacebuilding,,ZOT_80938b7e7752,metadata_only,unverified,bibliographic_inventory_only_until_verified
Rakhimov,2010.0,Internal and External Dynamics of Regional Cooperation in Central Asia,journalArticle,taliban2,,ZOT_0735af527541,metadata_only,unverified,bibliographic_inventory_only_until_verified
Saikal,2010.0,Afghanistan and Pakistan: The Question of Pashtun Nationalism?,journalArticle,taliban2,,ZOT_6a7da9a81c18,metadata_only,unverified,bibliographic_inventory_only_until_verified
Leverett,2010.0,"The United States, Iran and the Middle East's New “Cold War”",journalArticle,iran,,ZOT_60553fbe3f07,metadata_only,unverified,bibliographic_inventory_only_until_verified
Buzan,2010.0,Culture and International Society,journalArticle,securitycomplex,,ZOT_c343c82be311,metadata_only,unverified,bibliographic_inventory_only_until_verified
Adisu,2010.0,The impact of Chinese investment in Africa,journalArticle,china_africa,,ZOT_902e6362f0eb,metadata_only,unverified,bibliographic_inventory_only_until_verified
Ahmad,2010.0,The Endemic Crisis of Federalism in Pakistan,journalArticle,federalism,,ZOT_5d030e0689be,metadata_only,unverified,bibliographic_inventory_only_until_verified
Golbeck,2010.0,Twitter use by the U.S. Congress,journalArticle,twitteropoliics,,ZOT_85c384f922cc,metadata_only,unverified,bibliographic_inventory_only_until_verified
Chang,2010.0,A new perspective on Twitter hashtag use: Diffusion of innovation theory,journalArticle,twitteropoliics,,ZOT_01769b6c936f,metadata_only,unverified,bibliographic_inventory_only_until_verified
Kassenova,2010.0,Uranium Production and Nuclear Energy in Central Asia: Assessment of Security Challenges and Risks,journalArticle,SCO,,ZOT_4b9a453eb633,metadata_only,unverified,bibliographic_inventory_only_until_verified
Yuan,2010.0,China's Role in Establishing and Building the Shanghai Cooperation Organization (SCO),journalArticle,SCO,,ZOT_692a816b6e60,metadata_only,unverified,bibliographic_inventory_only_until_verified
Kuchins,2010.0,Afghanistan: Building the Missing Link in the Modern Silk Road,journalArticle,Afghanistan; russiapipelines,,ZOT_e1e0e91d7be3,metadata_only,unverified,bibliographic_inventory_only_until_verified
Reid-Henry,2010.0,The Territorial Trap Fifteen Years On,journalArticle,territorialtrap,,ZOT_f171bf0643f1,metadata_only,unverified,bibliographic_inventory_only_until_verified
Buzan,2011.0,The South Asian Security Complex in a Decentring World Order: Reconsidering Regions and Powers Ten Years On,journalArticle,economicglobalism,,ZOT_3634a98a4d51,metadata_only,unverified,bibliographic_inventory_only_until_verified
Leung,2011.0,China's energy security: Perception and reality,journalArticle,oilrussiachina,,ZOT_487b657bd4f8,metadata_only,unverified,bibliographic_inventory_only_until_verified
Lim,2011.0,"The energy triangle of Japan, china and Russia: The political economics of Tokyo, Beijing and the east Siberian pipeline",journalArticle,oilrussiachina,,ZOT_f6ce2e5648e2,metadata_only,unverified,bibliographic_inventory_only_until_verified
Rabbani,2011.0,Making Sense of Instability in South Asia.,journalArticle,WorldFocus,,ZOT_b3551f24194d,metadata_only,unverified,bibliographic_inventory_only_until_verified
Afonin,2011.0,The TAPI gas pipeline: Pro et contra,journalArticle,WorldFocus,,ZOT_08ff28cb924c,metadata_only,unverified,bibliographic_inventory_only_until_verified
Renard,2011.0,China’s Trade and FDI in Africa,journalArticle,china_africa,,ZOT_c6955f9db065,metadata_only,unverified,bibliographic_inventory_only_until_verified
Reips,2011.0,Mining twitter: A source for psychological wisdom of the crowds,journalArticle,twitteropoliics,,ZOT_422a152aee97,metadata_only,unverified,bibliographic_inventory_only_until_verified
Tay,2011.0,Designing social media into university learning: technology of collaboration or collaboration for technology?,journalArticle,socialmedia,,ZOT_07cc17b2b9bd,metadata_only,unverified,bibliographic_inventory_only_until_verified
Christensen,2011.0,Twitter Revolutions? Addressing Social Media and Dissent,journalArticle,socialmedia,,ZOT_46f70149a636,metadata_only,unverified,bibliographic_inventory_only_until_verified
Kuchins,2011.0,A Truly Regional Economic Strategy for Afghanistan,journalArticle,southasia,,ZOT_70df7168e978,metadata_only,unverified,bibliographic_inventory_only_until_verified
Kropatcheva,2011.0,Playing Both Ends Against the Middle: Russia's Geopolitical Energy Games with the EU and Ukraine,journalArticle,Geopolitics,,ZOT_7e9914ddaa92,metadata_only,unverified,bibliographic_inventory_only_until_verified
Desai,2011.0,Gujarat's Hindutva of Capitalist Development,journalArticle,southasia,,ZOT_8a4761435663,metadata_only,unverified,bibliographic_inventory_only_until_verified
Ruttig,2011.0,Afghanistan Conference in Istanbul: The clogged arteries of the ‘Heart of Asia’,journalArticle,Afghanistan,,ZOT_0c732137ce2f,metadata_only,unverified,bibliographic_inventory_only_until_verified
Ayas,2012.0,Dilemmas of Eurasianism as an Alternative Policy for Turkey.,journalArticle,Mackinder,,ZOT_22a204e5fc52,metadata_only,unverified,bibliographic_inventory_only_until_verified
Blank,2012.0,Pipeline to Nowhere,journalArticle,oilrussiachina,,ZOT_fa5a72002bd8,metadata_only,unverified,bibliographic_inventory_only_until_verified
Mareš,2012.0,Oil and natural gas in Russia's eastern energy strategy: Dream or reality?,journalArticle,oilrussiachina,,ZOT_c2f1e073cf15,metadata_only,unverified,bibliographic_inventory_only_until_verified
Reza,2012.0,Examining the TAPI pipeline and its impact on regional and cross-regional rivalry,journalArticle,WorldFocus,,ZOT_0c7f3261c773,metadata_only,unverified,bibliographic_inventory_only_until_verified
Abbas,2012.0,IP and TAPI in the New Great Game: Can Pakistan keep its hopes high,journalArticle,WorldFocus,,ZOT_bb71a4a64159,metadata_only,unverified,bibliographic_inventory_only_until_verified
Takhteyev,2012.0,Geography of Twitter networks,journalArticle,twitteropoliics,,ZOT_597abc50497f,metadata_only,unverified,bibliographic_inventory_only_until_verified
Westerman,2012.0,A social network as information: The effect of system generated reports of connectedness on credibility on Twitter,journalArticle,twitteropoliics,,ZOT_cdc5c354d95c,metadata_only,unverified,bibliographic_inventory_only_until_verified
Larsson,2012.0,Studying political microblogging: Twitter users in the 2010 Swedish election campaign,journalArticle,twitteropoliics,,ZOT_5bfb41b9134c,metadata_only,unverified,bibliographic_inventory_only_until_verified
Kirsch,2012.0,Impact of the 2010 Pakistan Floods on Rural and Urban Populations at Six Months,journalArticle,environment,,ZOT_5ff2696d62de,metadata_only,unverified,bibliographic_inventory_only_until_verified
Azamat,2012.0,The Trans-Afghan transport corridor: state interests and development prospects,journalArticle,Afghanistan,,ZOT_95efa535df3f,metadata_only,unverified,bibliographic_inventory_only_until_verified
Zokhidov,2012.0,The Trans-Afghan transport corridor: state interests and development prospects,journalArticle,Afghanistan,,ZOT_1d8bbbff7ea7,metadata_only,unverified,bibliographic_inventory_only_until_verified
Alekseev,2013.0,The Russian Idea: From Messianism to Pragmatism,journalArticle,Mackinder,,ZOT_f09a1afedfcc,metadata_only,unverified,bibliographic_inventory_only_until_verified
Movkebaeva,2013.0,"Energy Cooperation Among Kazakhstan, Russia, and China Within the Shanghai Cooperation Organization.",journalArticle,oilrussiachina,China; Energy industries; Kazakhstan; Russia; Shanghai Cooperation Organisation; Strategic alliances (Business),ZOT_8269516f28d9,metadata_only,unverified,bibliographic_inventory_only_until_verified
Yong,2013.0,Consolidating the Security Foundation of Regional Economic Prosperity: Evolving Power Balances in East Asia and Alternate Conceptions for Building Regional Institutions,journalArticle,securitycomplex,Balance of Power; Common Security; East Asia; Power Politics; Regional Cooperation; Regional Institutions,ZOT_e43ffe0f023f,metadata_only,unverified,bibliographic_inventory_only_until_verified
Nathan,2013.0,Pipeline politics—A study of India′ s proposed cross border gas projects,journalArticle,WorldFocus,,ZOT_930deddcbfc4,metadata_only,unverified,bibliographic_inventory_only_until_verified
Ahmed,2013.0,Historical Evolution of Federalism in Pakistan: From Bewilderment to Setting up of a Path.,journalArticle,federalism,Autonomy (Political science); Constitutional amendments; FEDERAL government; Military government; PAKISTAN -- Politics & government -- 1988-; Public contracts,ZOT_434d7a86b8a1,metadata_only,unverified,bibliographic_inventory_only_until_verified
Khalid,2013.0,Politics of Federalism in Pakistan: Problems and Prospects.,journalArticle,federalism,CONSTITUTIONS; DEMOCRACY; FEDERAL government; Identities; PAKISTAN -- Politics & government -- 1988-; POLITICAL parties; PUBLIC administration; Pakistan; center-province relations; constitution; elections; federalism,ZOT_7887ddf80fd8,metadata_only,unverified,bibliographic_inventory_only_until_verified
Langenhove,2013.0,What is a region? Towards a statehood theory of regions,journalArticle,southasia,,ZOT_6bac1b6d6ec0,metadata_only,unverified,bibliographic_inventory_only_until_verified
Bekafigo,2013.0,Who Tweets About Politics?: Political Participation of Twitter Users During the 2011Gubernatorial Elections,journalArticle,twitteropoliics,,ZOT_c64e1f45804a,metadata_only,unverified,bibliographic_inventory_only_until_verified
Kontopoulos,2013.0,Ontology-based sentiment analysis of twitter posts,journalArticle,twitteropoliics,,ZOT_648798d945ab,metadata_only,unverified,bibliographic_inventory_only_until_verified
Clarke,2013.0,China's Strategy in “Greater Central Asia”: Is Afghanistan the Missing Link?,journalArticle,OBOR_train,,ZOT_01b4c0bf1cdf,metadata_only,unverified,bibliographic_inventory_only_until_verified
Dunn Cavelty,2013.0,From Cyber-Bombs to Political Fallout: Threat Representations with an Impact in the Cyber-Security Discourse,journalArticle,twitteropoliics,,ZOT_23b1daae8546,metadata_only,unverified,bibliographic_inventory_only_until_verified
Muzalevsky,2013.0,Uranium Waste in Central Asia Presents Serious Security Challenges.,journalArticle,SCO,,ZOT_ad3e8faf6c90,metadata_only,unverified,bibliographic_inventory_only_until_verified
Zhang,2013.0,A Strategic Issue Management (SIM) Approach to Social Media Use in Public Diplomacy,journalArticle,twittergeopolitics2b,,ZOT_178f39a5d643,metadata_only,unverified,bibliographic_inventory_only_until_verified
Danju,2013.0,From Autocracy to Democracy: The Impact of Social Media on the Transformation Process in North Africa and Middle East,journalArticle,securitycomplex,,ZOT_110099580cff,metadata_only,unverified,bibliographic_inventory_only_until_verified
Ijang,2013.0,"Dependency on natural resources: post-conflict challenges for livelihoods security and environmental sustainability in Goma, The Democratic Republic of Congo",journalArticle,environment,Conflict and reconstruction – Forced displacement; Environment (built and natural); Labour and livelihoods; Sub-Saharan Africa,ZOT_aba232ee50d6,metadata_only,unverified,bibliographic_inventory_only_until_verified
Kazemi,2013.0,Afghanistan Conference in Kazakhstan: Will the ‘Heart of Asia’ Start Throbbing?,journalArticle,Afghanistan,,ZOT_8fd78b37ed72,metadata_only,unverified,bibliographic_inventory_only_until_verified
Dobhal,2013.0,Kedarnath disaster: facts and plausible causes.,journalArticle,environment,,ZOT_e7d13bda29cd,metadata_only,unverified,bibliographic_inventory_only_until_verified
Huasheng,2014.0,Chinese Views of Post-2014 Afghanistan,journalArticle,SCO,,ZOT_7f5ab6ec4afd,metadata_only,unverified,bibliographic_inventory_only_until_verified
Song,2014.0,Port infrastructure investment and regional economic growth in China: Panel evidence in port regions and provinces,journalArticle,economicglobalism,,ZOT_59504bc3484c,metadata_only,unverified,bibliographic_inventory_only_until_verified
Clifton,2014.0,Financing utilities: How the role of the European Investment Bank shifted from regional development to making markets,journalArticle,economicglobalism,,ZOT_8b4e8feb1764,metadata_only,unverified,bibliographic_inventory_only_until_verified
Bottasso,2014.0,Ports and regional development: A spatial analysis on a panel of European regions,journalArticle,transportgeography,,ZOT_bdc949a746de,metadata_only,unverified,bibliographic_inventory_only_until_verified
Jackson,2014.0,Trans-Regional Security Organisations and Statist Multilateralism in Eurasia.,journalArticle,Geopolitics,1991-; 2001-; AFGHANISTAN; HISTORY; INTERNATIONAL cooperation; INTERNATIONAL security; INTERREGIONALISM; KYRGYZSTAN; NATIONAL security; ORGANIZATION for Security & Co-operation in Europe; REGIONALISM (International organization),ZOT_011db5971429,metadata_only,unverified,bibliographic_inventory_only_until_verified
Weitz,2014.0,The Russia-China gas deal: implications and ramifications,journalArticle,oilrussiachina,,ZOT_b10617e02fc7,metadata_only,unverified,bibliographic_inventory_only_until_verified
Fang,2014.0,"The impact of oil price shocks on the large emerging countries' stock prices: Evidence from China, India and Russia",journalArticle,oilrussiachina,BRIC; China; NIEs; Oil price shock; Stock market,ZOT_a058c437b855,metadata_only,unverified,bibliographic_inventory_only_until_verified
Paltsev,2014.0,Scenarios for Russia's natural gas exports to 2050,journalArticle,oilrussiachina,,ZOT_9539190e56b4,metadata_only,unverified,bibliographic_inventory_only_until_verified
Wu,2014.0,China׳s energy security: Oil and gas,journalArticle,oilrussiachina,,ZOT_aa5212cdf4c1,metadata_only,unverified,bibliographic_inventory_only_until_verified
Shadrina,2014.0,"Russia׳s natural gas policy toward northeast Asia: Rationales, objectives and institutions",journalArticle,oilrussiachina,,ZOT_77f06706fac2,metadata_only,unverified,bibliographic_inventory_only_until_verified
Lee,2014.0,Opportunities and risks in Turkmenistan's quest for diversification of its gas export routes,journalArticle,oilrussiachina,,ZOT_d249b85ba119,metadata_only,unverified,bibliographic_inventory_only_until_verified
Cutler,2014.0,Chinese energy companies' relations with Russia and Kazakhstan,journalArticle,oilrussiachina,,ZOT_a5f52a67ee97,metadata_only,unverified,bibliographic_inventory_only_until_verified
Kropatcheva,2014.0,He who has the pipeline calls the tune? Russia's energy power against the background of the shale “revolutions”,journalArticle,oilrussiachina,,ZOT_643403412220,metadata_only,unverified,bibliographic_inventory_only_until_verified
Hussain,2014.0,An overview of South Asian Security Physiognomies in the Context of Regional Power Balance Strategies.,journalArticle,securitycomplex,BALANCE of power; Balance of power; Bilateral engagement; INDIA -- Foreign relations; PHYSIOGNOMY; Regional Security Complex; Regional power politics; SECURITY management; SOUTH Asia; security externalities,ZOT_18af23b610ee,metadata_only,unverified,bibliographic_inventory_only_until_verified
Leigh,2014.0,Energy–A Geopolitical Game Changer?,journalArticle,WorldFocus,,ZOT_249dcb02dd53,metadata_only,unverified,bibliographic_inventory_only_until_verified
Xu,2014.0,Predicting Opinion Leaders in Twitter Activism Networks: The Case of the Wisconsin Recall Election,journalArticle,twitteropoliics,,ZOT_93171d91e390,metadata_only,unverified,bibliographic_inventory_only_until_verified
Makazhanov,2014.0,Predicting political preference of Twitter users,journalArticle,twitteropoliics,,ZOT_16a3831a7315,metadata_only,unverified,bibliographic_inventory_only_until_verified
Adnan,2014.0,A geocomputational analysis of Twitter activity around different world cities,journalArticle,twitteropoliics,,ZOT_7fbd43425bf8,metadata_only,unverified,bibliographic_inventory_only_until_verified
McKelvey,2014.0,Twitter publics: how online political communities signaled electoral outcomes in the 2010 US house election,journalArticle,twitteropoliics,,ZOT_b0846cd56dec,metadata_only,unverified,bibliographic_inventory_only_until_verified
Kuchins,2014.0,Russia and the CIS in 2013,journalArticle,russiapipelines,,ZOT_090417bfc2d4,metadata_only,unverified,bibliographic_inventory_only_until_verified
Sevim,2014.0,Energy Impact of Coming Eurasian Union and Relations between Russia and Turkey,journalArticle,russiapipelines,,ZOT_11cb4e0f5b3b,metadata_only,unverified,bibliographic_inventory_only_until_verified
Javaid,2014.0,Reviewing security in South Asia,journalArticle,southasia,,ZOT_50fc0080d11a,metadata_only,unverified,bibliographic_inventory_only_until_verified
Quie,2014.0,The Istanbul Process: prospects for regional connectivity in the heart of Asia,journalArticle,Afghanistan,,ZOT_bf0c7bc0fff4,metadata_only,unverified,bibliographic_inventory_only_until_verified
Lanjian,2015.0,China OBOR in Perspective of High-speed Railway (HSR) — Research on OBOR Economic Expansion Strategy of China,journalArticle,economicglobalism,,ZOT_75c27e2f1dbb,metadata_only,unverified,bibliographic_inventory_only_until_verified
Troitskiy,2015.0,Central Asian Regional Security Complex: The Impact of Russian and US Policies,journalArticle,Geopolitics,,ZOT_6b34bb918858,metadata_only,unverified,bibliographic_inventory_only_until_verified
Rakisits,2015.0,A path to the sea: China's Pakistan plan,journalArticle,CPEC,China; Company financing; Foreign investments -- Military aspects; Indian Ocean -- International aspects; Indian Ocean -- Military aspects; Pakistan; Ports -- Finance; Ports -- International aspects; Ports -- Military aspects,ZOT_df863dee31c2,metadata_only,unverified,bibliographic_inventory_only_until_verified
Qureshi,2015.0,China/Pakistan Economic Corridor: A Critical National and International Law Policy Based Perspective.,journalArticle,CPEC,ECONOMIC aspects; INTERNATIONAL cooperation; INTERNATIONAL law -- Economic aspects; INVESTMENTS; PAKISTAN -- Foreign relations; SILK Road; SOCIAL norms,ZOT_a53178a7d844,metadata_only,unverified,bibliographic_inventory_only_until_verified
Abid,2015.0,CPEC: Challenges and Opportunities for Pakistan.,journalArticle,CPEC,Corridors (Ecology) -- Design & construction; Corridors -- Economic aspects; DESIGN & construction; INTERNATIONAL cooperation; INTERNATIONAL relations; Pipelines; Railroads; Roads,ZOT_a1ef613f5bdb,metadata_only,unverified,bibliographic_inventory_only_until_verified
Martínez Álvarez,2015.0,CHINA-KAZAKHSTAN ENERGY RELATIONS BETWEEN 1997 AND 2012,journalArticle,oilrussiachina,,ZOT_581e78f77e06,metadata_only,unverified,bibliographic_inventory_only_until_verified
,2015.0,FOCUS: Russia looks for new ways to keep up oil production and exports,journalArticle,oilrussiachina,,ZOT_b39aa59e37a4,metadata_only,unverified,bibliographic_inventory_only_until_verified
Majeed,2015.0,Issues and Adjustment in Pakistan's Federation.,journalArticle,federalism,CONSTITUTIONALISM; FEDERAL government; Identities; PAKISTAN -- Politics & government; Provincial autonomy; center-province relations; constitution; eighteen amendment; elections; federalism,ZOT_969b7e558a65,metadata_only,unverified,bibliographic_inventory_only_until_verified
Yang,2015.0,GIS analysis of depression among Twitter users,journalArticle,twitteropoliics,,ZOT_cbf5e8375c63,metadata_only,unverified,bibliographic_inventory_only_until_verified
Atefeh,2015.0,A Survey of Techniques for Event Detection in Twitter,journalArticle,twitteropoliics,,ZOT_65ae6772e010,metadata_only,unverified,bibliographic_inventory_only_until_verified
Fallon,2015.0,The New Silk Road: Xi Jinping's Grand Strategy for Eurasia,journalArticle,OBOR_train,,ZOT_415983ba68c4,metadata_only,unverified,bibliographic_inventory_only_until_verified
Minghao,2015.0,China’s New Silk Road Initiative,journalArticle,,,ZOT_07b03d9e180b,metadata_only,unverified,bibliographic_inventory_only_until_verified
Korson,2015.0,Political Agency and Citizen Journalism: Twitter as a Tool of Evaluation,journalArticle,twitteropoliics,,ZOT_c6d0410608b3,metadata_only,unverified,bibliographic_inventory_only_until_verified
Barberá,2015.0,Understanding the Political Representativeness of Twitter Users,journalArticle,twitteropoliics,,ZOT_d6868bf04fc8,metadata_only,unverified,bibliographic_inventory_only_until_verified
Goode,2015.0,Everyday Nationalism: Constructivism for the Masses*,journalArticle,socialmedia,,ZOT_846cb27ca39e,metadata_only,unverified,bibliographic_inventory_only_until_verified
Akgul,2015.0,The Use of Data and Datasets in International Relations Research,journalArticle,socialmedia,,ZOT_73a3cb7cae8b,metadata_only,unverified,bibliographic_inventory_only_until_verified
Heinrich,2015.0,Mixing geopolitics and business: How ruling elites in the Caspian states justify their choice of export pipelines,journalArticle,Geopolitics; oilrussiachina,Foreign policy; Geopolitics; Media analysis; Pipelines,ZOT_25f9a68fb86c,metadata_only,unverified,bibliographic_inventory_only_until_verified
Rehman,2015.0,Flood Disaster in Pakistan and its Impact on Agriculture Growth (A Review),journalArticle,environment,,ZOT_63b292526768,metadata_only,unverified,bibliographic_inventory_only_until_verified
Butt,2015.0,IMPACT OF CPEC ON REGIONAL AND EXTRA- REGIONAL ACTORS,journalArticle,BRI-EEU,,ZOT_89fee70caf06,metadata_only,unverified,bibliographic_inventory_only_until_verified
Quazi,2015.0,Foreign Aid and Quality of Governance in Developing Countries: An Econometric Case Study of South Asia and East Asia,journalArticle,environment,,ZOT_a47a265afafb,metadata_only,unverified,bibliographic_inventory_only_until_verified
Abbas,2016.0,The Role of Persian Language before Independence in India,journalArticle,iran,,ZOT_6992f5f3c33c,metadata_only,unverified,bibliographic_inventory_only_until_verified
Thevenin,2016.0,Measuring one century of railway accessibility and population change in France. A historical GIS approach,journalArticle,economicglobalism,,ZOT_2e935a74dd6d,metadata_only,unverified,bibliographic_inventory_only_until_verified
Jeong,2016.0,A typology of network city in a socio-economically disadvantaged region,journalArticle,economicglobalism,,ZOT_7359339d1004,metadata_only,unverified,bibliographic_inventory_only_until_verified
Shailo,2016.0,"IMS-Growth Triangle, SADC and APEC: A Brief Analysis of Regional Integration and Transborder Relations from Critical Geopolitical Perspectives.",journalArticle,economicglobalism,Critical Geopolitics; Discourse Analysis; GEOPOLITICS -- Research; Globalization; INTERNATIONAL economic integration; INTERNATIONAL relations; Identity; Power Relation; Regional Integration; Transborder,ZOT_6cc532175f66,metadata_only,unverified,bibliographic_inventory_only_until_verified
Weede,2016.0,"Geopolitics, Institutions, and Economics: On the Rise and Decline of Civilizations",journalArticle,Geopolitics,,ZOT_d5805839fd3c,metadata_only,unverified,bibliographic_inventory_only_until_verified
Adnan,2016.0,China-Pakistan Economic Corridor: A Road to Development and its Challenges.,journalArticle,CPEC,CHINA -- Foreign relations; Challenges; China; ENERGY development; Economic Corridor; Economic relations; Gawadar Port; INTERNATIONAL economic relations; INTERNATIONAL trade; PAKISTAN -- Foreign relations; Pakistan; trade,ZOT_80a8ba220223,metadata_only,unverified,bibliographic_inventory_only_until_verified
Sharples,2016.0,The shifting Geopolitics of Russia's natural gas exports and their impact on EU-Russia gas relations,journalArticle,oilrussiachina,,ZOT_65922e421672,metadata_only,unverified,bibliographic_inventory_only_until_verified
Nurgaliyeva,2016.0,Kazakhstan's economic soft balancing policy vis-à-vis Russia: From the Eurasian union to the economic cooperation with turkey,journalArticle,oilrussiachina,,ZOT_64dd84ee5678,metadata_only,unverified,bibliographic_inventory_only_until_verified
Bertelsen,2016.0,"The return of china, post-cold war Russia, and the arctic: Changes on land and at sea",journalArticle,oilrussiachina,,ZOT_adc00c777fd5,metadata_only,unverified,bibliographic_inventory_only_until_verified
Zhong,2016.0,The roles of countries in the international fossil fuel trade: An emergy and network analysis,journalArticle,oilrussiachina,,ZOT_5d4ef6d8a8f8,metadata_only,unverified,bibliographic_inventory_only_until_verified
Wang,2016.0,Investigation of the freeze–thaw states of foundation soils in permafrost areas along the China–Russia Crude Oil Pipeline (CRCOP) route using ground-penetrating radar (GPR),journalArticle,oilrussiachina,China–Russia Crude Oil Pipeline (CRCOP); Freeze–thaw states; Ground-penetrating radar (GPR); Permafrost; Thaw depth; Thaw settlement,ZOT_f96873191620,metadata_only,unverified,bibliographic_inventory_only_until_verified
Javaid,2016.0,China's Interests and Challenges in South Asia.,journalArticle,CPEC; OBOR_train,ASIA -- Relations -- China; CHINA; CHINA -- Foreign relations; CHINESE civilization; China; ECONOMIC development; PAKISTAN -- Foreign relations; Pakistan; SOUTH Asia -- Foreign economic relations; economic activities; interests; matching role,ZOT_06c099cba0ff,metadata_only,unverified,bibliographic_inventory_only_until_verified
Mushtaq,2016.0,Regional Identities in Quest of Separate Provinces: A New Challenge for the Pakistani Federation.,journalArticle,federalism,Autonomy (Political science); CONSTITUENT power; Federation; MINORITIES; POLITICAL parties; PROVINCES; Pakistan; REGIONAL identity (Psychology); Regional Identities; Separate Provinces,ZOT_ad626b047946,metadata_only,unverified,bibliographic_inventory_only_until_verified
Jabeen,2016.0,Revisiting Public Policy Making Process and Strategies in Pakistan: A Governance Perspective.,journalArticle,federalism,Collaborative; DEVELOPING countries; GOVERNMENT policy; Governance; NETWORK governance; POLICY sciences; Pakistan; Participative; Public Policy; Reforms,ZOT_64f96f27f3ee,metadata_only,unverified,bibliographic_inventory_only_until_verified
Sial,2016.0,Provincial Autonomy under Stress in Pakistan.,journalArticle,federalism,Autonomy (Political science); CONSTITUTIONAL law; DECENTRALIZATION in government; PAKISTAN -- Politics & government; PROVINCES; Pakistan,ZOT_e4cacf9d40c7,metadata_only,unverified,bibliographic_inventory_only_until_verified
Wang,2016.0,Offensive for defensive: the belt and road initiative and China's new grand strategy,journalArticle,OBOR_train,,ZOT_55252a643c8c,metadata_only,unverified,bibliographic_inventory_only_until_verified
Saif,2016.0,Contextual semantics for sentiment analysis of Twitter,journalArticle,twitteropoliics,,ZOT_fc2ea2563943,metadata_only,unverified,bibliographic_inventory_only_until_verified
Wigell,2016.0,Geopolitics versus geoeconomics: the case of Russia's geostrategy and its effects on the EU,journalArticle,callforpapers,,ZOT_0c89be183d6f,metadata_only,unverified,bibliographic_inventory_only_until_verified
Harris,2016.0,"America, Europe and the Necessary Geopolitics of Trade",journalArticle,callforpapers,,ZOT_6d0f64531429,metadata_only,unverified,bibliographic_inventory_only_until_verified
MensXP,2016.0,Adnan Sami Stood Up In Support Of India And The Pakistanis Are Calling Him A 'Traitor' On Twitter,journalArticle,southasia,,ZOT_6ef09b68040b,metadata_only,unverified,bibliographic_inventory_only_until_verified
Blokh,2016.0,Psychological Warfare Analysis Using Network Science Approach,journalArticle,twittergeopolitics2b,,ZOT_8a743a5663c2,metadata_only,unverified,bibliographic_inventory_only_until_verified
HUASHENG,2016.0,Afghanistan and China's new neighbourhood diplomacy,journalArticle,Afghanistan,,ZOT_a1a417b00111,metadata_only,unverified,bibliographic_inventory_only_until_verified
Jin,2016.0,The US Withdrawal and One Belt One Road: Chinese Concerns and Challenges in Afghanistan,journalArticle,Afghanistan,,ZOT_44f52b226fbf,metadata_only,unverified,bibliographic_inventory_only_until_verified
Rahman,2017.0,Analysis of Chinese Economic and National Security Interests in China- Pakistan Economic Corridor (CPEC) under the Framework of One Belt One Road (OBOR) Initiative,journalArticle,pakchina_snds,,ZOT_9ce6d2912b06,metadata_only,unverified,bibliographic_inventory_only_until_verified
Ahmad,2017.0,China-Pakistan Economic Corridor and Its Social Implication on Pakistan: How Will CPEC Boost Pakistan’s Infrastructures and Overcome the Challenges?,journalArticle,pakchina_snds,,ZOT_020844d268f0,metadata_only,unverified,bibliographic_inventory_only_until_verified
Duncombe,2017.0,Twitter and transformative diplomacy: social media and Iran–US relations,journalArticle,Geopolitics,,ZOT_69e9a40f9b7e,metadata_only,unverified,bibliographic_inventory_only_until_verified
Volpe Martincus,2017.0,"Roads, exports and employment: Evidence from a developing country",journalArticle,economicglobalism,,ZOT_a6770b14a415,metadata_only,unverified,bibliographic_inventory_only_until_verified
Bai Shi,2017.0,A BOOST TO REGIONAL ECONOMIES: The construction of the China-Pakistan Economic Corridor accelerates.,journalArticle,OBOR_train,CHINA -- Foreign economic relations; ECONOMIC development; FOREIGN investments; LETTERS of intent; PAKISTAN -- Foreign economic relations,ZOT_57eed4aa16e7,metadata_only,unverified,bibliographic_inventory_only_until_verified
Segesten,2017.0,A typology of political participation online: how citizens used Twitter to mobilize during the 2015 British general elections,journalArticle,twitteropoliics,,ZOT_8619a0c7bea5,metadata_only,unverified,bibliographic_inventory_only_until_verified
Salloum,2017.0,A Survey of Text Mining in Social Media: Facebook and Twitter Perspectives,journalArticle,twitteropoliics,,ZOT_e01db686c22e,metadata_only,unverified,bibliographic_inventory_only_until_verified
Vargo,2017.0,"Socioeconomic Status, Social Capital, and Partisan Polarity as Predictors of Political Incivility on Twitter: A Congressional District-Level Analysis",journalArticle,twitteropoliics,,ZOT_fd493905b60c,metadata_only,unverified,bibliographic_inventory_only_until_verified
Ke,2017.0,A systematic identification and analysis of scientists on Twitter,journalArticle,twitteropoliics,,ZOT_9d38537740f3,metadata_only,unverified,bibliographic_inventory_only_until_verified
Beauchamp,2017.0,Predicting and Interpolating State-Level Polls Using Twitter Textual Data,journalArticle,twitteropoliics,,ZOT_b49618a4dd8a,metadata_only,unverified,bibliographic_inventory_only_until_verified
McCormick,2017.0,Using Twitter for Demographic and Social Science Research: Tools for Data Collection and Processing,journalArticle,twitteropoliics,,ZOT_695743e2e146,metadata_only,unverified,bibliographic_inventory_only_until_verified
Warrington,2017.0,Countering violent extremism via de-securitisation on Twitter,journalArticle,twitteropoliics,,ZOT_f37c4267945c,metadata_only,unverified,bibliographic_inventory_only_until_verified
Jendoubi,2017.0,Two evidential data based models for influence maximization in Twitter,journalArticle,twitteropoliics,,ZOT_b5cc0dac07bc,metadata_only,unverified,bibliographic_inventory_only_until_verified
Himelboim,2017.0,Classifying Twitter Topic-Networks Using Social Network Analysis,journalArticle,twitteropoliics,,ZOT_b0823b550324,metadata_only,unverified,bibliographic_inventory_only_until_verified
Di Muzio,2017.0,Uneven and combined confusion: on the geopolitical origins of capitalism and the rise of the west,journalArticle,callforpapers,,ZOT_1dafbbc583e2,metadata_only,unverified,bibliographic_inventory_only_until_verified
Glukhov,2017.0,Construction of national identity through a social network: a case study of ethnic networks of immigrants to Russia from Central Asia,journalArticle,socialmedia,,ZOT_ae3c7816542e,metadata_only,unverified,bibliographic_inventory_only_until_verified
Williams,2017.0,"Introduction: Social Media, Political Marketing and the 2016 U.S. Election",journalArticle,twitteropoliics,,ZOT_a49382e2ea37,metadata_only,unverified,bibliographic_inventory_only_until_verified
Blanchard,2017.0,The Geopolitics of China’s Maritime Silk Road Initiative,journalArticle,SCO; callforpapers,,ZOT_4ca4cf638f82,metadata_only,unverified,bibliographic_inventory_only_until_verified
Austvik,2017.0,EU-Russian Gas Trade and the Shortcomings of International Law,journalArticle,energy_statistics,,ZOT_d78b937c9a3f,metadata_only,unverified,bibliographic_inventory_only_until_verified
Baysal,2017.0,"Climate Change and Security: Different Perceptions, Different Approaches",journalArticle,climate_change,,ZOT_ad2314aa73f1,metadata_only,unverified,bibliographic_inventory_only_until_verified
Khan,2018.0,Analysis of power plants in China Pakistan economic corridor (CPEC): An application of analytic network process (ANP),journalArticle,pakchina_snds,,ZOT_9a58f9f7c16c,metadata_only,unverified,bibliographic_inventory_only_until_verified
Meyer,2018.0,"Free Trade, Fair Trade, and Selective Enforcement",journalArticle,economicglobalism,,ZOT_c581cb7defa8,metadata_only,unverified,bibliographic_inventory_only_until_verified
Zhang,2018.0,The Belt and Road Initiative: China’s New Geopolitical Strategy?,journalArticle,BRI-EEU,,ZOT_cc5514b804e1,metadata_only,unverified,bibliographic_inventory_only_until_verified
Csurgai,2018.0,The Increasing Importance of Geoeconomics in Power Rivalries in the Twenty-First Century,journalArticle,callforpapers,,ZOT_75db43c5a235,metadata_only,unverified,bibliographic_inventory_only_until_verified
Moisio,2018.0,Towards Geopolitical Analysis of Geoeconomic Processes,journalArticle,callforpapers,,ZOT_045b9846829e,metadata_only,unverified,bibliographic_inventory_only_until_verified
Cai,2018.0,The One Belt One Road and the Asian Infrastructure Investment Bank: Beijing’s New Strategy of Geoeconomics and Geopolitics,journalArticle,callforpapers,,ZOT_094bdf99a29c,metadata_only,unverified,bibliographic_inventory_only_until_verified
Rath,2018.0,Utilizing computational trust to identify rumor spreaders on Twitter.,journalArticle,twittergeopolitics2b,Computational trust; Recurrent neural networks; Representation learning; Rumor detection,ZOT_5fefc1c38063,metadata_only,unverified,bibliographic_inventory_only_until_verified
Manor,2018.0,Visually framing the Gaza War of 2014: The Israel Ministry of Foreign Affairs on Twitter.,journalArticle,twittergeopolitics2b,2014 Gaza War; digital diplomacy; framing theory; strategic narratives; visual politics,ZOT_134cbdb4697e,metadata_only,unverified,bibliographic_inventory_only_until_verified
Howard,2018.0,"Social Media, News and Political Information during the US Election: Was Polarizing Content Concentrated in Swing States?",journalArticle,twitteropoliics,,ZOT_062e238aad70,metadata_only,unverified,bibliographic_inventory_only_until_verified
Walker,2018.0,On mineral sovereignty: Towards a political theory of geological power,journalArticle,energy_statistics,,ZOT_949d0d399131,metadata_only,unverified,bibliographic_inventory_only_until_verified
Minneti,2018.0,Environmental Governance and the Global South,journalArticle,environment,,ZOT_0dc629c2c65e,metadata_only,unverified,bibliographic_inventory_only_until_verified
Wigell,2018.0,Geo-economics and Power Politics in the 21st Century,journalArticle,geoeconomics,,ZOT_a190f1da41fd,metadata_only,unverified,bibliographic_inventory_only_until_verified
Wei,2018.0,The Cooperation Between China and Afghanistan Under the “Belt and Road Initiative”,journalArticle,Afghanistan,,ZOT_8442d4086994,metadata_only,unverified,bibliographic_inventory_only_until_verified
Yan Wei,2018.0,The Cooperation Between China and Afghanistan Under the “Belt and Road Initiative”,journalArticle,Afghanistan,,ZOT_0474d1c9f079,metadata_only,unverified,bibliographic_inventory_only_until_verified
Beeson,2018.0,Geoeconomics with Chinese characteristics: the BRI and China’s evolving grand strategy,journalArticle,BRI-EEU,,ZOT_41997f848ae2,metadata_only,unverified,bibliographic_inventory_only_until_verified
Reeves,2018.0,China’s Silk Road Economic Belt Initiative: Network and Influence Formation in Central Asia,journalArticle,SCO,,ZOT_e368df16f506,metadata_only,unverified,bibliographic_inventory_only_until_verified
Salakhetdinov,2018.0,Russian Projects and Energy Cooperation in South Africa,journalArticle,climate_change,,ZOT_9f1dade5efda,metadata_only,unverified,bibliographic_inventory_only_until_verified
Ramachandran,2018.0,Impact of the Pashtun Tahafuz Movement on Pakistan’s Political Landscape,journalArticle,pakistan,,ZOT_42beb95ec3bf,metadata_only,unverified,bibliographic_inventory_only_until_verified
Gasiorowski,2019.0,U.S. Perceptions of the Communist Threat in Iran during the Mossadegh Era,journalArticle,iran,,ZOT_c90ddf817ace,metadata_only,unverified,bibliographic_inventory_only_until_verified
Alam,2019.0,Impact of Transport Cost and Travel Time on Trade under China-Pakistan Economic Corridor (CPEC),journalArticle,pakchina_snds,,ZOT_392fe428035f,metadata_only,unverified,bibliographic_inventory_only_until_verified
Tseng,2019.0,The Belt and Road Initiative (BRI) and the Chinese Vision of Regionalization,journalArticle,BRI-EEU,,ZOT_7bf6b2c2de5b,metadata_only,unverified,bibliographic_inventory_only_until_verified
Guerrero-Sol�,2019.0,Government Formation and Political Discussions in Twitter: An Extended Model for Quantifying Political Distances in Multiparty Democracies.,journalArticle,twittergeopolitics2b,Spain; Twitter; coalition formation; government formation; politics; prediction; retweet overlap,ZOT_f979a154ff80,metadata_only,unverified,bibliographic_inventory_only_until_verified
Upadhyay,2019.0,Decimating democracy in 140 characters or less: Pakistan army�s subjugation of state institutions through twitter.,journalArticle,twittergeopolitics2b,,ZOT_43ae36f0c40b,metadata_only,unverified,bibliographic_inventory_only_until_verified
Spierings,2019.0,Keeping an Eye on the People: Who Has Access to MPs on Twitter?.,journalArticle,twittergeopolitics2b,Twitter; members of parliament; political communication; politics; populism; social media,ZOT_21baaece1f97,metadata_only,unverified,bibliographic_inventory_only_until_verified
Schneiker,2019.0,How to analyze social media? Assessing the promise of mixed-methods designs for studying the twitter feeds of PMSCs.,journalArticle,twittergeopolitics2b,,ZOT_32a70681856a,metadata_only,unverified,bibliographic_inventory_only_until_verified
Constance,2019.0,Twitter and the Challenges of Digital Diplomacy.,journalArticle,twittergeopolitics2b,,ZOT_e3f307f431c2,metadata_only,unverified,bibliographic_inventory_only_until_verified
Ter�n,2019.0,Dynamic profiles using sentiment analysis and twitter data for voting advice applications.,journalArticle,twittergeopolitics2b,Decision-making; Dynamic profiles; Recommender systems; Sentiment analysis; Voting advice applications,ZOT_3aa5c2504a78,metadata_only,unverified,bibliographic_inventory_only_until_verified
Larson,2019.0,Social Networks and Protest Participation: Evidence from 130 Million Twitter Users.,journalArticle,twittergeopolitics2b,Social media – Analysis; Social media – Demonstrations and protests; Social networks – Analysis; Social networks – Demonstrations and protests,ZOT_400966d6b45a,metadata_only,unverified,bibliographic_inventory_only_until_verified
Neu,2019.0,Twitter and social accountability: Reactions to the Panama Papers.,journalArticle,twittergeopolitics2b,Accounting interventions; Big data and quantitative methods; Panama papers; Social accountability; Social media,ZOT_4c7c9f3ef0cb,metadata_only,unverified,bibliographic_inventory_only_until_verified
Lubinga,2019.0,Mining Social Media for Political Communication: Lessons from an Analysis of Twitter Use between Citizens and the African National Congress pre-2014 South African National Elections.,journalArticle,twittergeopolitics2b,,ZOT_2bcd58ab6a8d,metadata_only,unverified,bibliographic_inventory_only_until_verified
Schneiker,2019.0,Telling the Story of the Superhero and the Anti-Politician as President: Donald Trump�s Branding on Twitter.,journalArticle,twittergeopolitics2b,Donald Trump; Twitter; celebrity politicians; political branding,ZOT_b81c9bef883a,metadata_only,unverified,bibliographic_inventory_only_until_verified
Schneiker,2019.0,Hiding in plain sight: Private military and security companies� use of Twitter as a distraction tool.,journalArticle,twittergeopolitics2b,Twitter; business communication; private military and security companies; private security; social media; visibility,ZOT_85d4df6de9dc,metadata_only,unverified,bibliographic_inventory_only_until_verified
Schuster,2019.0,The rise of global policy networks in education: analyzing Twitter debates on inclusive education using social network analysis.,journalArticle,twittergeopolitics2b,Inclusive education; Twitter; global governance; policy networks; social network analysis,ZOT_86421c1304d6,metadata_only,unverified,bibliographic_inventory_only_until_verified
Urman,2019.0,Context matters: political polarization on Twitter from a comparative perspective,journalArticle,twittergeopolitics2b,,ZOT_7d853fe4e70b,metadata_only,unverified,bibliographic_inventory_only_until_verified
Mourao,2019.0,Covering Protests on Twitter: The Influences on Journalists’ Social Media Portrayals of Left- and Right-Leaning Demonstrations in Brazil,journalArticle,twittergeopolitics2b,,ZOT_b38821c38e18,metadata_only,unverified,bibliographic_inventory_only_until_verified
Keller,2019.0,Political Astroturfing on Twitter: How to Coordinate a Disinformation Campaign,journalArticle,twittergeopolitics2b,,ZOT_f9270bba97e9,metadata_only,unverified,bibliographic_inventory_only_until_verified
Daniel,2019.0,Static and dynamic incentives for Twitter usage in the European Parliament,journalArticle,twittergeopolitics2b,,ZOT_defd0a33bd9b,metadata_only,unverified,bibliographic_inventory_only_until_verified
Johnston,2019.0,The Belt and Road Initiative: What is in it for China?,journalArticle,BRI-EEU,,ZOT_bc74c567ce2a,metadata_only,unverified,bibliographic_inventory_only_until_verified
Moisio,2019.0,Re-thinking geoeconomics: Towards a political geography of economic geographies,journalArticle,callforpapers,,ZOT_c210506018a1,metadata_only,unverified,bibliographic_inventory_only_until_verified
Jones,2019.0,Understanding China’s ‘Belt and Road Initiative’: beyond ‘grand strategy’ to a state transformation analysis,journalArticle,BRI-EEU,,ZOT_2a296b7ce5af,metadata_only,unverified,bibliographic_inventory_only_until_verified
Linvill,2019.0,"""THE RUSSIANS ARE HACKING MY BRAIN!"" investigating Russia's internet research agency twitter tactics during the 2016 United States presidential campaign.",journalArticle,twittergeopolitics2b,,ZOT_846b5a83b64c,metadata_only,unverified,bibliographic_inventory_only_until_verified
Sainudiin,2019.0,Characterizing the Twitter network of prominent politicians and SPLC-defined hate groups in the 2016 US presidential election.,journalArticle,twittergeopolitics2b,2016 US presidential election; Apache Spark; Configuration model; Directed degrees of separation; Donald Trump; Empirical geometric retweet model; Population retweet ideological trees; Scalable generalized Fisher�s exact test; Twitter; US hate groups,ZOT_44b5eff97a65,metadata_only,unverified,bibliographic_inventory_only_until_verified
Hernandez-Santaolalla,2019.0,Post-truth and intimidation on Twitter during Catalan referendum 1-O.,journalArticle,twittergeopolitics2b,Catalonia; Emotion; Hateful culture; Political communication; Social media,ZOT_56906d08e6ea,metadata_only,unverified,bibliographic_inventory_only_until_verified
Grimaldi,2019.0,Can we analyse political discourse using Twitter? Evidence from Spanish 2019 presidential election.,journalArticle,twittergeopolitics2b,,ZOT_ca1bbe1c7cbd,metadata_only,unverified,bibliographic_inventory_only_until_verified
Domnguez,2019.0,Social unrest through new technologies: Twitter as a political tool.,journalArticle,twittergeopolitics2b,#acampadasol; #spanishrevolution; 15-M; Occupy; Politics 2.0; Popular Democracy; Social networks; Twitter,ZOT_2689587b90f0,metadata_only,unverified,bibliographic_inventory_only_until_verified
Bratslavsky,2019.0,"Twitter, incivility, and presidential communication: A theoretical incursion into spectacle and power.",journalArticle,twittergeopolitics2b,Incivility; discourse; infrastructure; platform; spectacle,ZOT_9170fed113e6,metadata_only,unverified,bibliographic_inventory_only_until_verified
Jaidka,2019.0,Brevity is the Soul of Twitter: The Constraint Affordance and Political Discussion.,journalArticle,twittergeopolitics2b,Affordances; Computational Social Science; Political Communication; Political Discussion; Social Media,ZOT_54c8126583e8,metadata_only,unverified,bibliographic_inventory_only_until_verified
Hemsley,2019.0,Followers Retweet! The Influence of Middle-Level Gatekeepers on the Spread of Political Information on Twitter.,journalArticle,twittergeopolitics2b,Twitter; curation logics; diffusion; information flow; network gatekeepers; political elections,ZOT_66a1d8fb128a,metadata_only,unverified,bibliographic_inventory_only_until_verified
Modrek,2019.0,The #MeToo Movement in the United States: Text Analysis of Early Twitter Conversations.,journalArticle,twittergeopolitics2b,machine learning; sexual abuse; sexual assault; social media,ZOT_9ce44ea50b91,metadata_only,unverified,bibliographic_inventory_only_until_verified
Pond,2019.0,"Riots and Twitter: connective politics, social media and framing discourses in the digital public sphere.",journalArticle,twittergeopolitics2b,ICTs; Social media; Twitter; connective action; media studies; social movements,ZOT_a1c361f11e65,metadata_only,unverified,bibliographic_inventory_only_until_verified
Huang,2019.0,"Building a Network to ""Tell China Stories Well"": Chinese Diplomatic Communication Strategies on Twitter.",journalArticle,twittergeopolitics2b,China; Twitter; network communication; public diplomacy,ZOT_63ce016b5df9,metadata_only,unverified,bibliographic_inventory_only_until_verified
Jones,2019.0,"Propaganda, Fake News, and Fake Trends: The Weaponization of Twitter Bots in the Gulf Crisis.",journalArticle,twittergeopolitics2b,Gulf crisis; Middle East; Qatar; Twitter; bots; computational propaganda,ZOT_3cf3ce59e69c,metadata_only,unverified,bibliographic_inventory_only_until_verified
Heiss,2019.0,Populist Twitter Posts in News Stories Statement Recognition and the Polarizing Effects on Candidate Evaluation and Anti-Immigrant Attitudes.,journalArticle,twittergeopolitics2b,Confirmation bias; disconfirmation bias; hybrid media system; political polarization; populism; social media,ZOT_6965121cce78,metadata_only,unverified,bibliographic_inventory_only_until_verified
Xia,2019.0,"Disinformation, performed: self-presentation of a Russian IRA account on Twitter.",journalArticle,twittergeopolitics2b,Disinformation; affordances; authenticity; performance; self-presentation; social media,ZOT_78c2fb44a9ac,metadata_only,unverified,bibliographic_inventory_only_until_verified
Schafer,2019.0,Paris and Nice terrorist attacks: Exploring Twitter and web archives.,journalArticle,twittergeopolitics2b,Twitter; attacks; born-digital heritage; heritagization; terrorism; web; web archives,ZOT_728e5fbc3f7b,metadata_only,unverified,bibliographic_inventory_only_until_verified
Al Baghal,2019.0,Linking Twitter and Survey Data: The Impact of Survey Mode and Demographics on Consent Rates Across Three UK Studies.,journalArticle,twittergeopolitics2b,Twitter; consent; linkage; mode effects; surveys,ZOT_c665734ea64b,metadata_only,unverified,bibliographic_inventory_only_until_verified
Nikolayenko,2019.0,Framing and counter-framing a Peace March in Russia: the use of Twitter during a hybrid war.,journalArticle,twittergeopolitics2b,Antiwar protests; Russia; framing; hybrid war; peace march; social media,ZOT_6808db27d2ef,metadata_only,unverified,bibliographic_inventory_only_until_verified
Torregrosa,2019.0,Linguistic analysis of pro-ISIS users on Twitter.,journalArticle,twittergeopolitics2b,ISIS; Linguistics; Twitter; jihadism; political extremism; radicalization,ZOT_4cac8a9702fd,metadata_only,unverified,bibliographic_inventory_only_until_verified
Southern,2019.0,"Twitter, Incivility and �Everyday� Gendered Othering: An Analysis of Tweets Sent to UK Members of Parliament.",journalArticle,twittergeopolitics2b,Twitter; gender; incivility; othering; representation,ZOT_2abd85ca4dd5,metadata_only,unverified,bibliographic_inventory_only_until_verified
Ruoho,2019.0,the inner circle of power on twitter? How politicians and journalists form a virtual network elite in Finland.,journalArticle,twittergeopolitics2b,Digitalization of media; Mediated elites; Political communication,ZOT_ba9e1751cd76,metadata_only,unverified,bibliographic_inventory_only_until_verified
Boukes,2019.0,Social network sites and acquiring current affairs knowledge: The impact of Twitter and Facebook usage on learning about the news.,journalArticle,twittergeopolitics2b,Facebook; Social network sites; Twitter; current affairs knowledge; knowledge gap; learning effects; social media,ZOT_3ce8c61416b3,metadata_only,unverified,bibliographic_inventory_only_until_verified
Faisal,2019.0,CPEC and Regional Connectivity,journalArticle,Afghanistan,,ZOT_477d4ddcd5ee,metadata_only,unverified,bibliographic_inventory_only_until_verified
Miles,2019.0,"Trump, Twitter, and Public Dissuasion: A Natural Experiment in Presidential Rhetoric.",journalArticle,twittergeopolitics2b,President Trump; Twitter; guns,ZOT_39e94dc0945f,metadata_only,unverified,bibliographic_inventory_only_until_verified
Wang,2019.0,Common Core State Standards on Twitter: Public Sentiment and Opinion Leaders.,journalArticle,twittergeopolitics2b,education policy; network analysis; network science; policymaking; politics; sentiment analysis; social media; text mining; the Common Core State Standards,ZOT_cbb3bef51863,metadata_only,unverified,bibliographic_inventory_only_until_verified
Srinivasan,2019.0,Twitter Data for Predicting Election Results: Insights from Emotion Classification,journalArticle,twittergeopolitics2b,Human factors; Internet; Media; Social factors; Social implications of technology; Social networking (online); Twitter; emotion classification; limited size texts; microblogging sites; predicting election results; short size texts; social media; social network; social networking (online); text analysis; twitter data,ZOT_930a096f8de2,metadata_only,unverified,bibliographic_inventory_only_until_verified
Drus,2019.0,Sentiment Analysis in Social Media and Its Application: Systematic Literature Review,journalArticle,twitteropoliics,,ZOT_51c4a90e2374,metadata_only,unverified,bibliographic_inventory_only_until_verified
Titumir,2019.0,Strategic Implications of China’s Belt and Road Initiative (BRI): The Case of Bangladesh,journalArticle,BRI-EEU,,ZOT_bd42b7f1b0de,metadata_only,unverified,bibliographic_inventory_only_until_verified
Warner,2019.0,Securitization of climate change: How invoking global dangers for instrumental ends can backfire,journalArticle,climate_change,,ZOT_d20c91112c95,metadata_only,unverified,bibliographic_inventory_only_until_verified
Jiang,2019.0,Monitoring the long-term desertification process and assessing the relative roles of its drivers in Central Asia,journalArticle,climate_change,,ZOT_33bad849c7f0,metadata_only,unverified,bibliographic_inventory_only_until_verified
Price,2019.0,Reconnecting Afghanistan,journalArticle,Afghanistan,,ZOT_8e66852d7de2,metadata_only,unverified,bibliographic_inventory_only_until_verified
Yuldasheva,2020.0,Iran-Uzbekistan Relations in the Regional Security Context,journalArticle,iran,,ZOT_592c80519103,metadata_only,unverified,bibliographic_inventory_only_until_verified
Sauvageot,2020.0,Between Russia as producer and Ukraine as a transit country: EU dilemma of interdependence and energy security,journalArticle,russiapipelines,,ZOT_fc83464d77d4,metadata_only,unverified,bibliographic_inventory_only_until_verified
O’Rourke,2020.0,The Strategic Logic of Covert Regime Change: US-Backed Regime Change Campaigns during the Cold War,journalArticle,GreatPowers,,ZOT_f7a787e02544,metadata_only,unverified,bibliographic_inventory_only_until_verified
Basit,2020.0,Barelvi Political Activism and Religious Mobilization in Pakistan: The Case of Tehreek-e-Labaik Pakistan (TLP),journalArticle,southasia,,ZOT_5df5746a23e3,metadata_only,unverified,bibliographic_inventory_only_until_verified
Garnett,2020.0,Vulnerability of the United Kingdom’s food supply chains exposed by COVID-19,journalArticle,,Business and industry; Business and management; Complex networks; Operational research,ZOT_e8c0aa5f8ff1,metadata_only,unverified,bibliographic_inventory_only_until_verified
UNCTAD,2020.0,Framework for the Voluntary Sustainability Standards (VSS) Assessment Toolkit,journalArticle,environment,,ZOT_ac6b36d35b7b,metadata_only,unverified,bibliographic_inventory_only_until_verified
Wignaraja,2020.0,Chinese Investment and the BRI in Sri Lanka,journalArticle,BRI-EEU,,ZOT_75db7d470417,metadata_only,unverified,bibliographic_inventory_only_until_verified
Murton,2020.0,Trans-Himalayan power corridors: Infrastructural politics and China's Belt and Road Initiative in Nepal,journalArticle,BRI-EEU,BRI; China; Corridors; Himalaya; Hydropower; Infrastructure; Nepal; Roads,ZOT_65e6eeed98f9,metadata_only,unverified,bibliographic_inventory_only_until_verified
Murton,2020.0,Trans-Himalayan power corridors: Infrastructural politics and China's Belt and Road Initiative in Nepal,journalArticle,BRI-EEU,BRI; China; Corridors; Himalaya; Hydropower; Infrastructure; Nepal; Roads,ZOT_19e4dbe58081,metadata_only,unverified,bibliographic_inventory_only_until_verified
Khalfi,2020.0,Agreement On The Joint Comprehensive Plan Of Action (JCPOA) Between Iran And The United States,journalArticle,climate_change,,ZOT_b1077dbaba74,metadata_only,unverified,bibliographic_inventory_only_until_verified
Hussaini,2020.0,Economic Growth and Higher Education in South Asian Countries: Evidence from Econometrics,journalArticle,environment,,ZOT_9cd4f9e619dd,metadata_only,unverified,bibliographic_inventory_only_until_verified
Ul-Haq,2020.0,Energy Scenario in South Asia: Analytical Assessment and Policy Implications,journalArticle,energy_statistics,Asia; Economic indicators; Energy mix; Government; Renewable energy sources; SWOT analysis; Sociology; Statistics; policy; regional trade,ZOT_83790dcbbac6,metadata_only,unverified,bibliographic_inventory_only_until_verified
Khan,2020.0,Resistance in disguise and the re-construction of identity: a case of the Pashtuns in Pakistan,journalArticle,pakistan,,ZOT_5228d8e669b2,metadata_only,unverified,bibliographic_inventory_only_until_verified
Mohib,2021.0,Impact of Road Transport Infrastructure on Economic Growth: Evidence from Afghanistan,journalArticle,Afghanistan,,ZOT_b69ed2647954,metadata_only,unverified,bibliographic_inventory_only_until_verified
Jalali,2021.0,The Geopolitics of Afghan-Iranian Relations,journalArticle,Afghanistan,,ZOT_9080c22e1c98,metadata_only,unverified,bibliographic_inventory_only_until_verified
Orokboev,2021.0,Trans-Afghan Transport Corridor: With Hope for the Future,journalArticle,Afghanistan,,ZOT_fda6be20efac,metadata_only,unverified,bibliographic_inventory_only_until_verified
Tankosić,2022.0,Food Safety Policy in the European Union,journalArticle,environment,,ZOT_d35fea91998d,metadata_only,unverified,bibliographic_inventory_only_until_verified
Khan,2022.0,China’s foreign policy shift from belt and road initiative to global development initiative: impacts on maritime geopolitics of the Indian ocean region,journalArticle,BRI-EEU,Maritime Geopolitics,ZOT_ad772d856478,metadata_only,unverified,bibliographic_inventory_only_until_verified
Lei,2022.0,Global Development Initiative: An International Public Goods to Promote Common Development,journalArticle,BRI-EEU,,ZOT_2df844db8f8a,metadata_only,unverified,bibliographic_inventory_only_until_verified
Kamburawala,2022.0,Belt and Road Initiative (BRI) and Sri Lanka: A Review of Literature,journalArticle,,,ZOT_490829c66714,metadata_only,unverified,bibliographic_inventory_only_until_verified
Yan,2022.0,Food security in South Asia under climate change and economic policies,journalArticle,foodsecurity,Climate change; Fiscal policy; Food security; GDP; SAFTA; South Asia; Trade policy; Welfare; Yields,ZOT_177ec093db82,metadata_only,unverified,bibliographic_inventory_only_until_verified
Akbarzadeh,2023.0,"Soft power, hard power dynamics: the case of Iran in Afghanistan",journalArticle,Afghanistan,,ZOT_3d492c956249,metadata_only,unverified,bibliographic_inventory_only_until_verified
Hessami,2023.0,Avoiding a Central Asian Water War: Challenges and Opportunities for Cooperation between the Islamic Republic of Iran and the Islamic Emirate of Afghanistan,journalArticle,Afghanistan,,ZOT_b590b2947c1c,metadata_only,unverified,bibliographic_inventory_only_until_verified
Wei,2023.0,SCO and the Belt and Road Initiative – the Prospect of Double Insurance to Afghanistan,journalArticle,Afghanistan,,ZOT_996c9961aaa3,metadata_only,unverified,bibliographic_inventory_only_until_verified
Zaki,2023.0,Literature Review on Belt and Road Initiative’s Integration for Trade Connectivity of Afghanistan,journalArticle,Afghanistan,,ZOT_55fbece58885,metadata_only,unverified,bibliographic_inventory_only_until_verified
Iqbal,2023.0,The Pashtun Tahafuz Movement as a Template for Non-Violent Collective behaviour,journalArticle,pakistan,Collective behaviour; Non-Violence; Pashtuns; Social movements,ZOT_6a4477d78581,metadata_only,unverified,bibliographic_inventory_only_until_verified
Yar,2024.0,Afghanistan's Geopolitical and Geo-economic Significance in Regional Connectivity and Development,journalArticle,Afghanistan,Afghanistan; Central Asia; Geo-Economics; Geographical Location; Geopolitics; South Asia,ZOT_2491d866b2b6,metadata_only,unverified,bibliographic_inventory_only_until_verified
Yawar,2024.0,Examining the Position of Afghanistan in the New Plan of China's Belt and Road Initiative (With Emphasis on Media Strategies),journalArticle,Afghanistan,,ZOT_471edfae6034,metadata_only,unverified,bibliographic_inventory_only_until_verified
Sarbiland,2024.0,"China-Afghanistan Relations And The Wakhan Corridor: Assessing Economic Interests, Infrastructural Development, And Geopolitical Implications",journalArticle,Afghanistan,China-Afghanistan Relations; Economic Interests; Geopolitical Implications; Infrastructural Development; Wakhan Corridor,ZOT_8e9bd5544f2f,metadata_only,unverified,bibliographic_inventory_only_until_verified
Yar,2024.0,Afghanistan's Geopolitical and Geo-economic Significance in Regional Connectivity and Development,journalArticle,Afghanistan,Afghanistan; Central Asia; Geo-Economics; Geographical Location; Geopolitics; South Asia,ZOT_3822b7dd7c08,metadata_only,unverified,bibliographic_inventory_only_until_verified
Atif,2024.0,The Geopolitical Location of Afghanistan: Opportunities and Challenges in Relations with South and Central Asian Countries,journalArticle,Afghanistan,,ZOT_f0edbdabe594,metadata_only,unverified,bibliographic_inventory_only_until_verified
Neshat Keliwaal,2024.0,"North-South Transport Corridor Opportunities, Challenges, and the Role of Afghanistan",journalArticle,Afghanistan,,ZOT_b88841ec9ff0,metadata_only,unverified,bibliographic_inventory_only_until_verified
Сайдалиева,2025.0,THE ROLE OF TRANSIT POLICY IN AFGHANISTAN’S ECONOMIC GROWTH,journalArticle,Afghanistan,,ZOT_809ba3ef10be,metadata_only,unverified,bibliographic_inventory_only_until_verified
Kulyntay,2025.0,"Transport and Communication Potential of Central Asia: EU Interests, Challenges, and Prospects",journalArticle,Afghanistan,,ZOT_751637d91dd6,metadata_only,unverified,bibliographic_inventory_only_until_verified
Saydaliyeva,2025.0,THE ROLE OF TRANSIT POLICY IN AFGHANISTAN’S ECONOMIC GROWTH,journalArticle,Afghanistan,,ZOT_c54e9598ee93,metadata_only,unverified,bibliographic_inventory_only_until_verified
Dhaka,,The Geoeconomic Simulacrum of BRI and the South Asian Regional Security Complex,journalArticle,BRI-EEU,,ZOT_94012031a161,metadata_only,unverified,bibliographic_inventory_only_until_verified
Chase-Dunn,,Response to Barry Buzan and George Lawson: The global transformation: The 1...,journalArticle,economicglobalism,,ZOT_73c086efac12,metadata_only,unverified,bibliographic_inventory_only_until_verified
Assef,,China's control of the heavens_the space silk road,journalArticle,OBOR_train,,ZOT_930253b77c6b,metadata_only,unverified,bibliographic_inventory_only_until_verified
Roesslein,,tweepy Documentation,journalArticle,twitteropoliics,,ZOT_d09993f2f858,metadata_only,unverified,bibliographic_inventory_only_until_verified
杨宇,,中国海外油气依存的现状、地缘风险与应对策略,journalArticle,oilrussiachina,,ZOT_41104a8933ac,metadata_only,unverified,bibliographic_inventory_only_until_verified
Mitrova,,THE GEOPOLITICS OF RUSSIAN NATURAL GAS,journalArticle,russiapipelines,,ZOT_299b7da1992b,metadata_only,unverified,bibliographic_inventory_only_until_verified
Tahir,,"China, Pakistan, and Afghanistan: Partnership for Regional Peace",journalArticle,Afghanistan,,ZOT_eb29ad6b9ca5,metadata_only,unverified,bibliographic_inventory_only_until_verified
Ali,,Importance and Implications of CPEC in South Asia: The Indian Factor,journalArticle,BRI-EEU,,ZOT_a46420d48de5,metadata_only,unverified,bibliographic_inventory_only_until_verified
Abid,,CPEC: Challenges and Opportunities for Pakistan,journalArticle,BRI-EEU,,ZOT_419805c2098e,metadata_only,unverified,bibliographic_inventory_only_until_verified
Bergner,,Developing Nepal’s Hydroelectric Resources: Policy Alternatives,journalArticle,pakgeoecnomics,,ZOT_553bdc46600c,metadata_only,unverified,bibliographic_inventory_only_until_verified
Wijayatunga,,An Overview of Energy Cooperation in South Asia,journalArticle,energy_statistics,,ZOT_61bbb9da7eb3,metadata_only,unverified,bibliographic_inventory_only_until_verified
Kulyntay,,"Transport and Communication Potential of Central Asia: EU Interests, Challenges, and Prospects",journalArticle,Afghanistan,,ZOT_b209ded93379,metadata_only,unverified,bibliographic_inventory_only_until_verified
Cacicedo,,Opportunities for the EU?,journalArticle,Afghanistan,,ZOT_417797e21cc4,metadata_only,unverified,bibliographic_inventory_only_until_verified
Malikyar,,BELT AND ROAD INITIATIVE AND AFGHANISTAN,journalArticle,Afghanistan,,ZOT_56e7a48ed800,metadata_only,unverified,bibliographic_inventory_only_until_verified
Maoz,2003.0,Domestic Politics of Regional Security: Theoretical Perspectives and Middle Eastern Patterns,magazineArticle,securitycomplex,,ZOT_bfa19fc50c3e,metadata_only,unverified,bibliographic_inventory_only_until_verified
Motlagh,2010.0,"With U.S. Approval, Moscow Heads Back to Afghanistan",magazineArticle,newspaper,,ZOT_3d6dc18dcfd7,metadata_only,unverified,bibliographic_inventory_only_until_verified
Minghao,2015.0,China’s new Silk Road initiative,magazineArticle,OBOR_train,,ZOT_162699f6da9c,metadata_only,unverified,bibliographic_inventory_only_until_verified
,2015.0,Poisoned legacy,magazineArticle,uzbekistan,,ZOT_78f12727351c,metadata_only,unverified,bibliographic_inventory_only_until_verified
Koshkin,2017.0,Can Russia realistically integrate with China and Europe at the same time? | Russia Direct,magazineArticle,economicglobalism,,ZOT_f79e43099055,metadata_only,unverified,bibliographic_inventory_only_until_verified
Pannie,2019.0,Putin Offers Russian Help To Build Kazakh Nuclear Plant,magazineArticle,centralAsia,,ZOT_03285b0e97ac,metadata_only,unverified,bibliographic_inventory_only_until_verified
,2019.0,A deal to end the insurgency in Afghanistan would be wonderful,magazineArticle,taliban,,ZOT_217159989e6c,metadata_only,unverified,bibliographic_inventory_only_until_verified
,2019.0,The Nord Stream 2 gas pipeline is a Russian trap,magazineArticle,russiapipelines,,ZOT_ce84655daf3e,metadata_only,unverified,bibliographic_inventory_only_until_verified
Kashifi,2019.0,Overview of Afghanistan Transportation,magazineArticle,Afghanistan,,ZOT_b0a9c1fd0244,metadata_only,unverified,bibliographic_inventory_only_until_verified
Coppins,2020.0,The Billion-Dollar Disinformation Campaign to Reelect the President,magazineArticle,Geopolitics,,ZOT_545d355a7360,metadata_only,unverified,bibliographic_inventory_only_until_verified
Peterson,2021.0,‘Back to the darkness’: Afghan women speak from Taliban territory,magazineArticle,taliban2,,ZOT_d2fa72ca2c84,metadata_only,unverified,bibliographic_inventory_only_until_verified
Economist.com,2022.0,Why the war in Ukraine is driving up Europe’s use of coal—and its price,magazineArticle,environment,,ZOT_e121b43c6243,metadata_only,unverified,bibliographic_inventory_only_until_verified
Iden,2022.0,Power of Siberia 2 Pipeline Puts Ever More Pressure on Europe,magazineArticle,russiapipelines,,ZOT_7596a8c4227d,metadata_only,unverified,bibliographic_inventory_only_until_verified
Jehl,1998.0,Iran Holds Taliban Responsible for 9 Diplomats' Deaths,newspaperArticle,taliban_twitter,,ZOT_37acd3913fa0,metadata_only,unverified,bibliographic_inventory_only_until_verified
Brooke,2004.0,The Asian Battle for Russia's Oil and Gas,newspaperArticle,oilrussiachina,,ZOT_67840f3f4396,metadata_only,unverified,bibliographic_inventory_only_until_verified
Fukuyama,2006.0,After Neoconservatism,newspaperArticle,Geopolitics,,ZOT_2e205c0db8b2,metadata_only,unverified,bibliographic_inventory_only_until_verified
Moskvitch,2011.0,Smart jeans: A cause for concern?,newspaperArticle,russiapipelines,,ZOT_14a356a2bb48,metadata_only,unverified,bibliographic_inventory_only_until_verified
ET Bureau,2013.0,Ajmer Sharif Dargah spiritual head to boycott Pakistan PM's visit,newspaperArticle,dargah_sharif,,ZOT_7861f1b6564e,metadata_only,unverified,bibliographic_inventory_only_until_verified
Ehsas,2013.0,Balkh oil refinery resumes production,newspaperArticle,WorldFocus,,ZOT_c4af0feb1bbf,metadata_only,unverified,bibliographic_inventory_only_until_verified
Donati,2013.0,UPDATE 1-Missing refinery deal halts landmark China-Afghan oil project,newspaperArticle,WorldFocus,,ZOT_86aa0b4ed6d9,metadata_only,unverified,bibliographic_inventory_only_until_verified
Rubin,2013.0,Afghan Leader Says U.S. Abets Taliban’s Goal,newspaperArticle,taliban2,,ZOT_e35d2995e938,metadata_only,unverified,bibliographic_inventory_only_until_verified
Aziz,2014.0,The ISI’s Great Game in Afghanistan,newspaperArticle,WorldFocus,,ZOT_71bfe924518c,metadata_only,unverified,bibliographic_inventory_only_until_verified
TCA,2014.0,"Turkmenistan, Afghanistan, Pakistan and India establish landmark TAPI pipeline company",newspaperArticle,WorldFocus,AFGHANISTAN; Asian Development Bank -- Officials and employees; Gas transmission industry -- International economic relations; Gas transmission industry -- Officials and employees; Gas utilities -- International economic relations; Gas utilities -- Officials and employees; India; Natural gas -- Pipe lines; Pakistan; Turkmenistan,ZOT_50b4a22c0191,metadata_only,unverified,bibliographic_inventory_only_until_verified
Romanowski,2014.0,Central Asia’s Energy Rush,newspaperArticle,WorldFocus,,ZOT_96a4cbfe6f2e,metadata_only,unverified,bibliographic_inventory_only_until_verified
PTI,2016.0,India keen on setting up LNG terminal at Iranian port,newspaperArticle,centralAsia,,ZOT_32a608df1891,metadata_only,unverified,bibliographic_inventory_only_until_verified
Hart,2016.0,Central Asia’s Oil and Gas Now Flows to the East,newspaperArticle,WorldFocus,,ZOT_642562fc2762,metadata_only,unverified,bibliographic_inventory_only_until_verified
,2016.0,Building the world's tallest dam,newspaperArticle,OBOR_train,,ZOT_629d48b68ef7,metadata_only,unverified,bibliographic_inventory_only_until_verified
Stanway,2016.0,China to boost nuclear fuel reserves to feed new reactors,newspaperArticle,SCO,,ZOT_f451081c2dfa,metadata_only,unverified,bibliographic_inventory_only_until_verified
BBCNews,2017.0,'Silk Road' freight train from China arrives in Barking,newspaperArticle,OBOR_train,,ZOT_0e4228659745,metadata_only,unverified,bibliographic_inventory_only_until_verified
Huaxia,2017.0,Spotlight: Chinese landmark concept put into UN Security Council resolution for 1st time,newspaperArticle,CPEC,,ZOT_120cc91ea50b,metadata_only,unverified,bibliographic_inventory_only_until_verified
Chaudhury,2017.0,European MPs caution OBOR could make continent subservient to China,newspaperArticle,economicglobalism,,ZOT_0c20b7967ad4,metadata_only,unverified,bibliographic_inventory_only_until_verified
Bhattacharjee,2017.0,"Race for supremacy: India, Japan plan alternative to counter China's OBOR",newspaperArticle,economicglobalism,,ZOT_a7d98f939966,metadata_only,unverified,bibliographic_inventory_only_until_verified
PTI,2017.0,'China willing to give Sri Lanka $ 24 billion more as part of OBOR',newspaperArticle,economicglobalism,,ZOT_b71e908746d1,metadata_only,unverified,bibliographic_inventory_only_until_verified
PTI,2017.0,China to invest $50 billion to develop Indus River Cascade in Pakistan: Report,newspaperArticle,newspaper,,ZOT_e465c7fde8f9,metadata_only,unverified,bibliographic_inventory_only_until_verified
EWB,2017.0,India to skip Belt and Road Forum in China: Report,newspaperArticle,newspaper,,ZOT_211e739aaac5,metadata_only,unverified,bibliographic_inventory_only_until_verified
PTI,2017.0,"China ropes in US, Japan for silk road summit, India yet to confirm participation",newspaperArticle,newspaper,,ZOT_38cd4b05a8cd,metadata_only,unverified,bibliographic_inventory_only_until_verified
Akhlaqi,2017.0,Afghanistan: Transit hub for the region,newspaperArticle,WorldFocus,,ZOT_fbb816701e03,metadata_only,unverified,bibliographic_inventory_only_until_verified
Ashraf,2017.0,Casa-1000 formally inaugurated,newspaperArticle,WorldFocus,,ZOT_3cd557794b39,metadata_only,unverified,bibliographic_inventory_only_until_verified
Rasmussen,2017.0,Russia accused of supplying Taliban as power shifts create strange bedfellows,newspaperArticle,taliban2,,ZOT_e3fe47dedff6,metadata_only,unverified,bibliographic_inventory_only_until_verified
India TV,2017.0,"Mika Singh urges fans to celebrate Independence Day of India and 'Apna Pakistan', Twitter fumes",newspaperArticle,southasia,,ZOT_9142f1ef4122,metadata_only,unverified,bibliographic_inventory_only_until_verified
BBCNews,2017.0,اتن اور پشتون طلبا کا منفرد احتجاج,newspaperArticle,pakistan,,ZOT_9383507fa6d7,metadata_only,unverified,bibliographic_inventory_only_until_verified
PTI,2018.0,India gets cheapest LNG as Russia’s Gazprom begins supplies,newspaperArticle,russiapipelines,,ZOT_4122887baa22,metadata_only,unverified,bibliographic_inventory_only_until_verified
Murad,2018.0,I was an Isis sex slave. I tell my story because it is the best weapon I have | Nadia Murad,newspaperArticle,isis,,ZOT_a0837e964514,metadata_only,unverified,bibliographic_inventory_only_until_verified
,2018.0,"Afghan Shi'ite militia battles Taliban, raising sectarian fears",newspaperArticle,taliban,,ZOT_dbdd1e8224de,metadata_only,unverified,bibliographic_inventory_only_until_verified
Lubell,2018.0,Cash or custody: Israel kicks off deportation of African migrants,newspaperArticle,socialmedia,,ZOT_aefe37f38477,metadata_only,unverified,bibliographic_inventory_only_until_verified
Abed,2018.0,Taliban Pummel Security Forces Across Afghanistan,newspaperArticle,taliban,,ZOT_8cfff1cee9a1,metadata_only,unverified,bibliographic_inventory_only_until_verified
Nordland,2018.0,"Taliban Slaughter Elite Afghan Troops, and a ‘Safe’ District Is Falling",newspaperArticle,taliban,,ZOT_6184e02d24a2,metadata_only,unverified,bibliographic_inventory_only_until_verified
,2018.0,Dozens killed in Afghanistan fighting as sectarian threat grows,newspaperArticle,taliban,,ZOT_54a81111f1b5,metadata_only,unverified,bibliographic_inventory_only_until_verified
Millward,2018.0,Opinion | Is China a Colonial Power?,newspaperArticle,OBOR_train,,ZOT_6dada40d8a87,metadata_only,unverified,bibliographic_inventory_only_until_verified
Mashal,2018.0,C.I.A.’s Afghan Forces Leave a Trail of Abuse and Anger,newspaperArticle,taliban,,ZOT_cfc60261f35a,metadata_only,unverified,bibliographic_inventory_only_until_verified
editor,2018.0,Germany and Russia gas links: Trump is not only one to ask questions,newspaperArticle,russiapipelines,,ZOT_ae9a6defd4b5,metadata_only,unverified,bibliographic_inventory_only_until_verified
Times of Islamabad,2018.0,Afghan Taliban put forward stern demands in Russia for peace talks on Afghanistan war,newspaperArticle,taliban,,ZOT_f1926a0d28e5,metadata_only,unverified,bibliographic_inventory_only_until_verified
,2018.0,"Who Is Joel Zamel, the Australian-Israeli Linked to Mueller’s Trump Probe?",newspaperArticle,twittergeopolitics2b,,ZOT_f3a202a79cd7,metadata_only,unverified,bibliographic_inventory_only_until_verified
The Economic Times,2019.0,India signs pact expressing interest in taking stake in Far East Russian oilfields,newspaperArticle,centralAsia,,ZOT_05b5773d31c6,metadata_only,unverified,bibliographic_inventory_only_until_verified
Paris,2019.0,Shipping Companies Banking on Gas Carriers as LNG Demand Grows,newspaperArticle,centralAsia,,ZOT_bd485a01e6bd,metadata_only,unverified,bibliographic_inventory_only_until_verified
PTI,2019.0,"Gibraltar releases Iranian tanker, Indian crew despite US claim on vessel",newspaperArticle,centralAsia,,ZOT_f22e2edf5dc2,metadata_only,unverified,bibliographic_inventory_only_until_verified
ANI,2019.0,First India-Central Asia Dialogue to be held in Uzbekistan,newspaperArticle,centralAsia,,ZOT_2785ea678563,metadata_only,unverified,bibliographic_inventory_only_until_verified
,2019.0,Afghan election: Tense wait after day of attacks,newspaperArticle,taliban,,ZOT_8c45f7167589,metadata_only,unverified,bibliographic_inventory_only_until_verified
ANI,2019.0,Pakistan High Commissioner to India Mahmood lays traditional Chaddar at Dargah Ajmer Sharif,newspaperArticle,dargah_sharif,,ZOT_28abe572872e,metadata_only,unverified,bibliographic_inventory_only_until_verified
PTI,2019.0,"India, other countries must fight terrorists in Afghanistan, says Donald Trump",newspaperArticle,taliban,,ZOT_de088cf72d25,metadata_only,unverified,bibliographic_inventory_only_until_verified
Mashal,2019.0,"Once Jailed in Guantánamo, 5 Taliban Now Face U.S. at Peace Talks",newspaperArticle,taliban,,ZOT_953a35a11904,metadata_only,unverified,bibliographic_inventory_only_until_verified
,2019.0,Afghan Taliban reject talks with U.S. in Pakistan,newspaperArticle,taliban,,ZOT_59983ac0d58f,metadata_only,unverified,bibliographic_inventory_only_until_verified
,2019.0,Deadly Taliban attack on Afghan compound,newspaperArticle,taliban,,ZOT_026a2b0d24ee,metadata_only,unverified,bibliographic_inventory_only_until_verified
Golubkova,2019.0,Bids to destroy WTO or lower its role counter-productive: Putin,newspaperArticle,callforpapers,,ZOT_a75cadfb9138,metadata_only,unverified,bibliographic_inventory_only_until_verified
Sydney,2019.0,New Zealand is first Five Eyes country to join China’s Belt and Road project,newspaperArticle,BRI-EEU,,ZOT_cd1c517f2c71,metadata_only,unverified,bibliographic_inventory_only_until_verified
,2019.0,China Calls for U.S. and European Companies to Join Belt and Road,newspaperArticle,BRI-EEU,,ZOT_5fe278fd4384,metadata_only,unverified,bibliographic_inventory_only_until_verified
Tolo News,2019.0,Taliban Wants To Take Over Afghanistan: Ex-Pentagon Chief,newspaperArticle,taliban,,ZOT_0dc6892bb068,metadata_only,unverified,bibliographic_inventory_only_until_verified
,2019.0,"Russia, U.S., China aim to cajole Taliban into inter-Afghan talks",newspaperArticle,newspaper,,ZOT_151a126943a8,metadata_only,unverified,bibliographic_inventory_only_until_verified
Koofi,2019.0,Opinion | The Afghan Taliban Stage a Comeback,newspaperArticle,taliban,,ZOT_5e8237324adb,metadata_only,unverified,bibliographic_inventory_only_until_verified
,2019.0,Taliban appoints new political leader to join U.S.-Taliban peace talks,newspaperArticle,taliban,,ZOT_d932e87b8195,metadata_only,unverified,bibliographic_inventory_only_until_verified
Yousafzai,2019.0,The Taliban Are Counting the Days Until Trump’s Afghan Pullout,newspaperArticle,taliban,,ZOT_e5556c8c7d4c,metadata_only,unverified,bibliographic_inventory_only_until_verified
Graham-Harrison,2019.0,US-Taliban talks offer glimmer of hope on path to Afghan peace,newspaperArticle,taliban,,ZOT_b4a7f0ef102f,metadata_only,unverified,bibliographic_inventory_only_until_verified
Haas,2019.0,"John Wray: ‘I don’t judge people who are passionate about political struggle, even to the point of taking up weapons'",newspaperArticle,taliban,,ZOT_d9c6a27057f6,metadata_only,unverified,bibliographic_inventory_only_until_verified
Abed,2019.0,Our Dreams of Peace: Envisioning an End to War in Afghanistan,newspaperArticle,taliban,,ZOT_8d5327888de0,metadata_only,unverified,bibliographic_inventory_only_until_verified
,2019.0,U.S. peace envoy Khalilzad heads to Afghanistan after 'significant...,newspaperArticle,taliban,,ZOT_0a22e5212b98,metadata_only,unverified,bibliographic_inventory_only_until_verified
,2019.0,U.S peace envoy visits Kabul to consult president on talks with...,newspaperArticle,taliban,,ZOT_232d69657494,metadata_only,unverified,bibliographic_inventory_only_until_verified
Mashal,2019.0,"U.S. and Taliban Agree in Principle to Peace Framework, Envoy Says",newspaperArticle,taliban,,ZOT_0a916405bf4c,metadata_only,unverified,bibliographic_inventory_only_until_verified
,2019.0,Is Afghanistan's 17-year war coming to an end?,newspaperArticle,taliban,,ZOT_42fdb37289be,metadata_only,unverified,bibliographic_inventory_only_until_verified
Afp,2019.0,Italy signs new ‘Silk Road’ protocol with China,newspaperArticle,BRI-EEU,,ZOT_51d40c1b8cf0,metadata_only,unverified,bibliographic_inventory_only_until_verified
Graham-Harrison,2019.0,"Fugitive Taliban leader lived short walk from US base, book reveals",newspaperArticle,taliban,,ZOT_83d0f8d6637c,metadata_only,unverified,bibliographic_inventory_only_until_verified
Sediqi,2019.0,Afghan forces clash with Taliban to hold military base,newspaperArticle,taliban,,ZOT_7dc31d2a6725,metadata_only,unverified,bibliographic_inventory_only_until_verified
Faizi,2019.0,700 Afghan Women Have a Message: Don’t Sell Us Out to the Taliban,newspaperArticle,taliban,,ZOT_77c990292318,metadata_only,unverified,bibliographic_inventory_only_until_verified
Mashal,2019.0,Taliban Deputy Chief Arrives in Qatar for Talks With U.S.,newspaperArticle,taliban,,ZOT_6ee81ac45af3,metadata_only,unverified,bibliographic_inventory_only_until_verified
,2019.0,US peace envoy meets Taliban co-founder,newspaperArticle,taliban,,ZOT_587250a5aa38,metadata_only,unverified,bibliographic_inventory_only_until_verified
Reuters,2019.0,New EU Rules on Gas Pipelines Hamper Russia's Nord Stream 2,newspaperArticle,russiapipelines,,ZOT_fd16e49e4d44,metadata_only,unverified,bibliographic_inventory_only_until_verified
Dan,2019.0,Chinese threat to Germany on Huawei a hoax: experts - Global Times,newspaperArticle,BRI-EEU,,ZOT_89055670e244,metadata_only,unverified,bibliographic_inventory_only_until_verified
This Day (Nigeria),2019.0,"Facebook, Twitter in India-Pakistan Information war",newspaperArticle,southasia,,ZOT_85286e60affb,metadata_only,unverified,bibliographic_inventory_only_until_verified
Birmingham Mail,2019.0,Social media pleas in bid to avoid war; INDIA-PAKISTAN TENSIONS RISE,newspaperArticle,southasia,,ZOT_c2c69088f0da,metadata_only,unverified,bibliographic_inventory_only_until_verified
Horowitz,2019.0,A Forgotten Italian Port Could Become a Chinese Gateway to Europe,newspaperArticle,GreatPowers,,ZOT_831246aa73c2,metadata_only,unverified,bibliographic_inventory_only_until_verified
Soldatkin,2019.0,Russia says ready to be guarantor for any Afghan peace deal between U.S. and Taliban,newspaperArticle,taliban2,,ZOT_140c9285e6e9,metadata_only,unverified,bibliographic_inventory_only_until_verified
PTI,2019.0,A timeline of major attacks on security forces in Jammu and Kashmir,newspaperArticle,southasia,,ZOT_90ac429a6626,metadata_only,unverified,bibliographic_inventory_only_until_verified
PTI,2019.0,"US deadline ends, India stops purchasing Iranian oil - The Economic Times",newspaperArticle,russiapipelines,,ZOT_05adb324d92f,metadata_only,unverified,bibliographic_inventory_only_until_verified
PTI,2019.0,"Kudankulam nuclear plant is safe, India tells Russia",newspaperArticle,russiapipelines,,ZOT_d2e381eec201,metadata_only,unverified,bibliographic_inventory_only_until_verified
,2019.0,Draft framework for Afghan peace 'agreed',newspaperArticle,taliban,,ZOT_604ab398cdd7,metadata_only,unverified,bibliographic_inventory_only_until_verified
,2019.0,EU gas pipeline rules could slow Russia's Nord Stream 2,newspaperArticle,russiapipelines,,ZOT_83ae1a6d828f,metadata_only,unverified,bibliographic_inventory_only_until_verified
Hashimova,2020.0,Uzbek Parliament Approves EAEU Observer Status,newspaperArticle,centralAsia,,ZOT_6eb474e1c6a9,metadata_only,unverified,bibliographic_inventory_only_until_verified
Abbasova,2020.0,Indian Envoy To Russia Says Countries Could Build Nuclear Power Plants In Africa & Middle East,newspaperArticle,centralAsia,,ZOT_04cd585aa26f,metadata_only,unverified,bibliographic_inventory_only_until_verified
Yousufzai,2020.0,Pakistan approves structure for $2b North-South Gas Pipeline,newspaperArticle,centralAsia,,ZOT_b3119fb62511,metadata_only,unverified,bibliographic_inventory_only_until_verified
Farmer,2020.0,'I was right like hell': former Afghan president Hamid Karzai says peace deal vindicates talking to the Taliban,newspaperArticle,taliban2,,ZOT_e8a93d0b5cdc,metadata_only,unverified,bibliographic_inventory_only_until_verified
Chulov,2020.0,Trump vows to hit 52 sites 'very hard' if Iran retaliates over Suleimani killing,newspaperArticle,iran,,ZOT_88c780e44fcc,metadata_only,unverified,bibliographic_inventory_only_until_verified
,2020.0,افغان سیاستوال: ګډ حکومت دې جوړ شي، د ټاکنو د پایلو اعلان د اساسي قانون خلاف دی,newspaperArticle,taliban2,,ZOT_f97e30c16e43,metadata_only,unverified,bibliographic_inventory_only_until_verified
Haqqani,2020.0,"Opinion | What We, the Taliban, Want",newspaperArticle,taliban2,,ZOT_1bacba06759b,metadata_only,unverified,bibliographic_inventory_only_until_verified
,2020.0,Pompeo takes veiled swipe at China on final leg of Africa trip,newspaperArticle,Geopolitics,,ZOT_aaf73685a4ce,metadata_only,unverified,bibliographic_inventory_only_until_verified
Stevenson,2020.0,China Expels 3 Wall Street Journal Reporters as Media Relations Sour,newspaperArticle,Geopolitics,,ZOT_aee0032c9b17,metadata_only,unverified,bibliographic_inventory_only_until_verified
Purnell,2020.0,Pakistan Approves Broad New Restrictions Over Social Media,newspaperArticle,socialmedia,,ZOT_62e9a8de4aa1,metadata_only,unverified,bibliographic_inventory_only_until_verified
Mashal,2020.0,"Trump Gives Conditional Go Ahead on Peace Deal With Taliban, Officials Say",newspaperArticle,taliban2,,ZOT_4d24a5055af3,metadata_only,unverified,bibliographic_inventory_only_until_verified
Donati,2020.0,Taliban-Led Attacks in Afghanistan Hit 10-Year High,newspaperArticle,taliban2,,ZOT_24d9300e2bf8,metadata_only,unverified,bibliographic_inventory_only_until_verified
Safi,2020.0,US confirms jet crashed in Afghanistan – but disputes it was downed,newspaperArticle,taliban2,,ZOT_d7b0d9ff000e,metadata_only,unverified,bibliographic_inventory_only_until_verified
Kermani,2020.0,"Kabul Taliban: Spies, militants and a mysterious assassination",newspaperArticle,taliban2,,ZOT_f3491dee3150,metadata_only,unverified,bibliographic_inventory_only_until_verified
Choudhary,2020.0,Uranium-rich Uzbekistan preparing to set up its first nuclear plant,newspaperArticle,russiapipelines,,ZOT_02ca3935315d,metadata_only,unverified,bibliographic_inventory_only_until_verified
Monbiot,2020.0,Population panic lets rich people off the hook for the climate crisis they are fuelling,newspaperArticle,environment,Climate crisis; Climate science; David Attenborough; Environment; Inequality; Jane Goodall; Population; Poverty; UK news,ZOT_02ef043f0f6e,metadata_only,unverified,bibliographic_inventory_only_until_verified
bbc.com,2021.0,Afghanistan's Taliban ban long-distance road trips for solo women,newspaperArticle,taliban_twitter,,ZOT_1bcd92260fb3,metadata_only,unverified,bibliographic_inventory_only_until_verified
Vohra,2021.0,Taliban order beheading of shop mannequins,newspaperArticle,taliban_twitter,,ZOT_fb5eaa770862,metadata_only,unverified,bibliographic_inventory_only_until_verified
Reuters,2021.0,"Unfreeze Afghan assets abroad, neighbour Uzbekistan says",newspaperArticle,taliban_twitter,,ZOT_fd32478137bd,metadata_only,unverified,bibliographic_inventory_only_until_verified
Latifi,2021.0,Hamid Karzai says U.S.-Afghan relationship ‘has been at a low point for a long time’,newspaperArticle,,,ZOT_a4ca6da1d670,metadata_only,unverified,bibliographic_inventory_only_until_verified
,2021.0,Taliban capture key Afghanistan border crossings,newspaperArticle,taliban2,,ZOT_c8dcdac0cf1c,metadata_only,unverified,bibliographic_inventory_only_until_verified
TOI,2021.0,"Genuine ‘double peace’ must for Afghanistan stability, says Jaishankar | India News - Times of India",newspaperArticle,Afghanistan,,ZOT_1e0f097602d3,metadata_only,unverified,bibliographic_inventory_only_until_verified
PTI,2021.0,Time for India and Pak to bury the past and move forward: Gen Bajwa,newspaperArticle,GreatPowers,,ZOT_f1e16772c742,metadata_only,unverified,bibliographic_inventory_only_until_verified
Biswas,2021.0,'Electoral autocracy': The downgrading of India's democracy,newspaperArticle,southasia,,ZOT_91fd30ab63d1,metadata_only,unverified,bibliographic_inventory_only_until_verified
Kumar,2021.0,"Pandemic pushes 32 million Indians out of middle class, says Pew Research",newspaperArticle,southasia,,ZOT_2e3e7dc386f8,metadata_only,unverified,bibliographic_inventory_only_until_verified
Ap,2021.0,Blinken offers plan to bolster Afghan peace process: Report,newspaperArticle,Afghanistan,,ZOT_1ad568dc080e,metadata_only,unverified,bibliographic_inventory_only_until_verified
BBCNews,2021.0,China overtakes US as EU's biggest trading partner,newspaperArticle,environment,,ZOT_0fd40313dd3a,metadata_only,unverified,bibliographic_inventory_only_until_verified
Reuters,2022.0,"Europe will need Nord Stream 2 gas pipeline one day, Kremlin says",newspaperArticle,russiapipelines,,ZOT_acb2214e16d2,metadata_only,unverified,bibliographic_inventory_only_until_verified
,2022.0,Ukraine crisis: Who is buying Russian oil and gas?,newspaperArticle,environment,,ZOT_5d7dcc3bf21a,metadata_only,unverified,bibliographic_inventory_only_until_verified
Reuters,2023.0,"Russia boosting combat readiness of its central Asia bases to counter US, defence minister says",newspaperArticle,CPEC,,ZOT_0ea3b06fb7d5,metadata_only,unverified,bibliographic_inventory_only_until_verified
Rahmati,2025.0,Pakistan and Uzbekistan discuss Trilateral Railway Project with Afghanistan,newspaperArticle,Afghanistan,,ZOT_ac98b4e63d2a,metadata_only,unverified,bibliographic_inventory_only_until_verified
Huaxia,2025.0,"Afghanistan signs contract for survey, design of new railway project",newspaperArticle,Afghanistan,,ZOT_a799aaa63af4,metadata_only,unverified,bibliographic_inventory_only_until_verified
,,Hamid Karzai says U.S.-Afghan relationship ‘has been at a low point for a long time’,newspaperArticle,taliban2,,ZOT_5cd10cddb121,metadata_only,unverified,bibliographic_inventory_only_until_verified
Yawar,2024.0,Examining the Position of Afghanistan in the New Plan of China's Belt and Road Initiative (With Emphasis on Media Strategies),preprint,Afghanistan,Afghanistan; Belt and Road Initiative; China; Foreign Media,ZOT_b374699ac0a1,metadata_only,unverified,bibliographic_inventory_only_until_verified
Mitchell,2002.0,Renewing energy security,report,WorldFocus,,ZOT_1a764518a58e,metadata_only,unverified,bibliographic_inventory_only_until_verified
Shearing,2006.0,Reflections on the Refusal to Acknowledge Private Governments,report,peacebuilding,,ZOT_3ed75be14ef9,metadata_only,unverified,bibliographic_inventory_only_until_verified
Smith,2009.0,Community-Based Dispute Resolution Processes in Nangarhar Province,report,taliban2,,ZOT_20fa2f77d05d,metadata_only,unverified,bibliographic_inventory_only_until_verified
Bijlert,2009.0,How to Win an Afghan Election,report,afghan_elections,,ZOT_a22295c96ec5,metadata_only,unverified,bibliographic_inventory_only_until_verified
Sharma,2009.0,India in Central Asia,report,WorldFocus,,ZOT_cc8c369cb72c,metadata_only,unverified,bibliographic_inventory_only_until_verified
Bouët,2010.0,Is SAFTA Trade Creating or Trade Diverting?,report,southasia,,ZOT_5660b7aa0e39,metadata_only,unverified,bibliographic_inventory_only_until_verified
Tadjbakhsh,2011.0,South Asia and Afghanistan: the robust India-Pakistan rivalry,report,southasia,,ZOT_60a98b956470,metadata_only,unverified,bibliographic_inventory_only_until_verified
ADB,2012.0,"Turkmenistan–Afghanistan–Pakistan–India Natural Gas Pipeline Project, Phase 3",report,WorldFocus,,ZOT_a9fa1b29188f,metadata_only,unverified,bibliographic_inventory_only_until_verified
Laruelle,2013.0,The Afghanistan-Central Asia relationship: What role for the EU?,report,taliban2,,ZOT_262e3aacc02e,metadata_only,unverified,bibliographic_inventory_only_until_verified
Koepke,2013.0,Iran's policy on Afghanistan: the evolution of strategic pragmatism,report,Afghanistan,,ZOT_3c2c418d84fe,metadata_only,unverified,bibliographic_inventory_only_until_verified
EIU,2013.0,Higher Education in South Asia,report,environment,,ZOT_936fae044be4,metadata_only,unverified,bibliographic_inventory_only_until_verified
Sadat,2015.0,TAPI and CASA-1000: Win-Win Trade between Central Asia and South Asia,report,WorldFocus,,ZOT_e7d85a430edb,metadata_only,unverified,bibliographic_inventory_only_until_verified
Azuma,2015.0,Global Natural Gas Pivot to Asia,report,russiapipelines,,ZOT_3a518b9caee9,metadata_only,unverified,bibliographic_inventory_only_until_verified
FAO,2015.0,Report of the South Asian Dialogue on the Right to Food,report,foodsecurity,,ZOT_3ac237870c22,metadata_only,unverified,bibliographic_inventory_only_until_verified
Kanaev,2016.0,Factory Asia and Asia-Pacific Economic Regionalism: The Connectivity Factor Revisited,report,economicglobalism,,ZOT_45da73d92f9b,metadata_only,unverified,bibliographic_inventory_only_until_verified
Greiger,2016.0,"One Belt, One Road (OBOR): China's regional integration initiative - Think Tank",report,OBOR_train,,ZOT_fd1ff88c74b4,metadata_only,unverified,bibliographic_inventory_only_until_verified
"Finance Division, Govt. of Pakistan",2017.0,"Pakistan Economic Survey, 2016-17",report,southasia,,ZOT_2e51fe927296,metadata_only,unverified,bibliographic_inventory_only_until_verified
Radcliffe,2018.0,Social Media in the Middle East: The Story of 2017,report,twitteropoliics,,ZOT_5dfa58a1433b,metadata_only,unverified,bibliographic_inventory_only_until_verified
IEA,2020.0,Key World Energy Statistics 2020,report,oilrussiachina,,ZOT_27aa07e086be,metadata_only,unverified,bibliographic_inventory_only_until_verified
Asian Development Bank,2020.0,CAREC Transport Strategy 2030:,report,Afghanistan,,ZOT_80282556bbef,metadata_only,unverified,bibliographic_inventory_only_until_verified
UNEP,2021.0,UNEP Production Gap Report,report,energy_statistics,,ZOT_4f8b11cf9076,metadata_only,unverified,bibliographic_inventory_only_until_verified
Enerdata,2021.0,Global Energy Trends 2021,report,energy_statistics,,ZOT_c52960cf3a9b,metadata_only,unverified,bibliographic_inventory_only_until_verified
The World Bank,2021.0,Afghanistan Development Update,report,Afghanistan,,ZOT_0c478847034b,metadata_only,unverified,bibliographic_inventory_only_until_verified
IPCC,2021.0,Regional Factsheet- Asia,report,environment,,ZOT_ef870d1cd56e,metadata_only,unverified,bibliographic_inventory_only_until_verified
OPEC,2022.0,OPEC Annual Report 2021,report,energy_statistics,,ZOT_5a29da6e6f75,metadata_only,unverified,bibliographic_inventory_only_until_verified
Mansfield,2022.0,Changing the Rules of the Game: How the Taliban Regulated Cross-Border Trade and Upended Afghanistan’s Political Economy,report,Afghanistan,,ZOT_1ee4b5d926cd,metadata_only,unverified,bibliographic_inventory_only_until_verified
NSP,2022.0,National Security Policy of Pakistan 2022-2026,report,pakgeoecnomics,,ZOT_5aea98bae851,metadata_only,unverified,bibliographic_inventory_only_until_verified
IPCC,2022.0,Asia,report,environment,,ZOT_bc5c8abbb20a,metadata_only,unverified,bibliographic_inventory_only_until_verified
IPCC,2022.0,Asia,report,,,ZOT_e8c5def51a20,metadata_only,unverified,bibliographic_inventory_only_until_verified
SIGAR,2023.0,"October 30, 2023 Quarterly Report to Congress",report,Afghanistan,,ZOT_ddf221e39a8a,metadata_only,unverified,bibliographic_inventory_only_until_verified
Mansfield,2024.0,Nimroz and Samangan: A comparative case study of shifts in Afghanistan’s political economy since the Taliban takeover,report,taliban_twitter,,ZOT_b42f6cd57b2a,metadata_only,unverified,bibliographic_inventory_only_until_verified
EUAA,2024.0,Country of origin information report: Pakistan : country focus.,report,pakistan,,ZOT_c07cb13166e6,metadata_only,unverified,bibliographic_inventory_only_until_verified
DFAT,2025.0,country-information-report-pakistan,report,pakistan,,ZOT_40c97e9d53fa,metadata_only,unverified,bibliographic_inventory_only_until_verified
ecoi.net,2025.0,2025_05_Pakistan_Pashtun_Tahafuz_Movement,report,pakistan,,ZOT_baa95674dbf4,metadata_only,unverified,bibliographic_inventory_only_until_verified
Isacson,2020.0,"Climate Change, Securitization and Greta Thunberg",thesis,climate_change,,ZOT_9cef2ac7a95d,metadata_only,unverified,bibliographic_inventory_only_until_verified
Climate One,2017.0,Jane Goodall Discusses Over Population,videoRecording,,,ZOT_b6f32c1390fb,metadata_only,unverified,bibliographic_inventory_only_until_verified
Pilger,2020.0,The Coming War on China - True Story Documentary Channel,videoRecording,realism,,ZOT_6cac7d5e4945,metadata_only,unverified,bibliographic_inventory_only_until_verified
Maheshwari,0.0,'Retrogressive Thinking is Danger for Pakistan': Islamabad Slams Taliban's New Restrictions on Women,webpage,taliban_twitter,,ZOT_be0727e6aa9a,metadata_only,unverified,bibliographic_inventory_only_until_verified
Dawn.com,0.0,"At SCO virtual summit, PM says terrorism should be condemned in unambiguous terms",webpage,BRI-EEU,,ZOT_878e7e6c124f,metadata_only,unverified,bibliographic_inventory_only_until_verified
Carpenter,2002.0,How Washington Funded the Taliban,webpage,taliban,,ZOT_c2ccb9e95a78,metadata_only,unverified,bibliographic_inventory_only_until_verified
Arceneaux,2005.0,Transforming Latin America : The International And Domestic Origins Of Change,webpage,securitycomplex,,ZOT_44a4beefbb8b,metadata_only,unverified,bibliographic_inventory_only_until_verified
,2006.0,Central Asian States Establish Nuclear-Weapon-Free-Zone Despite US Opposition,webpage,uzbekistan,,ZOT_79dee5b14dcc,metadata_only,unverified,bibliographic_inventory_only_until_verified
RFE/RFL,2007.0,U.S. Says Dozens Of Taliban Killed In Herat,webpage,taliban2,,ZOT_923f748ae385,metadata_only,unverified,bibliographic_inventory_only_until_verified
Jiping,2010.0,China's Natural Gas Demand and CNPC's Natural Gas Business Strategy,webpage,oilrussiachina,,ZOT_f691c6a57735,metadata_only,unverified,bibliographic_inventory_only_until_verified
Council on Foreign Relations.,2010.0,U.S. strategy for Pakistan and Afghanistan,webpage,,,ZOT_ea756f431cf1,metadata_only,unverified,bibliographic_inventory_only_until_verified
Parashar,2011.0,Kudankulum N-plant: Moscow sees rivals' hand in stir | India News - Times of India,webpage,russiapipelines,,ZOT_ef5b0d1e7257,metadata_only,unverified,bibliographic_inventory_only_until_verified
Lieberthal,2011.0,The American Pivot to Asia,webpage,BRI-EEU,,ZOT_39101f5d5f66,metadata_only,unverified,bibliographic_inventory_only_until_verified
Develi,2012.0,Energy economics,webpage,russiapipelines,,ZOT_8a46af07488a,metadata_only,unverified,bibliographic_inventory_only_until_verified
Dahiya,2012.0,"Zardari offers prayers at Dargah Sharif, announces $1 mn donation",webpage,dargah_sharif,,ZOT_f4dc14afbe15,metadata_only,unverified,bibliographic_inventory_only_until_verified
Asian Development Bank,2012.0,Public Private Partnerships Key to Meeting Asia's $8 Trillion Infrastructure Needs - Study,webpage,OBOR_train,,ZOT_7ac78fe25c75,metadata_only,unverified,bibliographic_inventory_only_until_verified
Sudakov,2012.0,Russia to return to Afghanistan after US occupation,webpage,newspaper,,ZOT_e93f4f7029d2,metadata_only,unverified,bibliographic_inventory_only_until_verified
Tribune.com.pk,2012.0,US should target Taliban leaders settled in Pakistan rather than al Qaeda: Jack Keane,webpage,taliban2,,ZOT_cb9e080e8c4e,metadata_only,unverified,bibliographic_inventory_only_until_verified
,2012.0,Time to Target Insurgents in Pakistan,webpage,taliban2,,ZOT_18a3dc6ccb8a,metadata_only,unverified,bibliographic_inventory_only_until_verified
Cook,2012.0,"Afghanistan A War Doomed by the Coalition's Strategies, Policies and Political Correctness.",webpage,,,ZOT_13d64f7fcfb7,metadata_only,unverified,bibliographic_inventory_only_until_verified
Aoun,2012.0,"Religious movements, militancy, and conflict in South Asia : cases from India, Pakistan, and Afghanistan",webpage,,,ZOT_342fd2711de2,metadata_only,unverified,bibliographic_inventory_only_until_verified
Aoun,2012.0,"Religious movements, militancy, and conflict in South Asia : cases from India, Pakistan, and Afghanistan",webpage,,,ZOT_a3717a837fcc,metadata_only,unverified,bibliographic_inventory_only_until_verified
Hasrat-Nazimi,2012.0,Heart of Asia,webpage,Afghanistan,,ZOT_2378e4b10a01,metadata_only,unverified,bibliographic_inventory_only_until_verified
Li,2013.0,China-neighboring Asian countries relations : review and analysis,webpage,securitycomplex,,ZOT_4b8e0b4da767,metadata_only,unverified,bibliographic_inventory_only_until_verified
,2013.0,China-Trinidad and Tobago: a closer embrace,webpage,oilrussiachina,,ZOT_ac6977b7df3a,metadata_only,unverified,bibliographic_inventory_only_until_verified
Konarovsky,2014.0,Afghanistan’s Close Call.,webpage,newspaper,,ZOT_12ac7bf45d60,metadata_only,unverified,bibliographic_inventory_only_until_verified
Leaf,2014.0,"China’s Charm Offensive: A Temporary, Tactical Change",webpage,eurasiain17thcentury,,ZOT_cc51d19a3167,metadata_only,unverified,bibliographic_inventory_only_until_verified
World Bank,2014.0,"Energy imports, net (% of energy use) - South Asia",webpage,environment,,ZOT_e0cdf9b3dbb9,metadata_only,unverified,bibliographic_inventory_only_until_verified
Putz,2015.0,India Inks New Nuclear Deal with Kazakhstan,webpage,centralAsia,,ZOT_d5c4c060d3b6,metadata_only,unverified,bibliographic_inventory_only_until_verified
PTI,2015.0,India rejects Kazakhstan\'s offer for Abai oil field,webpage,centralAsia,,ZOT_8c09e11f40fb,metadata_only,unverified,bibliographic_inventory_only_until_verified
Reuters Staff,2015.0,"Turkmenistan starts work on gas link to Afghanistan, Pakistan, India",webpage,WorldFocus,,ZOT_ed2211a16db8,metadata_only,unverified,bibliographic_inventory_only_until_verified
Amir,2015.0,"Calling CPEC, China-Punjab Economic Corridor is not a mistake",webpage,CPEC,,ZOT_ec42cd578efe,metadata_only,unverified,bibliographic_inventory_only_until_verified
,2015.0,New Dutch/China train line brings 226 million cups of coffee,webpage,OBOR_train,,ZOT_b1ebd18a926b,metadata_only,unverified,bibliographic_inventory_only_until_verified
,2015.0,China's Silk Road strategy takes shape in Khorgos,webpage,OBOR_train,,ZOT_a5a6e522b3ea,metadata_only,unverified,bibliographic_inventory_only_until_verified
GBTimes.com,2015.0,"New cargo train service between China, Europe opens",webpage,OBOR_train,,ZOT_b7a9964d5a2f,metadata_only,unverified,bibliographic_inventory_only_until_verified
,2015.0,Putin warns of spillover from Afghanistan fighting,webpage,OBOR_train,,ZOT_6be2f8f04c45,metadata_only,unverified,bibliographic_inventory_only_until_verified
,2015.0,Uzbekistan Becomes HEU–Free Following Shipment of Fuel to Russia,webpage,uzbekistan,,ZOT_5a98e07e10cd,metadata_only,unverified,bibliographic_inventory_only_until_verified
,2015.0,Full text of the Minsk agreement,webpage,Mackinder,,ZOT_113a450f5467,metadata_only,unverified,bibliographic_inventory_only_until_verified
Jha,2016.0,India’s Connect Central Asia Policy,webpage,centralAsia,,ZOT_5f9e16e25b15,metadata_only,unverified,bibliographic_inventory_only_until_verified
Talukdar,2016.0,Ajmer dargah head's jab at Pak,webpage,dargah_sharif,,ZOT_8c48ac125fb6,metadata_only,unverified,bibliographic_inventory_only_until_verified
,2016.0,Why the New Silk Roads Terrify Washington,webpage,BRI-EEU,,ZOT_bb0fc82dfb0d,metadata_only,unverified,bibliographic_inventory_only_until_verified
Khattak,2016.0,Govt continues to face criticism over CPEC,webpage,CPEC,,ZOT_24f6d088213c,metadata_only,unverified,bibliographic_inventory_only_until_verified
Zaidi,2016.0,China-Pakistan Economic Corridor: the new game changer in Pakistan - The Hindu,webpage,CPEC,,ZOT_1bb6e00722d9,metadata_only,unverified,bibliographic_inventory_only_until_verified
Emily,2016.0,The Missing Half of Pakistan’s Fight Against Terrorism,webpage,taliban2,,ZOT_4dea49cef9a1,metadata_only,unverified,bibliographic_inventory_only_until_verified
EST,2017.0,How ISIS got weapons from U.S. and used them to take Iraq and Syria,webpage,Geopolitics,,ZOT_1655dbf03f7a,metadata_only,unverified,bibliographic_inventory_only_until_verified
Diplomat,2017.0,Linking Afghanistan to China's Belt and Road,webpage,BRI-EEU,,ZOT_5439f8eb1010,metadata_only,unverified,bibliographic_inventory_only_until_verified
Wu,2017.0,Shared Agronomic Information Community for the Belt and Road Initiative,webpage,CPEC,,ZOT_c7d5154f8491,metadata_only,unverified,bibliographic_inventory_only_until_verified
,2017.0,"Sovereignty, honour of nation important, says RSS on India boycotting OBOR",webpage,economicglobalism,,ZOT_e4d1e8444c11,metadata_only,unverified,bibliographic_inventory_only_until_verified
Yan,2017.0,"Beijing's plan to invest billions abroad helps Chinese companies, says firm's chairman",webpage,economicglobalism,,ZOT_fdad1fd7f17e,metadata_only,unverified,bibliographic_inventory_only_until_verified
DWNews,2017.0,First freight train linking UK with China arrives in Yiwu | News | DW | 29.04.2017,webpage,OBOR_train,,ZOT_3f788d4e0c63,metadata_only,unverified,bibliographic_inventory_only_until_verified
Jianguo,2017.0,How China will impact the world economy in 2017,webpage,economicglobalism,,ZOT_deffdd40cf74,metadata_only,unverified,bibliographic_inventory_only_until_verified
Al Jazeera News,2017.0,UN Jerusalem resolution: How each country voted,webpage,socialmedia,,ZOT_a4b87bfaad9c,metadata_only,unverified,bibliographic_inventory_only_until_verified
,2017.0,Pakistan is running out of water,webpage,southasia,,ZOT_7b67bd5619a2,metadata_only,unverified,bibliographic_inventory_only_until_verified
Repnikova,2017.0,The Chinese are not coming to take over the Russian Far East,webpage,BRI-EEU,,ZOT_9ad7f0b0881e,metadata_only,unverified,bibliographic_inventory_only_until_verified
,2017.0,United States and Uzbekistan Cooperate to Counter Nuclear Smuggling,webpage,uzbekistan,,ZOT_f3e5682897d5,metadata_only,unverified,bibliographic_inventory_only_until_verified
,2017.0,"China runs 5,000 cargo trains on New Silk Road to Europe",webpage,BRI-EEU,,ZOT_162300851670,metadata_only,unverified,bibliographic_inventory_only_until_verified
,2017.0,Gen. Keane: Russia Moving Arms Through Iran to Taliban in Afghanistan,webpage,taliban2,,ZOT_7607697297d1,metadata_only,unverified,bibliographic_inventory_only_until_verified
Barfield,2017.0,Afghanistan : a cultural and political history,webpage,,,ZOT_5b8e00c4c8c4,metadata_only,unverified,bibliographic_inventory_only_until_verified
Pennington,2017.0,Jane Goodall in conversation with Jeff Horowitz and Greg Dalton,webpage,environment,,ZOT_b43b3af72bac,metadata_only,unverified,bibliographic_inventory_only_until_verified
Narkevsky,2018.0,Газовый рынок Южной Азии: время наступать,webpage,centralAsia,,ZOT_69cb5e9e8d3e,metadata_only,unverified,bibliographic_inventory_only_until_verified
Wasif,2018.0,India yet to issue visas to Pakistanis for Urs at Ajmer Sharif,webpage,dargah_sharif,,ZOT_7b1dcb43cd76,metadata_only,unverified,bibliographic_inventory_only_until_verified
Tehrantimes,2018.0,"Pakistan, China, Afghanistan hold second trilateral dialogue in Kabul",webpage,SCO,,ZOT_01cfdbdbebae,metadata_only,unverified,bibliographic_inventory_only_until_verified
,2018.0,China's Belt & Road Aspirations Press On Amid US Trade Disputes,webpage,BRI-EEU,,ZOT_a7df7389be36,metadata_only,unverified,bibliographic_inventory_only_until_verified
,2018.0,"US Firms Are Keen to Participate in Belt and Road Projects, China Says",webpage,BRI-EEU,,ZOT_7c007942fd64,metadata_only,unverified,bibliographic_inventory_only_until_verified
,2018.0,China Sees Nearly 60% Surge in Foreign Direct Investment From Belt and Road Countries,webpage,BRI-EEU,,ZOT_cf0301aec701,metadata_only,unverified,bibliographic_inventory_only_until_verified
,2018.0,"China, Oman Sign MOU to Co-Construct Belt and Road",webpage,BRI-EEU,,ZOT_38a3d572e0ce,metadata_only,unverified,bibliographic_inventory_only_until_verified
,2018.0,"Taliban, Pakistani military mourn death of extremist cleric | FDD's Long War Journal",webpage,taliban,,ZOT_4fb57569880b,metadata_only,unverified,bibliographic_inventory_only_until_verified
Irfan,2018.0,3 big takeaways from the major new US climate report,webpage,wordpress_blog,,ZOT_428b7ea17ce5,metadata_only,unverified,bibliographic_inventory_only_until_verified
,2018.0,"India, Pakistan, Nepal. Geopolitical Rivalries in South Asia",webpage,wordpress_blog,,ZOT_211cf30e3e38,metadata_only,unverified,bibliographic_inventory_only_until_verified
,2018.0,U.S. envoy holds talks with Taliban,webpage,taliban,,ZOT_beeb9b11fb0c,metadata_only,unverified,bibliographic_inventory_only_until_verified
Hussain,2018.0,The ‘Moscow format’,webpage,taliban,,ZOT_9e4d33c83117,metadata_only,unverified,bibliographic_inventory_only_until_verified
,2018.0,Afghanistan peace conference was all about Russia,webpage,taliban,,ZOT_b9b99568a6b8,metadata_only,unverified,bibliographic_inventory_only_until_verified
,2018.0,Russian links with Taliban is good for America,webpage,taliban,,ZOT_2c4e47a2d559,metadata_only,unverified,bibliographic_inventory_only_until_verified
,2018.0,Taliban Attacks on Hazara Communities Raise Fear of Mass Atrocities,webpage,taliban,,ZOT_d00556edee7a,metadata_only,unverified,bibliographic_inventory_only_until_verified
,2018.0,Saudi top official due in Pakistan for establishing one of the largest oil refinery in Pakistan,webpage,CPEC,,ZOT_8a700956b404,metadata_only,unverified,bibliographic_inventory_only_until_verified
,2018.0,Saudi Arabia and China $12 billion assistance has taken Pakistan out of balance of payment crisis,webpage,CPEC,,ZOT_52f14a253be1,metadata_only,unverified,bibliographic_inventory_only_until_verified
Feigenbaum,2018.0,Reluctant Stakeholder: Why China’s Highly Strategic Brand of Revisionism is More Challenging Than Washington Thinks,webpage,OBOR_train,,ZOT_7f1c8206e255,metadata_only,unverified,bibliographic_inventory_only_until_verified
Gross,2018.0,"After 16 Years, Afghanistan War Is 'At Best A Grinding Stalemate,' Journalist Says",webpage,socialmedia,,ZOT_f97bb312ba63,metadata_only,unverified,bibliographic_inventory_only_until_verified
MacDonald,2018.0,Your guide to top anti-Russia think tanks in US & who funds them,webpage,socialmedia,,ZOT_11a38b807d8d,metadata_only,unverified,bibliographic_inventory_only_until_verified
Babones,2018.0,Modi At Davos: 'Today We Believe In A Multicultural World And A Multipolar World Order',webpage,securitystdies; socialmedia,,ZOT_5829c355b33a,metadata_only,unverified,bibliographic_inventory_only_until_verified
,2018.0,حمله طالبان بر جمعیت غیر نظامی در ارزگان,webpage,taliban,,ZOT_33983a8f2d12,metadata_only,unverified,bibliographic_inventory_only_until_verified
ANI,2018.0,Belt and Road rethink in Southeast Asia: Will India change its mind? | India News,webpage,BRI-EEU,,ZOT_90104088f837,metadata_only,unverified,bibliographic_inventory_only_until_verified
Yan Ling,2018.0,"Inclusiveness, more local partners key to better perceptions of Belt and Road Initiative: Editors",webpage,BRI-EEU,,ZOT_3ed02facad8c,metadata_only,unverified,bibliographic_inventory_only_until_verified
,2018.0,Botched railway in Africa a warning to belt and road investors,webpage,BRI-EEU,,ZOT_af236762b593,metadata_only,unverified,bibliographic_inventory_only_until_verified
Carey,2018.0,Daniel Andrews releases details of Belt and Road agreement with China,webpage,BRI-EEU,,ZOT_4b93fda391ce,metadata_only,unverified,bibliographic_inventory_only_until_verified
,2018.0,China vows to make Africa a UN Security Council priority,webpage,BRI-EEU,,ZOT_c45655096367,metadata_only,unverified,bibliographic_inventory_only_until_verified
Kara,2018.0,"China runs 11,000 ‘Silk Road’ trains to Europe",webpage,BRI-EEU,,ZOT_2846a949165f,metadata_only,unverified,bibliographic_inventory_only_until_verified
News,2018.0,Afghan official: Taliban kill 20 security forces in Ghazni,webpage,taliban,,ZOT_b6d48419d44d,metadata_only,unverified,bibliographic_inventory_only_until_verified
,2018.0,Afghan Peace Talks – A Political Jigsaw Puzzle,webpage,taliban,,ZOT_69739e7981b4,metadata_only,unverified,bibliographic_inventory_only_until_verified
,2018.0,Turkmenistan to build mosque in Afghanistan,webpage,taliban,,ZOT_0fab9f6511b4,metadata_only,unverified,bibliographic_inventory_only_until_verified
Saki,2018.0,"Belt and Road Initiative: Contribution by all, benefits for all",webpage,OBOR_train,,ZOT_6db41681572b,metadata_only,unverified,bibliographic_inventory_only_until_verified
,2018.0,Moscow talks opportunity to “open a new page” in Afghanistan’s history,webpage,taliban,,ZOT_d8dbdafbe887,metadata_only,unverified,bibliographic_inventory_only_until_verified
Bloomberg,2018.0,"Asia’s infrastructure funds look to India for returns, not China’s Belt-and-Road",webpage,OBOR_train,,ZOT_8e199d5d4623,metadata_only,unverified,bibliographic_inventory_only_until_verified
Satistica,2018.0,Twitter: number of active users 2010-2017,webpage,twitteropoliics,,ZOT_34c395139e8e,metadata_only,unverified,bibliographic_inventory_only_until_verified
,2018.0,"Putin, Mirziyoyev launch project for Uzbekistan's first nuclear plant",webpage,uzbekistan,,ZOT_9b0fb79edfd0,metadata_only,unverified,bibliographic_inventory_only_until_verified
Xinhuanet,2018.0,"Commentary: The ""Shanghai Spirit"" shows its strength",webpage,SCO,,ZOT_6a75557a0686,metadata_only,unverified,bibliographic_inventory_only_until_verified
,2018.0,"China-Europe freight trains celebrate 10,000th trip",webpage,BRI-EEU,,ZOT_ba3ba60e670f,metadata_only,unverified,bibliographic_inventory_only_until_verified
Suokas,2018.0,"China runs 11,000 ‘Silk Road’ trains to Europe | gbtimes.com",webpage,BRI-EEU,,ZOT_c53d29517cfb,metadata_only,unverified,bibliographic_inventory_only_until_verified
Putz,2018.0,Can Russia and China 'Synergize' the Eurasian Economic Union and the Belt and Road Initiative?,webpage,BRI-EEU,,ZOT_6763f58b84af,metadata_only,unverified,bibliographic_inventory_only_until_verified
Staedter,2018.0,Why Russia Is Building Its Own Internet,webpage,russiapipelines,,ZOT_b0d20a7feec3,metadata_only,unverified,bibliographic_inventory_only_until_verified
,2018.0,Latin America’s Renewable Riches,webpage,oilrussiachina,,ZOT_2c3b3957364f,metadata_only,unverified,bibliographic_inventory_only_until_verified
,2018.0,‘New chapter’ as work starts on Afghan leg of TAPI pipeline,webpage,Afghanistan,,ZOT_94ebb4d44cd9,metadata_only,unverified,bibliographic_inventory_only_until_verified
,2018.0,US military continues to spin a Taliban victory against Islamic State as its own | FDD's Long War Journal,webpage,taliban,,ZOT_34d8be4bbc3d,metadata_only,unverified,bibliographic_inventory_only_until_verified
Iqbal,2018.0,US offers safety and job security to Taliban,webpage,taliban,,ZOT_449b6fb9df2e,metadata_only,unverified,bibliographic_inventory_only_until_verified
,2018.0,WTH? Pentagon Plan Offers Safety and Jobs to Taliban in Afghanistan in Peace Deal,webpage,taliban,,ZOT_31b39d0e4702,metadata_only,unverified,bibliographic_inventory_only_until_verified
,2018.0,'Caballos de Troya' de China en Europa del Este: qué hay detrás de sus inversiones,webpage,GreatPowers,,ZOT_a67aea5f7708,metadata_only,unverified,bibliographic_inventory_only_until_verified
,2018.0,Israel declares it is above the law,webpage,Geopolitics,,ZOT_e905c1569d4f,metadata_only,unverified,bibliographic_inventory_only_until_verified
Luongo,2018.0,Pipeline Wars: Realpolitik meets Geography,webpage,russiapipelines,,ZOT_24ab39b82bcc,metadata_only,unverified,bibliographic_inventory_only_until_verified
PTI,2019.0,Mundra LNG Project: Mundra LNG terminal to be commissioned by December,webpage,russiapipelines,,ZOT_d8d96093265d,metadata_only,unverified,bibliographic_inventory_only_until_verified
PTI,2019.0,Govt signs long-term contract with Uzbek for uranium supply,webpage,centralAsia,,ZOT_dc8b2db884c8,metadata_only,unverified,bibliographic_inventory_only_until_verified
Narkevsky,2019.0,Нефтегазовые надежды Пакистана,webpage,centralAsia,,ZOT_bf7869c1963d,metadata_only,unverified,bibliographic_inventory_only_until_verified
PTI,2019.0,Russia plans to invest $14 billion in Pakistan's energy sector - ET EnergyWorld,webpage,centralAsia,,ZOT_42d4fdc90b30,metadata_only,unverified,bibliographic_inventory_only_until_verified
Khan,2019.0,Pakistan signs $10 bn gas pipeline agreement with Russia,webpage,centralAsia,,ZOT_3aa17ec3ddbc,metadata_only,unverified,bibliographic_inventory_only_until_verified
AlJazeera.Com,2019.0,India says Iran frees 9 crew from seized Panama-flagged tanker,webpage,centralAsia,,ZOT_5858295b1fca,metadata_only,unverified,bibliographic_inventory_only_until_verified
MEA.Gov.In,2019.0,Press Statement by EAM after First India-Central Asia Dialogue,webpage,centralAsia,,ZOT_1fd630d79195,metadata_only,unverified,bibliographic_inventory_only_until_verified
Paul,2019.0,Indians choose Kazakhstan as wedding destination,webpage,centralAsia,,ZOT_0b7eb537aeab,metadata_only,unverified,bibliographic_inventory_only_until_verified
Statistica.com,2019.0,Number of monthly active Twitter users worldwide from 1st quarter 2010 to 1st quarter 2019,webpage,Geopolitics,,ZOT_c8ca4a77d8c8,metadata_only,unverified,bibliographic_inventory_only_until_verified
TOLO News,2019.0,Ghani Dissolves High Peace Council’s Secretariat,webpage,afghan_elections,,ZOT_e295b145d1f1,metadata_only,unverified,bibliographic_inventory_only_until_verified
,2019.0,Taliban say new intra-Afghan peace talks to be held in China,webpage,taliban,,ZOT_13eca1f79f82,metadata_only,unverified,bibliographic_inventory_only_until_verified
Xinhua,2019.0,"Uzbekistan, Afghanistan sign 10-year electricity supply contract",webpage,CICA,,ZOT_351444bbdbc9,metadata_only,unverified,bibliographic_inventory_only_until_verified
Hussain,2019.0,India refuses to issue visas to Pakistanis to attend Urs of Khawaja Moinuddin Chishti in Ajmer Sharif,webpage,dargah_sharif,,ZOT_38af3197d454,metadata_only,unverified,bibliographic_inventory_only_until_verified
Uniindia.com,2019.0,Pak envoy Sohail Mahmood lays Chaddar at Dargah Ajmer Sharif,webpage,dargah_sharif,,ZOT_c576b853187c,metadata_only,unverified,bibliographic_inventory_only_until_verified
ANI,2019.0,India denied issuing visas for pilgrims visiting Ajmer Sharif Dargah: Pak Minister,webpage,dargah_sharif,,ZOT_260c6b34a64d,metadata_only,unverified,bibliographic_inventory_only_until_verified
Khan,2019.0,"Pakistan-Afghanistan-China trilateral trade to boost economy, promote peace and stability - ChinaKnowledge",webpage,SCO,,ZOT_ea9b155c49ac,metadata_only,unverified,bibliographic_inventory_only_until_verified
Tehrantimes,2019.0,China to form ‘contact group’ on Afghanistan,webpage,SCO,,ZOT_6c5ea2778035,metadata_only,unverified,bibliographic_inventory_only_until_verified
Outlookafghanistan.net,2019.0,Jihadi Figures Urge ‘Good Peace Deal’ to Avoid Crisis,webpage,taliban,,ZOT_71e08039007c,metadata_only,unverified,bibliographic_inventory_only_until_verified
,2019.0,Scuttling intra-Afghan talks to be the greatest mistake by Afghanistan,webpage,taliban,,ZOT_ce9945dd5ab6,metadata_only,unverified,bibliographic_inventory_only_until_verified
Hille,2019.0,Maldives seeks to renegotiate with China over Belt and Road debt,webpage,BRI-EEU,,ZOT_ca4009516e23,metadata_only,unverified,bibliographic_inventory_only_until_verified
,2019.0,US Nears Deal With Taliban to End 17-Year Afghanistan War,webpage,taliban,,ZOT_f79a0b8baf64,metadata_only,unverified,bibliographic_inventory_only_until_verified
,2019.0,US should leave Afghanistan as friends of the region — DG ISPR,webpage,taliban,,ZOT_875cf277cc22,metadata_only,unverified,bibliographic_inventory_only_until_verified
The Japan News,2019.0,"Italy calls off 5G rules limiting Huawei, ZTE",webpage,callforpapers,,ZOT_953c5e19a3af,metadata_only,unverified,bibliographic_inventory_only_until_verified
RT.Com,2019.0,China’s new Silk Road trade expands to over $600 billion in first half of 2019,webpage,callforpapers,,ZOT_3241dc4f8346,metadata_only,unverified,bibliographic_inventory_only_until_verified
UNCTADstat,2019.0,UNCTAD Statistics,webpage,SCO,,ZOT_4be5bcd8e9c9,metadata_only,unverified,bibliographic_inventory_only_until_verified
Barker,2019.0,G20: China’s Xi says rich countries ‘destroying’ trade system,webpage,GreatPowers,,ZOT_ea1cae153487,metadata_only,unverified,bibliographic_inventory_only_until_verified
Xinhuanet,2019.0,China unveils 600 kph maglev train prototype,webpage,transportgeography,,ZOT_86dafe45f80b,metadata_only,unverified,bibliographic_inventory_only_until_verified
,2019.0,First Commerce Department Certified U.S. Trade Mission visits Uzbekistan,webpage,uzbekistan,,ZOT_a72585162f25,metadata_only,unverified,bibliographic_inventory_only_until_verified
,2019.0,INSTC Countries Meet in Tehran to Survey Mega Project's Progress,webpage,transportgeography,,ZOT_51094a27697c,metadata_only,unverified,bibliographic_inventory_only_until_verified
,2019.0,"Putin Delivers Ringing Endorsement of the Belt & Road Initiative, Saying It 'Has a Very Bright Future'",webpage,BRI-EEU,,ZOT_e29e65afc702,metadata_only,unverified,bibliographic_inventory_only_until_verified
Needham,2019.0,Data doesn't support Belt and Road debt trap claims,webpage,BRI-EEU,,ZOT_92b72314096a,metadata_only,unverified,bibliographic_inventory_only_until_verified
,2019.0,German opposition to Italy’s belt and road deal with China ‘unfair’,webpage,BRI-EEU,,ZOT_9a831afe8c9f,metadata_only,unverified,bibliographic_inventory_only_until_verified
hermesauto,2019.0,China calls for US and European companies to join Belt and Road,webpage,BRI-EEU,,ZOT_b56578af3e70,metadata_only,unverified,bibliographic_inventory_only_until_verified
Noack,2019.0,Australia’s ‘egg boy’ says he ‘united people.’ Scientists may have cracked why.,webpage,socialmedia,,ZOT_51554c3df2ab,metadata_only,unverified,bibliographic_inventory_only_until_verified
,2019.0,US Handing Afghanistan Back to a Terrorist Group: New US-Taliban Deal Called a Bad Bargain,webpage,taliban,,ZOT_d6aad92e6337,metadata_only,unverified,bibliographic_inventory_only_until_verified
,2019.0,Peace in Afghanistan? The Taliban’s Moscow Travels Have Turned Them into Seasoned Diplomats,webpage,taliban,,ZOT_218be1614627,metadata_only,unverified,bibliographic_inventory_only_until_verified
Goudsouzian,2019.0,Who talks with Afghanistan?,webpage,taliban,,ZOT_6f944ae4d4e5,metadata_only,unverified,bibliographic_inventory_only_until_verified
,2019.0,"Govt, politicians in Afghanistan on the warpath over talks with Taliban",webpage,taliban,,ZOT_8d9e750caf02,metadata_only,unverified,bibliographic_inventory_only_until_verified
January 30,2019.0,"Afghan women should be at the table in U.S.-Taliban peace talks, says MP | CBC Radio",webpage,taliban,,ZOT_4c07a4c41be8,metadata_only,unverified,bibliographic_inventory_only_until_verified
,2019.0,"Afghans hope for peace but fear bloodshed as US, Taliban talk",webpage,taliban,,ZOT_4918261c08a2,metadata_only,unverified,bibliographic_inventory_only_until_verified
Gannon,2019.0,Taliban say they are not looking to rule Afghanistan alone,webpage,taliban,,ZOT_1a6b198bd2c7,metadata_only,unverified,bibliographic_inventory_only_until_verified
Press,2019.0,Peace with the Taliban? Trump warned of Afghan pullout risks,webpage,taliban,,ZOT_234d885ea0f5,metadata_only,unverified,bibliographic_inventory_only_until_verified
,2019.0,نامه‌ای به خلیلزاد: بیم‌ها و امیدهای صلح افغانستان,webpage,taliban,,ZOT_b814367d50bb,metadata_only,unverified,bibliographic_inventory_only_until_verified
,2019.0,بی‌رحمی طالبان به افغان‌ها: جنگ با افغانستان و گفت‌وگو با امریکا,webpage,taliban,,ZOT_4ec91b3af7f7,metadata_only,unverified,bibliographic_inventory_only_until_verified
,2019.0,"After US troops withdrawal, Islamic system to be established in Afghanistan: Afghan Taliban",webpage,taliban,,ZOT_d86c8c737da3,metadata_only,unverified,bibliographic_inventory_only_until_verified
Khaama Press,2019.0,"Khalilzad to host Russian, Chinese, and EU envoys for talks on Afghanistan",webpage,taliban,,ZOT_4522419dc2c8,metadata_only,unverified,bibliographic_inventory_only_until_verified
Xinhua,2019.0,Chinese envoy criticizes 'prejudice' against BRI at UNSC,webpage,BRI-EEU,,ZOT_e6a19a899d61,metadata_only,unverified,bibliographic_inventory_only_until_verified
Lederer,2019.0,US and China clash over 'belt and road' in Afghan resolution,webpage,BRI-EEU,,ZOT_6b79c5cec5d5,metadata_only,unverified,bibliographic_inventory_only_until_verified
HT,2019.0,"Afghan defence minister says Jaish, Taliban behind attack on Afghanistan military base",webpage,taliban,,ZOT_ea16729c7381,metadata_only,unverified,bibliographic_inventory_only_until_verified
,2019.0,Analysis: US military downplays district control as Taliban gains ground in Afghanistan | FDD's Long War Journal,webpage,taliban,,ZOT_c8a06e37152c,metadata_only,unverified,bibliographic_inventory_only_until_verified
,2019.0,German banks manoeuvre in Washington to temper Russia sanction risk,webpage,russiapipelines,,ZOT_645cbd66cd51,metadata_only,unverified,bibliographic_inventory_only_until_verified
Novinar,2019.0,EU Adopts Tighter Regulation on Russia’s Nord Stream 2 Project,webpage,russiapipelines,,ZOT_cd0fa097a5c9,metadata_only,unverified,bibliographic_inventory_only_until_verified
Asatryan,2019.0,Afghanistan at a Crossroads and Russia's Interests,webpage,taliban2,,ZOT_18302560c5f2,metadata_only,unverified,bibliographic_inventory_only_until_verified
Radio Mashaal,2019.0,Afghanistan Protests Pakistan Invitation To Taliban,webpage,peacebuilding,,ZOT_de5fd4bc5226,metadata_only,unverified,bibliographic_inventory_only_until_verified
Kakar,2019.0,Afghan Taliban Successfully Mediate Tribal Feud In Southwest Pakistan,webpage,peacebuilding,,ZOT_916d2f8fd395,metadata_only,unverified,bibliographic_inventory_only_until_verified
,2019.0,"Afghanistan endgame: Pakistan has done it's job, says Pakistan Army Spokesperson",webpage,taliban,,ZOT_629226e9f714,metadata_only,unverified,bibliographic_inventory_only_until_verified
Lo,2019.0,Mahathir backs belt and road but insists on open trade routes,webpage,OBOR_train,,ZOT_ffc3c6740475,metadata_only,unverified,bibliographic_inventory_only_until_verified
Xinhua,2019.0,"RCEP crucial to China, ASEAN economic integration: Philippine finance chief",webpage,southasia,,ZOT_1f127e0a92ef,metadata_only,unverified,bibliographic_inventory_only_until_verified
Gannon,2019.0,Afghanistan’s Karzai says American cash fed corruption,webpage,Afghanistan,,ZOT_b699ee5ca88c,metadata_only,unverified,bibliographic_inventory_only_until_verified
PTI,2019.0,"Pak PM seeks actionable proof, warns against any rash move",webpage,securitycomplex,,ZOT_32430a4ae8f0,metadata_only,unverified,bibliographic_inventory_only_until_verified
PTI,2019.0,"Pulwama Attack ""Horrible"", Says Trump, Urging India, Pak To ""Get Along""",webpage,southasia,,ZOT_fc3eb3f59049,metadata_only,unverified,bibliographic_inventory_only_until_verified
Al Jazeera News,2019.0,India vs Pakistan: Military strength and arsenal,webpage,southasia,,ZOT_9e2746f9a6b8,metadata_only,unverified,bibliographic_inventory_only_until_verified
World Bank,2019.0,"Military expenditure (% of GDP) - Pakistan, India, Bangladesh",webpage,southasia,,ZOT_b097598ac1cf,metadata_only,unverified,bibliographic_inventory_only_until_verified
Times of India,2019.0,Ceasefire violations by Pak in J&K at a 5-yr-high in 2019 - Times of India,webpage,southasia,,ZOT_6db42699e9d2,metadata_only,unverified,bibliographic_inventory_only_until_verified
Walden,2019.0,'Like an episode of Utopia': What is the Blue Dot Network?,webpage,GreatPowers,,ZOT_dc9ec16d4c09,metadata_only,unverified,bibliographic_inventory_only_until_verified
,2019.0,Why China’s belt and road loans may not be the feared debt trap,webpage,GreatPowers,,ZOT_b30cc2af0ec5,metadata_only,unverified,bibliographic_inventory_only_until_verified
,2019.0,La oportunidad europea de 'Belt and Road': es posible llevar camiones a China en 12 días,webpage,GreatPowers,,ZOT_21f8e60bb46b,metadata_only,unverified,bibliographic_inventory_only_until_verified
,2019.0,"China’s Maritime ‘One Belt, One Road’ Initiative Under Scrutiny for Threats to US Security",webpage,GreatPowers,,ZOT_d50a47579b62,metadata_only,unverified,bibliographic_inventory_only_until_verified
Dastageer,2019.0,Uncertainty Looms Over Taliban Talks,webpage,taliban2,,ZOT_31e10c3a4e32,metadata_only,unverified,bibliographic_inventory_only_until_verified
Ansar,2019.0,US-China Political Tensions Affect UN Afghan Mission’s Mandate,webpage,BRI-EEU,,ZOT_648b0a4803ea,metadata_only,unverified,bibliographic_inventory_only_until_verified
The New Indian Express,2019.0,"China to host rare meeting between Afghan government, Taliban",webpage,southasia,,ZOT_e9fadcf312e1,metadata_only,unverified,bibliographic_inventory_only_until_verified
PTI,2019.0,"US, Russia, China, Pakistan urge Taliban to agree for ceasefire, begin talks with Afghan govt",webpage,taliban2,,ZOT_8004e89329be,metadata_only,unverified,bibliographic_inventory_only_until_verified
Times,2019.0,Russia Deploys S-300 Missile System Near Afghanistan for First Time,webpage,taliban2,,ZOT_dd44d162c44d,metadata_only,unverified,bibliographic_inventory_only_until_verified
strana.ua,2019.0,A $50 Billion Dead End: Why the Silk Road From Europe to China Bypassed Ukraine • СТАЛКЕР/ZONE,webpage,OBOR_train,,ZOT_df6dfef7bc16,metadata_only,unverified,bibliographic_inventory_only_until_verified
,2019.0,Ismail Khan Skeptical On Peace Jirga’s Outcomes,webpage,taliban,,ZOT_65099dc58b04,metadata_only,unverified,bibliographic_inventory_only_until_verified
,2019.0,What explains Lindsey Graham’s change of heart on Pakistan and Afghanistan?,webpage,taliban,,ZOT_d9f343739646,metadata_only,unverified,bibliographic_inventory_only_until_verified
Griffin,2019.0,"Russian Novatek signs MOUs with two Indian companies on LNG, gas | S&P Global Platts",webpage,russiapipelines,,ZOT_ce7be974b44b,metadata_only,unverified,bibliographic_inventory_only_until_verified
Hamidzada,2019.0,Central Asia's growing role in building peace and regional connectivity with Afghanistan,webpage,,,ZOT_9196319bd1bc,metadata_only,unverified,bibliographic_inventory_only_until_verified
FAO,2019.0,Strengthening food security and nutrition in South Asia,webpage,foodsecurity,,ZOT_a0c418d0eb2e,metadata_only,unverified,bibliographic_inventory_only_until_verified
,2019.0,A movement in Pakistan is dubbed the Pashtun Spring,webpage,pakistan,,ZOT_3e4eb59a3392,metadata_only,unverified,bibliographic_inventory_only_until_verified
,2019.0,پشتون تحفظ موومنٹ کے لیے مہلت ختم، فوجی ترجمان,webpage,pakistan,,ZOT_8ecd9cb55231,metadata_only,unverified,bibliographic_inventory_only_until_verified
Syed,2019.0,"Foreign spy agencies fund PTM, says army",webpage,pakistan,,ZOT_dbd11ce779bc,metadata_only,unverified,bibliographic_inventory_only_until_verified
Siddiqui,2019.0,Firebranding the Frontier: The Women of the Pashtun Tahaffuz Movement,webpage,pakistan,,ZOT_d0ec84a1f3fb,metadata_only,unverified,bibliographic_inventory_only_until_verified
Savchuk,2020.0,Ukraine as a Safe Haven for Jihadists,webpage,taliban2,,ZOT_13afdd4991ba,metadata_only,unverified,bibliographic_inventory_only_until_verified
Dinakar,2020.0,India’s ONGC adds to Burma’s Shwe gas investment,webpage,russiapipelines,,ZOT_56efce45ffd0,metadata_only,unverified,bibliographic_inventory_only_until_verified
Cordell,2020.0,Explainer: What Happened to Oil Prices and What Does it Mean for Russia?,webpage,centralAsia,,ZOT_1f300d61ebb4,metadata_only,unverified,bibliographic_inventory_only_until_verified
Abdi,2020.0,"Nayara Energy to invest Rs 6,100 crore to set-up 450 KTPA polypropylene plant at Vadinar - ET EnergyWorld",webpage,centralAsia,,ZOT_b526d435ed66,metadata_only,unverified,bibliographic_inventory_only_until_verified
RT.Com,2020.0,"Thanks, Brussels! Now Poland can have its own gas pipeline at EU taxpayers’ expense",webpage,centralAsia,,ZOT_fb6cde04b8f9,metadata_only,unverified,bibliographic_inventory_only_until_verified
UNCTADstat,2020.0,UNCTAD Data Center,webpage,centralAsia,,ZOT_5f04f8489e54,metadata_only,unverified,bibliographic_inventory_only_until_verified
Twitter@realDonaldTrump,2020.0,"Donald J. Trump on Twitter: ""Cuomo wants “all states to be treated the same.” But all states aren’t the same. Some are being hit hard by the Chinese Virus, some are being hit practically not at all. New York is a very big “hotspot”, West Virginia has, thus far, zero cases. Andrew, keep politics out of it...."" / Twitter",webpage,Geopolitics,,ZOT_603d204e150d,metadata_only,unverified,bibliographic_inventory_only_until_verified
BBCNews,2020.0,Afghan conflict: Taliban to resume attacking local forces after deal with US,webpage,taliban2,,ZOT_fb39328f7728,metadata_only,unverified,bibliographic_inventory_only_until_verified
TOLOnews.com,2020.0,US-Taliban Deal Has Secret Elements: Pompeo,webpage,taliban2,,ZOT_d4c1996b8656,metadata_only,unverified,bibliographic_inventory_only_until_verified
Ansar,2020.0,Abdullah’s Office Finalizes List for Negotiating Team,webpage,taliban2,,ZOT_01bfa8b2a6f0,metadata_only,unverified,bibliographic_inventory_only_until_verified
,2020.0,Taliban say will resume operations against Afghanistan forces,webpage,taliban2,,ZOT_b6a13ccef17f,metadata_only,unverified,bibliographic_inventory_only_until_verified
Connelly,2020.0,John Bolton slams ‘Obama-style’ deal between US and Taliban,webpage,Afghanistan,,ZOT_bbcf0701f4e8,metadata_only,unverified,bibliographic_inventory_only_until_verified
State.Gov,2020.0,Joint Declaration between the Islamic Republic of Afghanistan and the United States of America for Bringing Peace to Afghanistan,webpage,Afghanistan,,ZOT_c6d7713bb979,metadata_only,unverified,bibliographic_inventory_only_until_verified
,2020.0,"Robert J. O'Neill on Twitter: ""If you think the Taliban are tired of fighting, you’ve never been to Afghanistan."" / Twitter",webpage,taliban2,,ZOT_880cc864a80d,metadata_only,unverified,bibliographic_inventory_only_until_verified
Frogh,2020.0,"If the Taliban regain power, I could lose everything",webpage,taliban2,,ZOT_7972e3a25e46,metadata_only,unverified,bibliographic_inventory_only_until_verified
Lawrence,2020.0,US forces in Afghanistan strike ISIS during partial truce with Taliban,webpage,Afghanistan,,ZOT_ad0748669e28,metadata_only,unverified,bibliographic_inventory_only_until_verified
TOLO News,2020.0,"TOLOnews on Twitter: ""Chief Executive Abdullah Abdullah today has met with former president Hamid Karzai and former mujahideen leader Abdul Rab Rasoul Sayyaf and discussed the ""crisis after the election result and the way out,” Abdullah's office said. #Afghanistan https://t.co/MnF72MlY97"" / Twitter",webpage,afghan_elections,,ZOT_b322f2de6fe0,metadata_only,unverified,bibliographic_inventory_only_until_verified
Noor,2020.0,"Ata Mohammad Noor on Twitter: ""Met HE President @ashrafghani &amp; discussed the current situation, the ongoing peace talks &amp; the way forward. I emphasised on the formation of an inclusive govt. The president vowed that he is committed to forming an inclusive and broad govt. https://t.co/YHEUNnSjcF"" / Twitter",webpage,afghan_elections,,ZOT_c8ff394ae829,metadata_only,unverified,bibliographic_inventory_only_until_verified
Ariana News,2020.0,Abdullah Abdullah to take oath of office: Stability and Convergence,webpage,Afghanistan,,ZOT_0b873e754456,metadata_only,unverified,bibliographic_inventory_only_until_verified
,2020.0,UNAMA statement on announcements of reduced violence in Afghanistan,webpage,Afghanistan,,ZOT_6d6bd99069cd,metadata_only,unverified,bibliographic_inventory_only_until_verified
,2020.0,U.S. and Iran Increase Competition to Influence Afghanistan,webpage,Afghanistan,,ZOT_b2d4949bd558,metadata_only,unverified,bibliographic_inventory_only_until_verified
Tribune.com.pk,2020.0,Afghan electoral crisis,webpage,Afghanistan,,ZOT_5e718c1e037a,metadata_only,unverified,bibliographic_inventory_only_until_verified
,2020.0,The Jihadist Factor in Syria’s Idlib: A Conversation with Abu Muhammad al-Jolani,webpage,taliban2,,ZOT_780f9ce69e51,metadata_only,unverified,bibliographic_inventory_only_until_verified
Siddique,2020.0,Afghan Peace Process To Be Tested In Bridging Society,webpage,taliban2,,ZOT_7656f903c3a4,metadata_only,unverified,bibliographic_inventory_only_until_verified
Siddique,2020.0,Imminent Accord Includes ‘Safeguards’ For Afghan Peace Process,webpage,taliban2,,ZOT_695481fc0ded,metadata_only,unverified,bibliographic_inventory_only_until_verified
Browne,2020.0,Defense Secretary says start of reduction in violence period in Afghanistan 'is a moving date',webpage,taliban2,,ZOT_f061e7cfb875,metadata_only,unverified,bibliographic_inventory_only_until_verified
1TV Afghanistan,2020.0,"US, Taliban to sign deal on February 29 after 7-day violence reduction: reports",webpage,taliban2,,ZOT_50cf176bd41e,metadata_only,unverified,bibliographic_inventory_only_until_verified
1TV Afghanistan,2020.0,US Defense Secretary: Afghanistan will never again be home to international terrorists,webpage,taliban2,,ZOT_b2c91e5eaa0b,metadata_only,unverified,bibliographic_inventory_only_until_verified
1TV Afghanistan,2020.0,No possibility of uniting Afghanistan: Joe Biden,webpage,taliban2,,ZOT_d1e87d284ac7,metadata_only,unverified,bibliographic_inventory_only_until_verified
@sadat_hasina,2020.0,Great Achievement for Afghan Forces!,webpage,taliban2,,ZOT_84aa2b0aaa8f,metadata_only,unverified,bibliographic_inventory_only_until_verified
Ariana News,2020.0,Crackdown militants as US-Taliban peace talks go on,webpage,taliban2,,ZOT_4ffcdc766725,metadata_only,unverified,bibliographic_inventory_only_until_verified
Agence France-Presse,2020.0,China accuses Pompeo of ‘slander’ over Xinjiang comments,webpage,centralAsia,,ZOT_e1e6d925be25,metadata_only,unverified,bibliographic_inventory_only_until_verified
Khan,2020.0,Govt okays rules to regulate social media,webpage,Geopolitics,,ZOT_6449b522808c,metadata_only,unverified,bibliographic_inventory_only_until_verified
RFE/RFL,2020.0,Pompeo Urges Kazakhstan to Press China Over Xinjiang Crackdown,webpage,centralAsia,,ZOT_d0d824e1a7f0,metadata_only,unverified,bibliographic_inventory_only_until_verified
Associated Press,2020.0,"Pompeo Message in Europe, Central Asia Trip: Beware of China",webpage,centralAsia,,ZOT_0a0f63449b58,metadata_only,unverified,bibliographic_inventory_only_until_verified
Kietlinska,2020.0,"Pompeo in Europe, Central Asia Trip, Promotes Fair Economic Cooperation, Warns of China’s High Risk Business Practices",webpage,Geopolitics,,ZOT_4d4d7fceda3d,metadata_only,unverified,bibliographic_inventory_only_until_verified
Imamova,2020.0,"Pompeo, in Central Asia, Seeks to Counter China",webpage,centralAsia,,ZOT_44647ed4e7b5,metadata_only,unverified,bibliographic_inventory_only_until_verified
Lee,2020.0,"After NPR dust-up, Pompeo defends press freedom abroad",webpage,centralAsia,,ZOT_652c854b197e,metadata_only,unverified,bibliographic_inventory_only_until_verified
Eurasianet,2020.0,US faces headwinds pushing Central Asian integration,webpage,centralAsia,,ZOT_4fbd039c17fb,metadata_only,unverified,bibliographic_inventory_only_until_verified
Chloe,2020.0,"Pompeo in Europe, Central Asia Trip, Promotes Fair Economic Cooperation, Warns of China’s High Risk Business Practices",webpage,centralAsia,,ZOT_8085e4de65dd,metadata_only,unverified,bibliographic_inventory_only_until_verified
Lee,2020.0,"Pompeo message in Europe, Central Asia trip: Beware of China",webpage,centralAsia,,ZOT_4f94f5d37072,metadata_only,unverified,bibliographic_inventory_only_until_verified
Gul,2020.0,Afghan Taliban Urges Pompeo to Refrain from 'Blame-shifting',webpage,taliban2,,ZOT_6e45a0fdcf3b,metadata_only,unverified,bibliographic_inventory_only_until_verified
TOL,2020.0,Around the Bloc - 5 February - Transitions Online,webpage,centralAsia,,ZOT_03f55ebfec78,metadata_only,unverified,bibliographic_inventory_only_until_verified
Amiri,2020.0,Taliban Asks US to Clarify Stance: Sources,webpage,taliban2,,ZOT_9775fb5be2fc,metadata_only,unverified,bibliographic_inventory_only_until_verified
Siddique,2020.0,Former Spokesman’s Escape Highlights Pakistan’s Taliban Ties,webpage,taliban2,,ZOT_49db28868435,metadata_only,unverified,bibliographic_inventory_only_until_verified
George,2020.0,2 U.S. service members killed after coming under ‘direct fire’ in eastern Afghanistan,webpage,taliban2,,ZOT_a74756c7f907,metadata_only,unverified,bibliographic_inventory_only_until_verified
Lubold,2020.0,"U.S., Afghan Forces Come Under Fire in Eastern Afghanistan - WSJ",webpage,,,ZOT_e4dd14542a2f,metadata_only,unverified,bibliographic_inventory_only_until_verified
Browne,2020.0,Two US soldiers killed in Afghanistan attack identified,webpage,,,ZOT_cd9fda2ecc27,metadata_only,unverified,bibliographic_inventory_only_until_verified
Graziosi,2020.0,Former US drone operator says American military is 'worse than the Nazis',webpage,taliban2,,ZOT_25644c35dbaf,metadata_only,unverified,bibliographic_inventory_only_until_verified
LaPorta,2020.0,Exclusive: U.S. citizen kidnapped by Taliban group in Afghanistan,webpage,taliban2,,ZOT_edf94e2657dd,metadata_only,unverified,bibliographic_inventory_only_until_verified
Middle East Monitor,2020.0,CIA chief ‘behind Soleimani’s assassination’ killed in downed plane in Afghanistan,webpage,taliban2,,ZOT_a33f220ce7c6,metadata_only,unverified,bibliographic_inventory_only_until_verified
Al Jazeera News,2020.0,"Record 7,423 US bombs dropped in Afghanistan in 2019: Report",webpage,taliban2,,ZOT_904ac50b70af,metadata_only,unverified,bibliographic_inventory_only_until_verified
Schuster,2020.0,Ret. General Jack Keane: Stay in Afghanistan,webpage,taliban2,,ZOT_072a79f64620,metadata_only,unverified,bibliographic_inventory_only_until_verified
Budryk,2020.0,Pompeo: US wants 'demonstrable evidence' Taliban will reduce violence,webpage,taliban2,,ZOT_fe031cfe590b,metadata_only,unverified,bibliographic_inventory_only_until_verified
Rahimi,2020.0,"Taliban an ""Umbrella of Intl. Terrorism"" in Afghanistan: MoI",webpage,taliban2,,ZOT_b831eec63a77,metadata_only,unverified,bibliographic_inventory_only_until_verified
Choudhary,2020.0,China-Pakistan Economic Corridor is illegal: India - The Economic Times,webpage,southasia,,ZOT_92a44b78eac3,metadata_only,unverified,bibliographic_inventory_only_until_verified
IEA,2020.0,World Energy Balances,webpage,energy_statistics,,ZOT_dcbfb7657518,metadata_only,unverified,bibliographic_inventory_only_until_verified
AFP,2020.0,Afghans mark start of week-long partial truce amid isolated attacks,webpage,Afghanistan,,ZOT_1b8980396b52,metadata_only,unverified,bibliographic_inventory_only_until_verified
Chulkov,2020.0,Куда смотрит Пакистан: интересы страны в Центральной Азии,webpage,centralAsia,,ZOT_547012d00669,metadata_only,unverified,bibliographic_inventory_only_until_verified
sheharyar,2020.0,PM signs letter seeking $4.8b for trilateral rail project,webpage,centralAsia,,ZOT_90bd2ccc2eba,metadata_only,unverified,bibliographic_inventory_only_until_verified
OEC,2020.0,Refined Petroleum in India,webpage,energy_statistics,,ZOT_c7a04a7c1d72,metadata_only,unverified,bibliographic_inventory_only_until_verified
Taieb,2021.0,"Afghanistan, Iran to Expand Economic, Political Ties",webpage,taliban_twitter,,ZOT_504046b79822,metadata_only,unverified,bibliographic_inventory_only_until_verified
NATO,2021.0,"Mission of Ukraine to the North Atlantic Treaty Organization - Ukraine's participation in Alliance-led operations, missions, NATO Response Force and exercises",webpage,taliban2,,ZOT_46925eef698a,metadata_only,unverified,bibliographic_inventory_only_until_verified
OEC.World,2021.0,Uzbekistan (UZB) and Bangladesh (BGD) Trade,webpage,marina,,ZOT_e4eacb15eae7,metadata_only,unverified,bibliographic_inventory_only_until_verified
Tawfeeq,2021.0,Heavy clashes erupt between Taliban and anti-Taliban group in Afghanistan,webpage,taliban_twitter,,ZOT_917b4d79a0c5,metadata_only,unverified,bibliographic_inventory_only_until_verified
Gul,2021.0,"Pakistan PM Urges World to Support Taliban, Not Isolate It",webpage,taliban2,,ZOT_9c7f59f1e8e9,metadata_only,unverified,bibliographic_inventory_only_until_verified
cbsnews.com,2021.0,"Transcript: Michael Morell on ""Face the Nation,"" September 12, 2021",webpage,taliban_twitter,,ZOT_b999893c0645,metadata_only,unverified,bibliographic_inventory_only_until_verified
AlJazeera.Com,2021.0,Taliban: ‘No one wants a civil war’ in Afghanistan,webpage,taliban2,,ZOT_1b301d0cf54e,metadata_only,unverified,bibliographic_inventory_only_until_verified
Dixon,2021.0,Why Afghanistan’s growing chaos alarms leaders from Tajikistan to Russia,webpage,taliban2,,ZOT_147fd0419236,metadata_only,unverified,bibliographic_inventory_only_until_verified
Escobar,2021.0,Russia-China advance Asian roadmap for Afghanistan,webpage,taliban2,,ZOT_cdfe5779946b,metadata_only,unverified,bibliographic_inventory_only_until_verified
Crawford,2021.0,Afghanistan: 'End this failed mission' says former Afghan president Hamid Karzai as he blames US and its allies for rise in terrorism,webpage,taliban2,,ZOT_5c20810b565f,metadata_only,unverified,bibliographic_inventory_only_until_verified
Keyue,2021.0,China to serve as ‘mediator’ for regional security on Afghan issue during Wang Yi’s visit to Central Asia - Global Times,webpage,taliban2,,ZOT_94317d6674b7,metadata_only,unverified,bibliographic_inventory_only_until_verified
Chaudhary,2021.0,Narendra Modi: PM Modi proposes emergency covid-19 fund for Saarc nations - The Economic Times,webpage,securitycomplex,,ZOT_a76a7badc80d,metadata_only,unverified,bibliographic_inventory_only_until_verified
,2021.0,“Another Bonn-style conference”: A new plan to ‘fix’ the war and enable US troops to leave,webpage,Afghanistan,,ZOT_352a65196277,metadata_only,unverified,bibliographic_inventory_only_until_verified
TOLOnews.com,2021.0,Top US General: Afghans Need US Assistance to Combat Taliban,webpage,taliban2,,ZOT_2ead8c13223c,metadata_only,unverified,bibliographic_inventory_only_until_verified
Torfeh,2021.0,Antony Blinken's neo-colonial letter to Afghanistan,webpage,Afghanistan,,ZOT_88c947b092ce,metadata_only,unverified,bibliographic_inventory_only_until_verified
migrationdataportal.org,2021.0,Migration data in Southern Asia,webpage,environment,,ZOT_b283dbd3fa9c,metadata_only,unverified,bibliographic_inventory_only_until_verified
Kohari,2021.0,Clearing the air: India and Pakistan's battle to breathe,webpage,environment,,ZOT_e5247e3de454,metadata_only,unverified,bibliographic_inventory_only_until_verified
Zeeshan,2021.0,Could India join the Five Eyes?,webpage,twittergeopolitics2b,,ZOT_0721a749b3bc,metadata_only,unverified,bibliographic_inventory_only_until_verified
Miller,2021.0,"The Quad, AUKUS, and India’s Dilemmas",webpage,BRI-EEU,,ZOT_95641b8a24c6,metadata_only,unverified,bibliographic_inventory_only_until_verified
RT.Com,2022.0,"Cycle to 'annoy' Putin, Germans told",webpage,GreatPowers,,ZOT_263978435cbf,metadata_only,unverified,bibliographic_inventory_only_until_verified
Laskar,2022.0,"Osama bin Laden’s son visited Afghanistan in Oct, held meetings with Taliban: UN report",webpage,taliban_twitter,,ZOT_48236996b1ab,metadata_only,unverified,bibliographic_inventory_only_until_verified
UN Comtrade,2022.0,UN Comtrade: International Trade Statistics,webpage,energy_statistics,,ZOT_34512c309e1f,metadata_only,unverified,bibliographic_inventory_only_until_verified
World Integrated Trading Solution,2022.0,WITS Country Metadata,webpage,energy_statistics,,ZOT_7cf091666706,metadata_only,unverified,bibliographic_inventory_only_until_verified
Askew,2022.0,Fossil fuel emissions set to reach record high in 2022,webpage,environment,,ZOT_d369b4ec11ff,metadata_only,unverified,bibliographic_inventory_only_until_verified
Harper,2022.0,Is China reexporting Russian gas to Europe?,webpage,environment,,ZOT_2833e7c75916,metadata_only,unverified,bibliographic_inventory_only_until_verified
IQAIR,2022.0,Poor air quality from crop burning in India & Pakistan,webpage,environment,,ZOT_782b0d9e6fe1,metadata_only,unverified,bibliographic_inventory_only_until_verified
John,2022.0,"Jane Goodall Says ""Global Issues Wouldn't Be A Problem If Human Population Was 94% Lower""  DAVOS WEF",webpage,environment,,ZOT_a31e82d47cba,metadata_only,unverified,bibliographic_inventory_only_until_verified
WFP,2022.0,Afghanistan risks winter of famine after devastating year | World Food Programme,webpage,environment,,ZOT_bdc5b3888ff3,metadata_only,unverified,bibliographic_inventory_only_until_verified
WFP,2022.0,"Food crisis in Sri Lanka likely to worsen amid poor agricultural production, price spikes and ongoing economic crisis, FAO and WFP warn | World Food Programme",webpage,environment,,ZOT_bf09822cd770,metadata_only,unverified,bibliographic_inventory_only_until_verified
SDGF,2022.0,From MDGs to SDGs,webpage,environment,,ZOT_33523fff9b97,metadata_only,unverified,bibliographic_inventory_only_until_verified
FIORC,2022.0,Five Eyes Intelligence Oversight and Review Council (FIORC),webpage,twittergeopolitics2b,,ZOT_88c677672db7,metadata_only,unverified,bibliographic_inventory_only_until_verified
Al Jazeera News,2022.0,Former Trump adviser John Bolton admits to planning foreign coups,webpage,twittergeopolitics2b,,ZOT_2cb03be8463b,metadata_only,unverified,bibliographic_inventory_only_until_verified
Burna-Asefi,2022.0,The Trans-Afghan Railway Line: Back on Track?,webpage,centralAsia,,ZOT_ffd6cb3f72ae,metadata_only,unverified,bibliographic_inventory_only_until_verified
Uza.uz,2023.0,Prospects for developing freight transportation along the Trans-Afghan corridor discussed in Tashkent,webpage,taliban_twitter,,ZOT_ea44da2029d1,metadata_only,unverified,bibliographic_inventory_only_until_verified
Hakimi,2023.0,Iran Reaches Agreements With Afghanistan in Trade Development,webpage,taliban_twitter,,ZOT_0093d1e4d158,metadata_only,unverified,bibliographic_inventory_only_until_verified
Twitter@AbdulRehman0292,2023.0,"(2) Abdul Rehman Najam on X: ""Pakistan, Afghanistan &amp; Uzbekistan will sign an agreement today to build 760KM railway line to connect Kurram to Termez ✅✅ Rail is the cheapest form of transport, freight costs will decline by 40%. Delivery times will also reduce by five days. Expected completion in 2027. https://t.co/X300VKSZr1"" / X",webpage,taliban_twitter,,ZOT_d43dd157a857,metadata_only,unverified,bibliographic_inventory_only_until_verified
Teslova,2023.0,Russian intelligence chief accuses US of training Daesh/ISIS in Syria for attacks in Russia,webpage,taliban2,,ZOT_ab3c05707cc3,metadata_only,unverified,bibliographic_inventory_only_until_verified
ANI,2023.0,"India supplied 47,500 MT of wheat to Afghanistan since Taliban's takeover",webpage,taliban2,,ZOT_755705e2c9aa,metadata_only,unverified,bibliographic_inventory_only_until_verified
EoI. Gov.in,2023.0,India-Uzbekistan Relations,webpage,marina,,ZOT_e162d063ef8b,metadata_only,unverified,bibliographic_inventory_only_until_verified
mea.gov.in,2023.0,New Delhi Declaration of the Council of Heads of State of Shanghai Cooperation Organization,webpage,BRI-EEU,,ZOT_5cb6a16d793e,metadata_only,unverified,bibliographic_inventory_only_until_verified
Ziwen,2023.0,China announces land link with Taliban-controlled Afghanistan,webpage,BRI-EEU,,ZOT_4b27eeecb488,metadata_only,unverified,bibliographic_inventory_only_until_verified
,2023.0,"At SCO, India refuses to back China’s BRI: Why New Delhi continues to oppose mega project",webpage,BRI-EEU,,ZOT_6c644409d14b,metadata_only,unverified,bibliographic_inventory_only_until_verified
in.china-embassy.gov.cn,2023.0,Xi Jinping Holds Talks with President Shavkat Mirziyoyev of Uzbekistan,webpage,CPEC,,ZOT_23919177afd7,metadata_only,unverified,bibliographic_inventory_only_until_verified
Omirgazy,2023.0,"Kazakhstan and China Sign 47 Agreements Worth $ 22 Billion, as Tokayev Outlines Key Areas for Partnership",webpage,CPEC,,ZOT_39aeb1e9b83f,metadata_only,unverified,bibliographic_inventory_only_until_verified
Tan,2023.0,China's Xi pledges billions in loans to Central Asian nations,webpage,CPEC,,ZOT_158d29f5895a,metadata_only,unverified,bibliographic_inventory_only_until_verified
UNCTADstat,2023.0,Merchandise trade matrix,webpage,foodsecurity,,ZOT_89371b344210,metadata_only,unverified,bibliographic_inventory_only_until_verified
World Bank,2023.0,Combustible renewables and waste (% of total energy),webpage,southasia,,ZOT_82436a40a576,metadata_only,unverified,bibliographic_inventory_only_until_verified
India News,2023.0,"Exclusive: On Camera, 2 AM Drilling At 'Sinking' Joshimath Despite Ban",webpage,environment,,ZOT_417f4153f07f,metadata_only,unverified,bibliographic_inventory_only_until_verified
Uza.uz,2024.0,Cooperation between Uzbekistan and Afghanistan develops,webpage,taliban_twitter,,ZOT_e3f692f350be,metadata_only,unverified,bibliographic_inventory_only_until_verified
Khidirov,2024.0,Trans-Afghan Railway: A key project for regional cooperation and infrastructure development in Central and South Asia,webpage,taliban_twitter,,ZOT_dbc1fa646bf8,metadata_only,unverified,bibliographic_inventory_only_until_verified
Hakimi,2024.0,"Termez Trade Center Opens, Boosting Afghanistan-Central Asia Ties",webpage,taliban_twitter,,ZOT_e68a21ee97ee,metadata_only,unverified,bibliographic_inventory_only_until_verified
Amini,2024.0,$281M in Uzbekistan-Afghanistan Trade Reported for 1402,webpage,taliban_twitter,,ZOT_1369565e7bea,metadata_only,unverified,bibliographic_inventory_only_until_verified
Eurasianet,2024.0,Afghanistan reports sixfold increase in trade with Uzbekistan | Eurasianet,webpage,taliban_twitter,,ZOT_143a2460b6fb,metadata_only,unverified,bibliographic_inventory_only_until_verified
Qooyash,2024.0,"35 Investment, Trade Agreements Signed Between Afghanistan, Uzbekistan",webpage,taliban_twitter,,ZOT_4e96687858aa,metadata_only,unverified,bibliographic_inventory_only_until_verified
Railway Gazette International,2024.0,Turkmenistan – Afghanistan rail link to be extended,webpage,taliban_twitter,,ZOT_541b3699f809,metadata_only,unverified,bibliographic_inventory_only_until_verified
,2024.0,"Iran, Taliban Discuss ‘Joint Actions’ Against Israel",webpage,taliban2,,ZOT_b9eccea4cec1,metadata_only,unverified,bibliographic_inventory_only_until_verified
The Moscow Times,2024.0,"""The situation is favorable."" Taliban at the EEF called on Russian businesses to invest in Afghanistan",webpage,taliban2,,ZOT_7cc662d17897,metadata_only,unverified,bibliographic_inventory_only_until_verified
Faouzi,2024.0,Tajikistan Passes Bill to Ban Hijab Despite 98% Muslim Population,webpage,taliban2,,ZOT_4dd8ebebb651,metadata_only,unverified,bibliographic_inventory_only_until_verified
Deccan Herald,2024.0,"Russia now buying Indian stocks, govt securities, to address accumulation of rupees: Report",webpage,russiaindia,,ZOT_e93ab45d1a1a,metadata_only,unverified,bibliographic_inventory_only_until_verified
Business Standard,2024.0,"Govt officials, Russian dy minister attend India-Russia investment forum",webpage,russiaindia,,ZOT_05c115b827bf,metadata_only,unverified,bibliographic_inventory_only_until_verified
SCO Secretariat,2024.0,The 10th RATS SCO International Science and Practical Conference and the 2nd CIS Conference on Combating Terrorism and Extremism,webpage,CPEC,,ZOT_7a38d97279e2,metadata_only,unverified,bibliographic_inventory_only_until_verified
mfa_Pakistan,2024.0,Opening Remarks by the Prime Minister at Inauguration of the Ministerial Conference of Heart of Asia - Istanbul Process 09 December 2015,webpage,Afghanistan,,ZOT_ae05bfacdddb,metadata_only,unverified,bibliographic_inventory_only_until_verified
UzDaily,2024.0,Uzbekistan and UNODC discuss drug control and crime prevention in the region,webpage,taliban_twitter,,ZOT_83da1ffeaecd,metadata_only,unverified,bibliographic_inventory_only_until_verified
Soltani,2024.0,"Uzbekistan, Kyrgyzstan Urge Lifting Afghanistan From Isolation",webpage,taliban_twitter,,ZOT_ec5c72d692cf,metadata_only,unverified,bibliographic_inventory_only_until_verified
,2024.0,"UNODC Central Asia on X: ""Today, @oliverstolpe met with H.E. Ismatulla Irgashev, the Special Representative of the President of Uzbekistan for Afghanistan, to discuss a joint UNODC-Uzbekistan partnership to address illicit drugs and crime in the country and the region. https://t.co/OXCTO2yX1a"" / X",webpage,,,ZOT_66a6e5670344,metadata_only,unverified,bibliographic_inventory_only_until_verified
Hussain,2024.0,‘Climate diplomacy’: Can smog bring India and Pakistan together? | Environment News | Al Jazeera,webpage,taliban_twitter,,ZOT_19162a9bfaff,metadata_only,unverified,bibliographic_inventory_only_until_verified
Pajhwok Monitor,2024.0,Iran walls off part of border with Afghanistan – Pajhwok Afghan News,webpage,taliban_twitter,,ZOT_e8804fc8d112,metadata_only,unverified,bibliographic_inventory_only_until_verified
Associated Press,2024.0,"Attack on an Iranian police convoy kills at least 10 officers; no suspects have been identified, authorities say - CBS News",webpage,taliban_twitter,,ZOT_2ac44687991c,metadata_only,unverified,bibliographic_inventory_only_until_verified
Soltani,2024.0,Afghanistan to Send Delegation to Iran for Migrant Crisis Resolution,webpage,taliban_twitter,,ZOT_3a7fd4603fa5,metadata_only,unverified,bibliographic_inventory_only_until_verified
Uza.uz,2024.0,"Without consolidation of efforts, it is impossible to achieve effective results",webpage,taliban_twitter,,ZOT_8ea3bede2fc4,metadata_only,unverified,bibliographic_inventory_only_until_verified
Farivar,2024.0,Pakistan's banned PTM: A movement for Pashtun rights,webpage,pakistan,,ZOT_daa944466bff,metadata_only,unverified,bibliographic_inventory_only_until_verified
Azizullah Khan,2024.0,پشتون قومی جرگہ یا ’ریاست مخالف سرگرمیاں‘: پی ٹی ایم پر حکومتی پابندی کی وجوہات کیا ہیں؟,webpage,pakistan,,ZOT_1be1cd21791d,metadata_only,unverified,bibliographic_inventory_only_until_verified
,2024.0,"(1) Pashtun National Jirga (پښتون قامي جرګه/عدالت) on X: ""Do you see how ridiculous it is to declare #PTM a proscribed organisation? How can you ban millions of Pashtuns? PTM is the Pashtun people! PTM is the new awakening of Pashtuns. #PTMZindabad #PashtunNationalCourt11October https://t.co/5D7yd9hFGd"" / X",webpage,pakistan,,ZOT_e095c5a4e4f5,metadata_only,unverified,bibliographic_inventory_only_until_verified
Donnellon-May,2025.0,China’s rail ambitions in Afghanistan may reshape Eurasia,webpage,CPEC,,ZOT_5309b9fa6084,metadata_only,unverified,bibliographic_inventory_only_until_verified
,2025.0,"Russian, Uzbek Experts To Design Trans-Afghan Railway Project",webpage,Afghanistan,,ZOT_676a0f73f41a,metadata_only,unverified,bibliographic_inventory_only_until_verified
Laan,2025.0,Kazakhstan may put half a billion dollars on the table for Afghan railway,webpage,Afghanistan,,ZOT_7b04a4f627d5,metadata_only,unverified,bibliographic_inventory_only_until_verified
Najam,2025.0,PTM: from advocacy to divisive politics,webpage,pakistan,,ZOT_6134dfc2db4c,metadata_only,unverified,bibliographic_inventory_only_until_verified
Noor,2025.0,Rinse and repeat,webpage,pakistan,,ZOT_51204e47a93b,metadata_only,unverified,bibliographic_inventory_only_until_verified
,,Azadi Newsletter Snippet for Regions-GR-1868,webpage,,,ZOT_41e81d42b6e9,metadata_only,unverified,bibliographic_inventory_only_until_verified
,,Iran Formalizes Ties with the Taliban | The Washington Institute,webpage,taliban2,,ZOT_5c7108cf805f,metadata_only,unverified,bibliographic_inventory_only_until_verified
uz,,ITFC launches Trade Connect Central Asia+ program at third Tashkent International Investment Forum,webpage,taliban2,,ZOT_f3ba79d4537d,metadata_only,unverified,bibliographic_inventory_only_until_verified
uz,,Taliban strikes deal with Kazakhstan and Turkmenistan to build logistics hub in war-torn Afghanistan,webpage,taliban2,,ZOT_4b6cb58e6051,metadata_only,unverified,bibliographic_inventory_only_until_verified
uz,,"Turkmenistan, Taliban seal agreements for energy and transport projects",webpage,taliban2,,ZOT_e5e5024f446e,metadata_only,unverified,bibliographic_inventory_only_until_verified
,,Bilateral   : India-Uzbekistan Relations,webpage,marina,,ZOT_218f64463982,metadata_only,unverified,bibliographic_inventory_only_until_verified
www.ETEnergyworld.com,,India plans to set up LNG terminal in Myanmar - ET EnergyWorld,webpage,russiapipelines,,ZOT_4d2aaa4e063d,metadata_only,unverified,bibliographic_inventory_only_until_verified
,,JOHN PILGER: Another Hiroshima is coming unless we stop it now,webpage,realism,,ZOT_ea1300a533af,metadata_only,unverified,bibliographic_inventory_only_until_verified
,,U.S. Support for the New Silk Road,webpage,centralAsia,,ZOT_2145803df560,metadata_only,unverified,bibliographic_inventory_only_until_verified
,,Kazakhstan agrees to supply uranium to India - World Nuclear News,webpage,centralAsia,,ZOT_01d45ed695a4,metadata_only,unverified,bibliographic_inventory_only_until_verified
,,Joint Statement on the outcome of the First meeting of the Foreign Ministers of Dialogue “India – Central Asia” with participation of Afghanistan,webpage,centralAsia,,ZOT_993970315131,metadata_only,unverified,bibliographic_inventory_only_until_verified
,,India-Central Asia business council launched,webpage,centralAsia,,ZOT_c7be723081eb,metadata_only,unverified,bibliographic_inventory_only_until_verified
,,In the Shadow of the Belt and Road,webpage,centralAsia,,ZOT_03720d903c6b,metadata_only,unverified,bibliographic_inventory_only_until_verified
,,India Joins the Ashgabat Agreement,webpage,centralAsia,,ZOT_2fac9f5aae6e,metadata_only,unverified,bibliographic_inventory_only_until_verified
,,"Afghanistan: Ghani signs decree to release 1,500 Taliban fighters",webpage,taliban2,,ZOT_bbc1f6576c1d,metadata_only,unverified,bibliographic_inventory_only_until_verified
,,Esper: U.S. to start initial troop pullback from Afghanistan,webpage,taliban2,,ZOT_527a22dff406,metadata_only,unverified,bibliographic_inventory_only_until_verified
,,"Trump Urges Afghans to ""Seize this Opportunity"" for Peace",webpage,afghan_elections,,ZOT_14463368e926,metadata_only,unverified,bibliographic_inventory_only_until_verified
,,"One Killed in Kabul Blast, Taliban Denies Involvement",webpage,afghan_elections,,ZOT_c80d97000348,metadata_only,unverified,bibliographic_inventory_only_until_verified
,,"21 Soldiers, 9 Civilians Killed Since Start of RIV: Afghan Govt",webpage,afghan_elections,,ZOT_65801fd766b7,metadata_only,unverified,bibliographic_inventory_only_until_verified
,,Abdullah Bars Electoral Leaders from Leaving Afghanistan,webpage,afghan_elections,,ZOT_2950a85b93a9,metadata_only,unverified,bibliographic_inventory_only_until_verified
,,"Wang Yu 王愚 on Twitter: ""Chinese Foreign Ministry Spokesperson：China noted that the Independent Election Commission announced President Ghani's victory. Afghanistan is our friendly neighbor. China respects the procedure of presidential election in Afghanistan, https://t.co/Z7ETwfKIfY"" / Twitter",webpage,afghan_elections,,ZOT_464283156139,metadata_only,unverified,bibliographic_inventory_only_until_verified
,,"1TVNewsAF on Twitter: ""ولسمشر غني، نن له غرمې مخکې له استاد عبد رب الرسول سیاف او مخکیني ولسمشر حامد کرزي سره وکتل. ارګ په یوه اعلامیه کې ویلي چې په دې لیدنه کې د هیواد پر روان وضعیت او سولې بهیر باندې بحث شوی دی. https://t.co/RjaZ0RGrUI"" / Twitter",webpage,afghan_elections,,ZOT_49067acb9ad4,metadata_only,unverified,bibliographic_inventory_only_until_verified
,,"Hekmatyar Warns against Attempts to Harm Peace, Urges Consensus",webpage,Afghanistan,,ZOT_908c3b1ed1fa,metadata_only,unverified,bibliographic_inventory_only_until_verified
,,8 Taliban Clashes Reported on First Day of Reduced Violence Pact,webpage,taliban2,,ZOT_70d42339d635,metadata_only,unverified,bibliographic_inventory_only_until_verified
,,The Afghan President (To Be) Who Lived A Secret Life In A Czechoslovak Forest,webpage,Afghanistan,,ZOT_3d13aa4c8947,metadata_only,unverified,bibliographic_inventory_only_until_verified
,,Reorganisation of J&K internal affair: India slams China over Kashmir statement | India News - Times of India,webpage,OBOR_train,,ZOT_3ccac4abb2db,metadata_only,unverified,bibliographic_inventory_only_until_verified
,,Daikundi leaders call for communities across Afghanistan to support peace - Afghanistan,webpage,taliban,,ZOT_b873f550a1c6,metadata_only,unverified,bibliographic_inventory_only_until_verified
,,China’s Belt and Road Reaches Latin America,webpage,BRI-EEU,,ZOT_0b6789128ba3,metadata_only,unverified,bibliographic_inventory_only_until_verified
,,US Officials Quit NATO Envoys’ Meeting Over Mohib’s Presence,webpage,taliban,,ZOT_bd9c9d8e2abf,metadata_only,unverified,bibliographic_inventory_only_until_verified
,,No Syria-type pullout planned for Afghanistan: Pentagon chief,webpage,taliban,,ZOT_351a7f94cee1,metadata_only,unverified,bibliographic_inventory_only_until_verified
,,West Remains 'Committed To Achieving Peace' In Afghanistan As Taliban Says Talks To Be Held In China,webpage,taliban,,ZOT_146a411d87be,metadata_only,unverified,bibliographic_inventory_only_until_verified
,,"Taliban Demand Swap of Haqqani Member, Others for Western Hostages",webpage,taliban,,ZOT_97991b209216,metadata_only,unverified,bibliographic_inventory_only_until_verified
MENAFN,,Afghanistan- Authority on Durand Line Lies with People: Sediqi,webpage,taliban,,ZOT_2c174aa49a5a,metadata_only,unverified,bibliographic_inventory_only_until_verified
,,Former US ambassador to Afghanistan on America's path forward in the region,webpage,CICA,,ZOT_46ccb6a6bdb1,metadata_only,unverified,bibliographic_inventory_only_until_verified
,,Pakistan censures Afghanistan remarks on Durand Line | Pakistan Today,webpage,taliban,,ZOT_596e748c07dd,metadata_only,unverified,bibliographic_inventory_only_until_verified
,,US Inspector: ‘Sustainable Peace in Afghanistan’ Depends on Careful Reintegration of Fighters,webpage,taliban,,ZOT_519bc8e1c108,metadata_only,unverified,bibliographic_inventory_only_until_verified
,,"Taliban Says ""Americans Will Suffer More"" For Cancelling Talks",webpage,taliban,,ZOT_b68b53d37dba,metadata_only,unverified,bibliographic_inventory_only_until_verified
India News,,Pulwama terror attack: Ajmer Sharif Dargah chief asks Centre to not allow Pakistanis to visit the shrine,webpage,dargah_sharif,,ZOT_b1fe30ef6f2c,metadata_only,unverified,bibliographic_inventory_only_until_verified
PTI,,Ajmer Sharif chief asks govt to not allow Pakistani devotees to visit shrine after Pulwama attack,webpage,dargah_sharif,,ZOT_adf80df1393f,metadata_only,unverified,bibliographic_inventory_only_until_verified
Bezhan,,"Draft U.S.-Taliban Deal 'Very Dangerous, Damaging' To Afghanistan, Ex-Envoys Say",webpage,taliban,,ZOT_f0608cec9a94,metadata_only,unverified,bibliographic_inventory_only_until_verified
Rempfer,,"In Afghanistan, is this a peace deal — or terms of surrender?",webpage,taliban,,ZOT_53139188e2b7,metadata_only,unverified,bibliographic_inventory_only_until_verified
WashingtonPost,,Opinion | The Trump administration’s tentative deal with the Taliban could return Afghanistan to chaos,webpage,taliban,,ZOT_ce197813ec07,metadata_only,unverified,bibliographic_inventory_only_until_verified
,,Atmar agrees over semi-presidential system: Qanoni,webpage,taliban,,ZOT_3f12bc0181a8,metadata_only,unverified,bibliographic_inventory_only_until_verified
,,Can China Turn the Middle of Nowhere Into the Center of the World Economy? - The New York Times,webpage,BRI-EEU,,ZOT_0c891b802574,metadata_only,unverified,bibliographic_inventory_only_until_verified
,,How Asia could be the winner in the US and China's Belt and Road race | World Economic Forum,webpage,BRI-EEU,,ZOT_0fb4f3d21178,metadata_only,unverified,bibliographic_inventory_only_until_verified
,,Why the New Silk Roads Terrify Washington - Global ResearchGlobal Research - Centre for Research on Globalization,webpage,BRI-EEU,,ZOT_e9566f3da743,metadata_only,unverified,bibliographic_inventory_only_until_verified
,,"China’s ‘Belt and Road Initiative’: after five years, is the bloom off the rose? | South China Morning Post",webpage,BRI-EEU,,ZOT_04c020144683,metadata_only,unverified,bibliographic_inventory_only_until_verified
,,China’s ‘Belt and Road’ Plan in Pakistan Takes a Military Turn - The New York Times,webpage,BRI-EEU,,ZOT_fefbc78f1460,metadata_only,unverified,bibliographic_inventory_only_until_verified
,,Bribery Trial Spotlights China’s ‘Belt and Road’ - WSJ,webpage,BRI-EEU,,ZOT_5fb629a424b1,metadata_only,unverified,bibliographic_inventory_only_until_verified
,,Protest Calls for China’s Belt and Road Agreement With Victorian Labor Govt to Be Cancelled,webpage,BRI-EEU,,ZOT_50e1107f0bf2,metadata_only,unverified,bibliographic_inventory_only_until_verified
,,Understanding the Belt & Road | Kontinentalist,webpage,BRI-EEU,,ZOT_64a77f5e490d,metadata_only,unverified,bibliographic_inventory_only_until_verified
,,Nepal in 'China's Belt and Road' - Aarthiknews:: A leading business & economic news portal from Nepal,webpage,BRI-EEU,,ZOT_3f3174fc2964,metadata_only,unverified,bibliographic_inventory_only_until_verified
,,China’s Belt and Road initiative: a Marshall Plan in reverse – Alternet.org,webpage,BRI-EEU,,ZOT_83187f29b60d,metadata_only,unverified,bibliographic_inventory_only_until_verified
Eco-Business,,China’s Belt and Road Initiative will make or break global climate fight,webpage,BRI-EEU,,ZOT_12d34cbe50b1,metadata_only,unverified,bibliographic_inventory_only_until_verified
,,China to host second Belt and Road forum in April 2019 | gbtimes.com,webpage,BRI-EEU,,ZOT_fa2d9a56f4b3,metadata_only,unverified,bibliographic_inventory_only_until_verified
,,"Business leaders go back to school for insights into China's Belt and Road Initiative, Business News & Top Stories - The Straits Times",webpage,BRI-EEU,,ZOT_6d9e1da14dcb,metadata_only,unverified,bibliographic_inventory_only_until_verified
,,"Forum held in London to discuss Belt and Road, green finance",webpage,BRI-EEU,,ZOT_950b6fc1f4d8,metadata_only,unverified,bibliographic_inventory_only_until_verified
,,"Splash columnist launches Belt, Road book - Splash 247",webpage,BRI-EEU,,ZOT_6d841974b6e3,metadata_only,unverified,bibliographic_inventory_only_until_verified
,,"Xi welcomes Ecuador to help build Belt, Road - Chinadaily.com.cn",webpage,BRI-EEU,,ZOT_f3ec252b01c7,metadata_only,unverified,bibliographic_inventory_only_until_verified
,,How Asia Fell Out of Love With China’s Belt and Road Initiative - Bloomberg,webpage,BRI-EEU,,ZOT_45f578068a05,metadata_only,unverified,bibliographic_inventory_only_until_verified
,,The rise and fall of a Belt and Road billionaire - CNN.com,webpage,BRI-EEU,,ZOT_08f3ca71d201,metadata_only,unverified,bibliographic_inventory_only_until_verified
,,Panama awards China US$1.4 billion to build bridge for Belt and Road Initiative | Hong Kong Free Press HKFP,webpage,BRI-EEU,,ZOT_752d12bf790c,metadata_only,unverified,bibliographic_inventory_only_until_verified
,,Sultanate keen on joining China’s Silk Road initiative - Times Of Oman,webpage,BRI-EEU,,ZOT_0ac62c14a90b,metadata_only,unverified,bibliographic_inventory_only_until_verified
,,How China’s Belt and Road Initiative can extend its reach to the edge of the European Union | South China Morning Post,webpage,BRI-EEU,,ZOT_4becf29dd9cf,metadata_only,unverified,bibliographic_inventory_only_until_verified
,,The clouds gathering around China's Belt and Road,webpage,BRI-EEU,,ZOT_83bcde5d8f96,metadata_only,unverified,bibliographic_inventory_only_until_verified
,,China sees Saudi Arabia as important partner in Belt and Road construction: Chinese FM - Xinhua | English.news.cn,webpage,BRI-EEU,,ZOT_e94bba1dda0b,metadata_only,unverified,bibliographic_inventory_only_until_verified
Diplomat,,TPP’s Regulatory Capitalism and China’s Belt and Road Challenges,webpage,BRI-EEU,,ZOT_0a074384334d,metadata_only,unverified,bibliographic_inventory_only_until_verified
,,Will EU Block China Economic Silk Road,webpage,BRI-EEU,,ZOT_5842790520a8,metadata_only,unverified,bibliographic_inventory_only_until_verified
,,"Chinese FM: China, Portugal important partners in building Belt and Road - Xinhua | English.news.cn",webpage,BRI-EEU,,ZOT_ee67036065a0,metadata_only,unverified,bibliographic_inventory_only_until_verified
,,'Father of the Taliban' is assassinated in Pakistan | Daily Mail Online,webpage,taliban,,ZOT_37b2a412c570,metadata_only,unverified,bibliographic_inventory_only_until_verified
,,"US ‘war on terror’ claimed half a million lives in Afghanistan, Pakistan & Iraq – study",webpage,taliban,,ZOT_79d5938d187e,metadata_only,unverified,bibliographic_inventory_only_until_verified
,,Muslim cleric known as 'Father of the Taliban' killed in Pakistan,webpage,taliban,,ZOT_ac7964aa3a55,metadata_only,unverified,bibliographic_inventory_only_until_verified
,,US finally accepts Afghan Taliban demand of troops withdrawal from Afghanistan,webpage,taliban,,ZOT_e373bf910023,metadata_only,unverified,bibliographic_inventory_only_until_verified
,,Taliban greets Pentagon's withdrawal of troops from Afghanistan with cries of victory,webpage,taliban,,ZOT_cda997acd36d,metadata_only,unverified,bibliographic_inventory_only_until_verified
,,Taliban talks: Will negotiations lead to peace in Afghanistan? - BBC News,webpage,taliban,,ZOT_33ed040b6d1e,metadata_only,unverified,bibliographic_inventory_only_until_verified
,,Trump Asks Pakistan PM For Help With Afghan Peace Talks,webpage,taliban,,ZOT_205b105b388e,metadata_only,unverified,bibliographic_inventory_only_until_verified
Afghanistan,,Taliban envoys travel to Pakistan to consult with leadership over peace talks,webpage,taliban,,ZOT_7085848b4b13,metadata_only,unverified,bibliographic_inventory_only_until_verified
,,Italy-Kazakhstan: Cremonini investments a game-changer for Agribusiness,webpage,kazakhitaly,,ZOT_04dbbfb4583e,metadata_only,unverified,bibliographic_inventory_only_until_verified
,,Italy’s Eni Gets 50% Stake In Kazakhstan Oilfield,webpage,kazakhitaly,,ZOT_ee3ac06ac75b,metadata_only,unverified,bibliographic_inventory_only_until_verified
,,Kazakhstan - International - Analysis - U.S. Energy Information Administration (EIA),webpage,kazakhitaly,,ZOT_81ec42ffa772,metadata_only,unverified,bibliographic_inventory_only_until_verified
Diplomat,,Kazakhstan and Italy Sign $500 Million in Deals,webpage,kazakhitaly,,ZOT_88a8cb51f572,metadata_only,unverified,bibliographic_inventory_only_until_verified
,,President Ghani Inaugurates Lapis Lazuli Corridor,webpage,Afghanistan,,ZOT_94f7392df8e3,metadata_only,unverified,bibliographic_inventory_only_until_verified
Shepard,,The Western Europe-Western China Highway Is Coming Alive In Kazakhstan,webpage,OBOR_train,,ZOT_7a6eda273122,metadata_only,unverified,bibliographic_inventory_only_until_verified
,,The New Silk Road Project — The Project,webpage,OBOR_train,,ZOT_4c057416ab44,metadata_only,unverified,bibliographic_inventory_only_until_verified
,,National Climate Assessment: 3 takeaways - Vox,webpage,wordpress_blog,,ZOT_115be46f07de,metadata_only,unverified,bibliographic_inventory_only_until_verified
,,Trump’s Iran sanctions: Which countries are exempt from crackdown?,webpage,wordpress_blog,,ZOT_9ac1a7a4a4b1,metadata_only,unverified,bibliographic_inventory_only_until_verified
,,"Iran sanctions: Trump administration exempts eight countries, including China, from new penalties",webpage,wordpress_blog,,ZOT_35a0bc897d7c,metadata_only,unverified,bibliographic_inventory_only_until_verified
,,Trade war with US pushes China to sweeten relations with India,webpage,wordpress_blog,,ZOT_4c6817b088b4,metadata_only,unverified,bibliographic_inventory_only_until_verified
,,China-India rivalry grows over infrastructure projects,webpage,wordpress_blog,,ZOT_b3b540f33f29,metadata_only,unverified,bibliographic_inventory_only_until_verified
Sputnik,,"As Russia, China, India Remapping Eurasia, US Mulls Over Military Plans - Author",webpage,wordpress_blog,,ZOT_df882a32d61f,metadata_only,unverified,bibliographic_inventory_only_until_verified
,,"China, India reach important consensus on boundary issues: FM - Xinhua | English.news.cn",webpage,wordpress_blog,,ZOT_865e0b6b2e4e,metadata_only,unverified,bibliographic_inventory_only_until_verified
Ramani,,Russia’s Diplomatic Involvement in Afghanistan,webpage,taliban,,ZOT_a7dfc2ed85e4,metadata_only,unverified,bibliographic_inventory_only_until_verified
,,Afghanistan peace conference kicks off in Moscow,webpage,taliban,,ZOT_883db2602908,metadata_only,unverified,bibliographic_inventory_only_until_verified
,,Reforms to be brought in all sectors of Pakistan's socio-economic development after PM's visit to China - CPEC Latest News,webpage,CPEC,,ZOT_101a187fd66f,metadata_only,unverified,bibliographic_inventory_only_until_verified
,,Taliban Floggings Hint At Crackdown On Smartphones,webpage,taliban,,ZOT_0da9195ce5ef,metadata_only,unverified,bibliographic_inventory_only_until_verified
Diplomat,,"Managed Instability: Iran, the Taliban, and Afghanistan",webpage,taliban,,ZOT_0fc4070c23f1,metadata_only,unverified,bibliographic_inventory_only_until_verified
,,"Political parties, candidates react to presidential vote delay",webpage,taliban,,ZOT_2bae900ff0bd,metadata_only,unverified,bibliographic_inventory_only_until_verified
,,'From One Grave To Another': Afghan Hazara Find Little Solace In Escape,webpage,taliban,,ZOT_ec7d84407d2c,metadata_only,unverified,bibliographic_inventory_only_until_verified
,,Afghan Taliban Wants What It Hasn't Been Able To Hold: Hazara Regions,webpage,taliban,,ZOT_6123b95adf9b,metadata_only,unverified,bibliographic_inventory_only_until_verified
,,Moscow shows it’s back in the ‘Great Game’ by hosting Taliban-Afghan peace talks,webpage,taliban,,ZOT_0ec9858a6a37,metadata_only,unverified,bibliographic_inventory_only_until_verified
Schwemlein,,What Malaysia and Pakistan Could Teach Both China and the U.S. About the Belt and Road Initiative,webpage,CPEC,,ZOT_8217c2e28f3f,metadata_only,unverified,bibliographic_inventory_only_until_verified
,,OPINION: Pakistani-Chinese Naval Capabilities A Growing Threat,webpage,CPEC,,ZOT_aace1e2ef255,metadata_only,unverified,bibliographic_inventory_only_until_verified
,,Economic Contribution of Ports to the Local Economies in Korea - ScienceDirect,webpage,economicglobalism,,ZOT_124970cf5671,metadata_only,unverified,bibliographic_inventory_only_until_verified
,,‘Peculiar move’: Merkel lashes out at new US anti-Russia sanctions,webpage,oilrussiachina,,ZOT_11f77eb8c7f3,metadata_only,unverified,bibliographic_inventory_only_until_verified
Shtraks,,"China’s One Belt, One Road Initiative and the Sino-Russian Entente",webpage,economicglobalism,,ZOT_52b8c70be93b,metadata_only,unverified,bibliographic_inventory_only_until_verified
,,Russia Direct Report: 'Crossing the bridge to the Far East' | Russia Direct,webpage,economicglobalism,,ZOT_6fba7f5ff24e,metadata_only,unverified,bibliographic_inventory_only_until_verified
,,"Press review: Russia, China to push ties at Beijing forum and US not joining Normandy Four",webpage,economicglobalism,,ZOT_9fe262da8097,metadata_only,unverified,bibliographic_inventory_only_until_verified
,,Moscow News.Net - Russia Seeks Investment Trade Links on China New Silk Road,webpage,economicglobalism,,ZOT_6833b4e6a52c,metadata_only,unverified,bibliographic_inventory_only_until_verified
,,China: Xi Jinping's ‘One Belt One Road’ Project Fizzles | Time.com,webpage,economicglobalism,,ZOT_70afda642c49,metadata_only,unverified,bibliographic_inventory_only_until_verified
,,China Launches First Harbin-Hamburg Freight Train,webpage,OBOR_train,,ZOT_a8ab6f1cafe2,metadata_only,unverified,bibliographic_inventory_only_until_verified
Welle (www.dw.com),,Russia's Gazprom starts building TurkStream gas pipeline under Black Sea | News | DW | 07.05.2017,webpage,newspaper,,ZOT_c447e4781ef8,metadata_only,unverified,bibliographic_inventory_only_until_verified
Welle (www.dw.com),,"US sanctions bill on Russia flawed by lack of coordination with Europe, says analyst | World | DW | 16.06.2017",webpage,newspaper,,ZOT_8893149f8726,metadata_only,unverified,bibliographic_inventory_only_until_verified
Welle (www.dw.com),,Nord Stream 2 financing takes shape | Business | DW | 24.04.2017,webpage,newspaper,,ZOT_e1c9637ca460,metadata_only,unverified,bibliographic_inventory_only_until_verified
Welle (www.dw.com),,EU to cut gas dependency on Russia with Israel pipeline | Business | DW | 03.04.2017,webpage,newspaper,,ZOT_3674a8140b94,metadata_only,unverified,bibliographic_inventory_only_until_verified
Welle (www.dw.com),,"Russia, Turkey sign gas pipeline deal, talk Syria | News | DW | 10.10.2016",webpage,newspaper,,ZOT_759948171f94,metadata_only,unverified,bibliographic_inventory_only_until_verified
Sputnik,,"All Aboard! Russia Builds Bridge to China, Connects With 'New Silk Road'",webpage,OBOR_train,,ZOT_fc226c8bb2fc,metadata_only,unverified,bibliographic_inventory_only_until_verified
,,European Commission - PRESS RELEASES - Press release - Investment Plan for Europe goes global: China announces its contribution to #investEU,webpage,OBOR_train,,ZOT_ddda36833451,metadata_only,unverified,bibliographic_inventory_only_until_verified
,,Full Text: List of Outcomes of the 19th China-EU Summit - Xinhua | English.news.cn,webpage,OBOR_train,,ZOT_0efb7fb4ba08,metadata_only,unverified,bibliographic_inventory_only_until_verified
Hon,,Democracy: A Western tool for domination - Global Times,webpage,socialmedia,,ZOT_9ad6e61fdd3d,metadata_only,unverified,bibliographic_inventory_only_until_verified
,,Taliban vs. Taliban clash in Afghanistan’s west leaves 40 dead,webpage,taliban,,ZOT_6f539b1a1b3c,metadata_only,unverified,bibliographic_inventory_only_until_verified
,,Taliban Using Jihadist Textbooks…Supplied by the U.S.,webpage,taliban,,ZOT_8d6ed42b260e,metadata_only,unverified,bibliographic_inventory_only_until_verified
,,"After 17 years of war, top US commander in Afghanistan admits Taliban cannot be defeated",webpage,taliban,,ZOT_985f093ab6bb,metadata_only,unverified,bibliographic_inventory_only_until_verified
,,"SIGAR Inspector General: Taliban Controls Most Afghanistan - Politics News, Asia News - EADaily",webpage,taliban,,ZOT_9b8fbed87eaa,metadata_only,unverified,bibliographic_inventory_only_until_verified
,,"Maulana Sami Ul-Haq, 'Father Of The Taliban,' Stabbed To Death",webpage,taliban,,ZOT_008245d9d036,metadata_only,unverified,bibliographic_inventory_only_until_verified
,,"Sami ul Haq: The ‘Father of the Taliban’, Radical Islamism and Jihad, Ali Mustafa, New Age Islam",webpage,taliban,,ZOT_2119be3aa709,metadata_only,unverified,bibliographic_inventory_only_until_verified
,,الحقیقہ میگزین انٹرویو تحریک طالبان پاکستان (ٹی ٹی پی) کمانڈر عدنان رشید: 'جلد ہی پاکستان ایک شام کی طرح صورتحال میں بدل جائے گا',webpage,taliban,,ZOT_41a6b9fc9e4e,metadata_only,unverified,bibliographic_inventory_only_until_verified
News,,"Taliban Attack Farah, Killing Dozens of Afghan Security Forces",webpage,taliban,,ZOT_49a71b745d38,metadata_only,unverified,bibliographic_inventory_only_until_verified
,,Taliban talks: Russia hosts talks between militants and Afghan envoys - The Washington Post,webpage,taliban,,ZOT_4aea8bae5657,metadata_only,unverified,bibliographic_inventory_only_until_verified
,,Transcript of speech delivered by delegation of Islamic Emirate at Moscow Conference - JustPaste.it,webpage,taliban,,ZOT_ac742f02e334,metadata_only,unverified,bibliographic_inventory_only_until_verified
Awan,,Moscow format: India reaches out to the Taliban,webpage,taliban,,ZOT_dd484eeefb30,metadata_only,unverified,bibliographic_inventory_only_until_verified
,,"Israel, China: Beijing Tempts Israel With Money for Development",webpage,BRI-EEU,,ZOT_83931ad1cbc2,metadata_only,unverified,bibliographic_inventory_only_until_verified
Corre,,China’s Rise as a Geoeconomic Influencer: Four European Case Studies,webpage,BRI-EEU,,ZOT_d56e9bce0afb,metadata_only,unverified,bibliographic_inventory_only_until_verified
Zawacki,,Thailand the missing link in China’s Maritime Silk Road,webpage,BRI-EEU,,ZOT_bdb54e68b745,metadata_only,unverified,bibliographic_inventory_only_until_verified
,,China’s Transport Infrastructure Investment in LAC: Five Things to Know – The Dialogue,webpage,BRI-EEU,,ZOT_3ddef8dedf84,metadata_only,unverified,bibliographic_inventory_only_until_verified
YAMADA,,Is China's Belt and Road working? A progress report from eight countries,webpage,BRI-EEU,,ZOT_75ab65079fee,metadata_only,unverified,bibliographic_inventory_only_until_verified
,,"Russia: Taliban, US Officials Held '10 Secret' Meetings in Doha",webpage,taliban,,ZOT_ccd95af40f42,metadata_only,unverified,bibliographic_inventory_only_until_verified
,,Huge expenses on Afghan peace effort achieve little gains,webpage,taliban,,ZOT_40fa2e429c8e,metadata_only,unverified,bibliographic_inventory_only_until_verified
,,Elections rigged systematically in Kandahar: Candidates,webpage,taliban,,ZOT_1dbc73e5409d,metadata_only,unverified,bibliographic_inventory_only_until_verified
,,The China-Pakistan Economic Corridor,webpage,CPEC,,ZOT_e870de37b2a7,metadata_only,unverified,bibliographic_inventory_only_until_verified
Sputnik,,Taliban Will Only Talk to Kabul if Timeline Exists For US Troops' Exit - Moscow,webpage,taliban,,ZOT_ba13cb74982e,metadata_only,unverified,bibliographic_inventory_only_until_verified
,,Afganistan'da Taliban saldırısı: 25 kişi hayatını kaybetti,webpage,taliban,,ZOT_ddf8ce79f364,metadata_only,unverified,bibliographic_inventory_only_until_verified
,,"МИД РФ объяснил, зачем встречался с ""Талибаном"": те требуют вывода войск США из Афганистана",webpage,taliban,,ZOT_128847ce8fec,metadata_only,unverified,bibliographic_inventory_only_until_verified
,,"Alahednews:Afghanistan: Up to 10 Killed, Wounded After Explosion Rocks Kabul",webpage,taliban,,ZOT_36bf57e7dd4a,metadata_only,unverified,bibliographic_inventory_only_until_verified
,,Play more active role in next Taliban meet: Russia to India - Times of India,webpage,taliban,,ZOT_6a89247f63d5,metadata_only,unverified,bibliographic_inventory_only_until_verified
SHAH,,"Suicide bomber in Kabul targets anti-Taliban rally, kills 4",webpage,taliban,,ZOT_4ea69a4b29c6,metadata_only,unverified,bibliographic_inventory_only_until_verified
,,Dutzende Sicherheitskräfte in Westafghanistan von Taliban getötet,webpage,taliban,,ZOT_b3e92c5dc099,metadata_only,unverified,bibliographic_inventory_only_until_verified
,,US special adviser to Afghanistan plans Moscow trip as Taliban gains ground – Kremlin,webpage,taliban,,ZOT_9c07aaba5319,metadata_only,unverified,bibliographic_inventory_only_until_verified
赵思远,,Nation to strengthen cooperation with Russia - World - Chinadaily.com.cn,webpage,BRI-EEU,,ZOT_6a3189347ab0,metadata_only,unverified,bibliographic_inventory_only_until_verified
MENAFN,,Afghanistan- Moscow Peace Conference: A New Twist in Afghan Peace Process,webpage,taliban,,ZOT_8b183a186d7f,metadata_only,unverified,bibliographic_inventory_only_until_verified
Charles,,Trump sanctions on Russia: This is as far from ‘collusion’ as you can get | Fox News,webpage,tweetlinks_TD1,,ZOT_728dc0bd01fc,metadata_only,unverified,bibliographic_inventory_only_until_verified
,,"China Tries to Bring Pakistan, Afghanistan Closer",webpage,Afghanistan,,ZOT_305095caa4f8,metadata_only,unverified,bibliographic_inventory_only_until_verified
Hand,,Belt and Road landmark as first direct freight train arrives in Antwerp from China,webpage,OBOR_train,,ZOT_03d162508ffd,metadata_only,unverified,bibliographic_inventory_only_until_verified
,,"China builds Caribbean energy ties in upstream, LNG and refining",webpage,oilrussiachina,,ZOT_d113e59cc56a,metadata_only,unverified,bibliographic_inventory_only_until_verified
,,BNamericas - China on Trinidad gas export radar,webpage,oilrussiachina,,ZOT_d6f6ebfbdecd,metadata_only,unverified,bibliographic_inventory_only_until_verified
,,"Interview: Expert sees China-built high-speed rail transportation, economic game-changer for Indonesia - Xinhua | English.news.cn",webpage,transportgeography,,ZOT_414bb28924c7,metadata_only,unverified,bibliographic_inventory_only_until_verified
Xinhua,,"Economic Watch: Shanghai-London stock connect, a step forward in China's opening-up - Xinhua | English.news.cn",webpage,economicglobalism,,ZOT_fdb19942185f,metadata_only,unverified,bibliographic_inventory_only_until_verified
,,"U.S. Asking If Uranium Imports From Russia, Central Asia Undermine Security",webpage,uzbekistan,,ZOT_e1947275e25b,metadata_only,unverified,bibliographic_inventory_only_until_verified
akbaryusupov,,Uzbekistan and USA cooperate to counter nuclear smuggling,webpage,uzbekistan,,ZOT_2bb7f8e921db,metadata_only,unverified,bibliographic_inventory_only_until_verified
Diplomat,,How the US Can Give Uzbekistan Options,webpage,uzbekistan,,ZOT_0ed5b6794776,metadata_only,unverified,bibliographic_inventory_only_until_verified
Intelligence,,UzAtom chief explains why Uzbekistan is taking the nuclear route,webpage,uzbekistan,,ZOT_ad9b39c1c039,metadata_only,unverified,bibliographic_inventory_only_until_verified
,,Deepening Central Asian Nonproliferation Partnerships,webpage,uzbekistan,,ZOT_fade3ef3b035,metadata_only,unverified,bibliographic_inventory_only_until_verified
,,Uzbekistan’s nuclear aspirations - Nuclear Engineering International,webpage,uzbekistan,,ZOT_d306a92ae5ff,metadata_only,unverified,bibliographic_inventory_only_until_verified
,,U.S. Provides Radiation Detectors to Uzbekistan | Analysis | NTI,webpage,uzbekistan,,ZOT_ceb63a11a4b2,metadata_only,unverified,bibliographic_inventory_only_until_verified
Diplomat,,Afghanistan: Prospects and Challenges to Regional Connectivity,webpage,transportgeography,,ZOT_038baf33d384,metadata_only,unverified,bibliographic_inventory_only_until_verified
Diplomat,,What is CICA (and Why Does China Care About It)?,webpage,CICA,,ZOT_2773e7358fef,metadata_only,unverified,bibliographic_inventory_only_until_verified
Diplomat,,Making the Belt and Road Environmentally Sustainable,webpage,BRI-EEU,,ZOT_3c1cd2cf5b32,metadata_only,unverified,bibliographic_inventory_only_until_verified
Diplomat,,Will China Undermine Its Own Influence in Southeast Asia Through the Belt and Road?,webpage,BRI-EEU,,ZOT_4f2761f7bfee,metadata_only,unverified,bibliographic_inventory_only_until_verified
,,How China is redrawing the map of world science,webpage,BRI-EEU,,ZOT_c101ca32123f,metadata_only,unverified,bibliographic_inventory_only_until_verified
,,"Opinion | As belt and road investments flow into Indonesia, Chinese firms must learn to navigate culture shock | South China Morning Post",webpage,BRI-EEU,,ZOT_a8657fe65468,metadata_only,unverified,bibliographic_inventory_only_until_verified
,,A Forgotten Italian Port Could Become a Chinese Gateway to Europe - The New York Times,webpage,BRI-EEU,,ZOT_efa11255e775,metadata_only,unverified,bibliographic_inventory_only_until_verified
https://www.youlinmagazine.com,,Beijing's Belt & Road Initiative Drives Globalisation - Mushahid Hussain - Youlin Magazine,webpage,BRI-EEU,,ZOT_d799462dedec,metadata_only,unverified,bibliographic_inventory_only_until_verified
,,Japan to propose G-20 aid rules to check China's Belt and Road,webpage,BRI-EEU,,ZOT_ce85b66d637d,metadata_only,unverified,bibliographic_inventory_only_until_verified
,,Security Council press statement on Taliban offensive | UNAMA,webpage,newspaper,,ZOT_ebce5632c09f,metadata_only,unverified,bibliographic_inventory_only_until_verified
,,"Taliban Suicide Bomber, Gunmen Attack Police HQ in northern Afghanistan",webpage,newspaper,,ZOT_84f57ade8831,metadata_only,unverified,bibliographic_inventory_only_until_verified
,,"Russia, US & China to press Taliban to hold talks with Afghan politicians, civilians",webpage,newspaper,,ZOT_67d6d2cf4c2b,metadata_only,unverified,bibliographic_inventory_only_until_verified
,,"Russia, US, China aim to cajole Taliban into inter-Afghan talks",webpage,newspaper,,ZOT_3cb84592aef3,metadata_only,unverified,bibliographic_inventory_only_until_verified
,,"US agrees with Russia, China on pulling troops from Afghanistan",webpage,newspaper,,ZOT_ddcfd984c215,metadata_only,unverified,bibliographic_inventory_only_until_verified
,,"New Silk Road train link connects Finland, Nordic countries with China",webpage,BRI-EEU,,ZOT_6b4542761af8,metadata_only,unverified,bibliographic_inventory_only_until_verified
,,China to cut subsidies for Europe-bound cargo trains,webpage,BRI-EEU,,ZOT_06ef8e8082ad,metadata_only,unverified,bibliographic_inventory_only_until_verified
,,"As Trump administration negotiates peace with Taliban, some retired U.S. generals see defeat",webpage,taliban,,ZOT_f33d1f881d5f,metadata_only,unverified,bibliographic_inventory_only_until_verified
News,,Trump's bid for hasty Taliban deal risks deja vu in Afghanistan,webpage,taliban,,ZOT_3585e0e24cdc,metadata_only,unverified,bibliographic_inventory_only_until_verified
,,Taliban & Afghan delegates seek end to 18yr war at Moscow peace talks boycotted by US-backed Kabul,webpage,taliban,,ZOT_5347498d1593,metadata_only,unverified,bibliographic_inventory_only_until_verified
,,Talks between Taliban and Afghan opposition to be held in Moscow,webpage,taliban,,ZOT_3f5164c60283,metadata_only,unverified,bibliographic_inventory_only_until_verified
,,US Withdrawal from Afghanistan: Is Peace Possible?,webpage,taliban,,ZOT_17052c48023e,metadata_only,unverified,bibliographic_inventory_only_until_verified
,,Participants in intra-Afghan talks urge withdrawal of all foreign troops from Afghanistan,webpage,taliban,,ZOT_cd9c8e0ebbbe,metadata_only,unverified,bibliographic_inventory_only_until_verified
,,Ghani slams violence against PTM protestors,webpage,taliban,,ZOT_aa0df735e4af,metadata_only,unverified,bibliographic_inventory_only_until_verified
,,Moscow moot wants foreign troops out of Afghanistan,webpage,taliban,,ZOT_c653d8326409,metadata_only,unverified,bibliographic_inventory_only_until_verified
,,"Taliban to meet Afghan politicians, not Ghani in Moscow",webpage,taliban,,ZOT_da347bb3b9fb,metadata_only,unverified,bibliographic_inventory_only_until_verified
,,Taliban talks shift to Moscow with possible U.S.-brokered deal on table,webpage,taliban,,ZOT_49988221a690,metadata_only,unverified,bibliographic_inventory_only_until_verified
,,Taliban demands new constitution for Afghanistan at Moscow talks,webpage,taliban,,ZOT_509d8f560a16,metadata_only,unverified,bibliographic_inventory_only_until_verified
,,Lawmaker: Taliban abduction left her ‘even braver’,webpage,taliban,,ZOT_06eac3126e92,metadata_only,unverified,bibliographic_inventory_only_until_verified
,,PressTV-Iran-Taliban talks: An effort to promote regional peace,webpage,taliban,,ZOT_f9540e547902,metadata_only,unverified,bibliographic_inventory_only_until_verified
,,Afghan government frozen out of Moscow peace talks with the Taliban,webpage,taliban,,ZOT_0c4ec7a9859e,metadata_only,unverified,bibliographic_inventory_only_until_verified
,,"Taliban, Afghan Opposition to Hold Controversial Peace Talks in Moscow",webpage,taliban,,ZOT_c5524d9ec431,metadata_only,unverified,bibliographic_inventory_only_until_verified
,,Spanta Says Discussions On Peace Being Held Behind Closed Doors,webpage,taliban,,ZOT_a8d373db4098,metadata_only,unverified,bibliographic_inventory_only_until_verified
,,Kabul 'regrets' Taliban-Afghan opposition talks in Russia | News | Al Jazeera,webpage,taliban,,ZOT_4d8537ce9f91,metadata_only,unverified,bibliographic_inventory_only_until_verified
,,How can Afghans make peace AND protect women? Meet Ayesha Aziz.,webpage,taliban,,ZOT_6550bae9337a,metadata_only,unverified,bibliographic_inventory_only_until_verified
,,Need a Refresher on the War in Afghanistan? Here Are the Basics - The New York Times,webpage,taliban,,ZOT_39c8ce52a28c,metadata_only,unverified,bibliographic_inventory_only_until_verified
,,"US, Taliban move closer to deal on American troop withdrawal from Afghanistan | Grand Forks Herald",webpage,taliban,,ZOT_350d0f37beb0,metadata_only,unverified,bibliographic_inventory_only_until_verified
,,Afghanistan: Photographer Shah Marai among 31 killed in Kabul blasts - CNN,webpage,taliban,,ZOT_b792f731e7e6,metadata_only,unverified,bibliographic_inventory_only_until_verified
,,"Six Afghan soldiers, nine Taliban militants killed in fresh clash in Sari Pul| APN News",webpage,taliban,,ZOT_4f9b1a872b03,metadata_only,unverified,bibliographic_inventory_only_until_verified
,,"Afghan Taliban appoint Pakistani released prisoner ""Mullah Baradar"" as Chief of Taliban Qatar Office",webpage,taliban,,ZOT_41c903b6e4ed,metadata_only,unverified,bibliographic_inventory_only_until_verified
,,Afghan Official Says Airstrike Kills 16 Civilians | World News | US News,webpage,taliban,,ZOT_6e7573a9e1c9,metadata_only,unverified,bibliographic_inventory_only_until_verified
,,NDS Survivors Of Wardak Attack Vow To Take ‘Revenge’,webpage,taliban,,ZOT_f8f900467877,metadata_only,unverified,bibliographic_inventory_only_until_verified
,,PressTV-US to pull troops home if deal reached with Taliban: Trump,webpage,taliban,,ZOT_2c773809fef6,metadata_only,unverified,bibliographic_inventory_only_until_verified
,,"US-Taliban talks stir hope for peace, fears for women’s rights | Afghanistan News – Daily News Appraisal",webpage,taliban,,ZOT_f49d45808f6d,metadata_only,unverified,bibliographic_inventory_only_until_verified
,,A Timeline of the U.S. War in Afghanistan,webpage,taliban,,ZOT_29efa66e4e69,metadata_only,unverified,bibliographic_inventory_only_until_verified
,,U.S. and Taliban Edge Toward Deal to End America’s Longest War - The New York Times,webpage,taliban,,ZOT_bbd812f0f14f,metadata_only,unverified,bibliographic_inventory_only_until_verified
,,"New Taliban Negotiator Seen as Sign That This Time, Afghan Peace Talks Are Serious - The New York Times",webpage,taliban,,ZOT_a51a879c9bd8,metadata_only,unverified,bibliographic_inventory_only_until_verified
,,Opinion | Robert A. Pape: A new strategy for Afghanistan - The Boston Globe,webpage,taliban,,ZOT_0a0ce104138b,metadata_only,unverified,bibliographic_inventory_only_until_verified
,,"US envoy defends Taliban peace talks, Trump says deal means Afghanistan withdrawal",webpage,taliban,,ZOT_6842518c3a16,metadata_only,unverified,bibliographic_inventory_only_until_verified
,,Big Breakthrough in Afghanistan endgame with Afghan Taliban emerging victorious,webpage,taliban,,ZOT_9ca2073e3966,metadata_only,unverified,bibliographic_inventory_only_until_verified
,,Mapping Taliban Control in Afghanistan | FDD's Long War Journal,webpage,taliban,,ZOT_327f7dcb2669,metadata_only,unverified,bibliographic_inventory_only_until_verified
,,Trump's Bid for Hasty Taliban Deal Risks Deja Vu in Afghanistan - Bloomberg,webpage,taliban,,ZOT_cf4140be0d20,metadata_only,unverified,bibliographic_inventory_only_until_verified
,,"Taliban reaches agreement with US on al Qaeda, Islamic State",webpage,taliban,,ZOT_59bc2ad622f2,metadata_only,unverified,bibliographic_inventory_only_until_verified
,,Momentum Continues To Grow in US-Taliban Peacetalks - Conservative Daily News,webpage,taliban,,ZOT_52b186e20c57,metadata_only,unverified,bibliographic_inventory_only_until_verified
,,Afghan Women Fear Peace With Taliban May Mean War on Them - The New York Times,webpage,taliban,,ZOT_66b7ded67469,metadata_only,unverified,bibliographic_inventory_only_until_verified
,,Afghanistan President Responds to US-Taliban Peace Progress | Time,webpage,taliban,,ZOT_14ebd32f12fe,metadata_only,unverified,bibliographic_inventory_only_until_verified
,,Iranian Media: US Helped ISIS Commanders To Escape From Taliban Prison In Afghanistan,webpage,taliban,,ZOT_04ec5dd98fa8,metadata_only,unverified,bibliographic_inventory_only_until_verified
,,The real challenge for Afghanistan isn’t negotiating with the Taliban - The Washington Post,webpage,taliban,,ZOT_08ef3f8c3b8a,metadata_only,unverified,bibliographic_inventory_only_until_verified
,,Former US ambassador to Afghanistan calls US framework with Taliban 'a surrender negotiation' - CNNPolitics,webpage,taliban,,ZOT_18d3798ffc0c,metadata_only,unverified,bibliographic_inventory_only_until_verified
,,"US, Taliban May Have Reached Accord on Troop Exit, VOA Told",webpage,taliban,,ZOT_c7fb98c6ecf0,metadata_only,unverified,bibliographic_inventory_only_until_verified
,,The Taliban has failed to recapture Afghanistan after 17 years of war – and this is why | The Independent,webpage,taliban,,ZOT_6d6926862410,metadata_only,unverified,bibliographic_inventory_only_until_verified
,,US and Taliban reach 'agreement in principle' on Afghanistan peace deal,webpage,taliban,,ZOT_11fbea5b850f,metadata_only,unverified,bibliographic_inventory_only_until_verified
,,Afghanistan's post 9/11 generation wary of any future with the Taliban | Reuters,webpage,taliban,,ZOT_c1c39c71d3a8,metadata_only,unverified,bibliographic_inventory_only_until_verified
,,Taliban Talks Raise Question of What U.S. Withdrawal From Afghanistan Could Mean - The New York Times,webpage,taliban,,ZOT_57489a89e26c,metadata_only,unverified,bibliographic_inventory_only_until_verified
,,What a peace deal with the Taliban could mean for women in Afghanistan,webpage,taliban,,ZOT_1f336849ac1f,metadata_only,unverified,bibliographic_inventory_only_until_verified
https://www.facebook.com/profile.php?id=100011342442800&ref=br_rs,,The return of a Taliban government? Afghanistan talks raise once-unthinkable question.,webpage,taliban,,ZOT_65faa76611ef,metadata_only,unverified,bibliographic_inventory_only_until_verified
https://www.facebook.com/profile.php?id=100011342442800&ref=br_rs,,U.S. withdrawal from Afghanistan tied to Afghan dialogue and a Taliban cease-fire,webpage,taliban,,ZOT_0e641bedf0b2,metadata_only,unverified,bibliographic_inventory_only_until_verified
,,US Caught Helping ISIS Commanders Escape from Taliban Prison in Afghanistan - Global ResearchGlobal Research - Centre for Research on Globalization,webpage,taliban,,ZOT_4a2145f3c197,metadata_only,unverified,bibliographic_inventory_only_until_verified
,,How China’s Big Overseas Initiative Threatens Global Climate Progress,webpage,BRI-EEU,,ZOT_13ec3961c8d5,metadata_only,unverified,bibliographic_inventory_only_until_verified
,,EEP signs US $200m agreement for completion of the GERD project,webpage,BRI-EEU,,ZOT_05b5d1274822,metadata_only,unverified,bibliographic_inventory_only_until_verified
,,China and Tunisia sign belt and road agreement,webpage,BRI-EEU,,ZOT_06ec1f29cc25,metadata_only,unverified,bibliographic_inventory_only_until_verified
,,Kingdom a success story of Belt Road Initiative,webpage,BRI-EEU,,ZOT_75fb6d98e42d,metadata_only,unverified,bibliographic_inventory_only_until_verified
,,President Ilham Aliyev attended “Advancing the Belt and Road Initiative: China`s Trillion Dollar Vision” session in Davos VIDEO - AZERTAC - Azerbaijan State News Agency,webpage,BRI-EEU,,ZOT_e6abb0376164,metadata_only,unverified,bibliographic_inventory_only_until_verified
,,'Surakiat' visits China. 'Belt and Road' initiative helps develop the world economy - connects Asia,webpage,BRI-EEU,,ZOT_741a58165e4c,metadata_only,unverified,bibliographic_inventory_only_until_verified
Kuo,,What is China's Belt and Road Initiative?,webpage,BRI-EEU,,ZOT_7f31fcf8ac2e,metadata_only,unverified,bibliographic_inventory_only_until_verified
Vargas,,How to Manage M&A Risk Along the BRI,webpage,BRI-EEU,,ZOT_7ba737bac85a,metadata_only,unverified,bibliographic_inventory_only_until_verified
CSIS,,Competing Visions,webpage,BRI-EEU,,ZOT_ee0142568420,metadata_only,unverified,bibliographic_inventory_only_until_verified
,,The Digital Silk Road - China's $200 billion project,webpage,russiapipelines,,ZOT_ba2bba769b89,metadata_only,unverified,bibliographic_inventory_only_until_verified
tweet_btn(),,"Russia threatens to set up its 'own internet' with China, India and pals – let's take a closer look",webpage,russiapipelines,,ZOT_f4b7af8be232,metadata_only,unverified,bibliographic_inventory_only_until_verified
,,china's digital silk road - Google Search,webpage,russiapipelines,,ZOT_848a7f719166,metadata_only,unverified,bibliographic_inventory_only_until_verified
,,russia to have its own internet - Google Search,webpage,russiapipelines,,ZOT_32f4079bc895,metadata_only,unverified,bibliographic_inventory_only_until_verified
,,Putin: Trade between Russia & India will reach $30bn by 2025,webpage,russiapipelines,,ZOT_81410c9e2f6d,metadata_only,unverified,bibliographic_inventory_only_until_verified
,,First BRICS bank bond sale to fund green projects,webpage,BRI-EEU,,ZOT_1dcea036f146,metadata_only,unverified,bibliographic_inventory_only_until_verified
,,Coal-fired power plant in China issues green bonds,webpage,BRI-EEU,,ZOT_087dc0f638f0,metadata_only,unverified,bibliographic_inventory_only_until_verified
,,China emerges as key player in green bonds market — RT Business News,webpage,BRI-EEU,,ZOT_448f6acf2b6e,metadata_only,unverified,bibliographic_inventory_only_until_verified
Eggers,,"U.S. Policy in Afghanistan: Changing Strategies, Preserving Gains",webpage,BRI-EEU,,ZOT_42c081e808e2,metadata_only,unverified,bibliographic_inventory_only_until_verified
,,UN Manages Only Temporary Afghan Mission Rollover After U.S.-China Spat,webpage,BRI-EEU,,ZOT_0955f18d44bd,metadata_only,unverified,bibliographic_inventory_only_until_verified
,,China's Chequebook Diplomacy,webpage,BRI-EEU,,ZOT_a7254baa8cda,metadata_only,unverified,bibliographic_inventory_only_until_verified
,,Beyond the TAPI Project: An Afghan Factor in India-Pakistan Diplomacy?,webpage,taliban,,ZOT_9672753dc7bb,metadata_only,unverified,bibliographic_inventory_only_until_verified
,,Afghan Politicians Mark 5th Anniversary Of Marshal Fahim’s Death,webpage,taliban,,ZOT_a0956d0b8e44,metadata_only,unverified,bibliographic_inventory_only_until_verified
Pajhwok Afghan News,,Govt to attend next Taliban-politicians talks in Doha: Noor,webpage,taliban,,ZOT_2242bd401038,metadata_only,unverified,bibliographic_inventory_only_until_verified
1TV,,What was agreed in Taliban-Afghan politicians talks in Moscow?,webpage,taliban,,ZOT_ab177c6fffc5,metadata_only,unverified,bibliographic_inventory_only_until_verified
,,At least 23 Afghan security forces killed in Taliban attack on US-Afghan base,webpage,taliban,,ZOT_c1aae902247e,metadata_only,unverified,bibliographic_inventory_only_until_verified
Gibbons-Neff,,"Under Peace Plan, U.S. Military Would Exit Afghanistan Within Five Years - The New York Times",webpage,taliban,,ZOT_235c4928e619,metadata_only,unverified,bibliographic_inventory_only_until_verified
Ward,,36 hours with the Taliban,webpage,taliban,,ZOT_ab858063f8e9,metadata_only,unverified,bibliographic_inventory_only_until_verified
,,Afghanistan peace talks resume in Doha with Taliban co-founder - CNN,webpage,taliban,,ZOT_e0f7fb6097be,metadata_only,unverified,bibliographic_inventory_only_until_verified
,,Iran Sees A Role For Taliban In Afghanistan,webpage,taliban,,ZOT_f36bf6d4ef6c,metadata_only,unverified,bibliographic_inventory_only_until_verified
,,"India, US Discuss Afghanistan At 2+2 Talks",webpage,taliban,,ZOT_8f49bc6ad880,metadata_only,unverified,bibliographic_inventory_only_until_verified
,,The Struggle of the Dutch with the English for the Russian Market in the Seventeenth Century on JSTOR,webpage,,,ZOT_749cc2b8de37,metadata_only,unverified,bibliographic_inventory_only_until_verified
,,"Nord Stream 2, other disputes fail to dent Russian natural gas flows to EU - The Barrel Blog",webpage,russiapipelines,,ZOT_747b8634e3db,metadata_only,unverified,bibliographic_inventory_only_until_verified
,,"Backed by Poland, Pompeo vows to try to stop Russia pipeline",webpage,russiapipelines,,ZOT_b0a974a43f92,metadata_only,unverified,bibliographic_inventory_only_until_verified
Sputnik,,Tensions Over Nord Stream 2 Block US Business Participation - AmCham Russia,webpage,russiapipelines,,ZOT_a1a2d7557d02,metadata_only,unverified,bibliographic_inventory_only_until_verified
,,Chinese company denies corruption in Sukkur-Multan Motorway | Pakistan Today,webpage,BRI-EEU,,ZOT_32a32cd95d6f,metadata_only,unverified,bibliographic_inventory_only_until_verified
Sputnik,,Nord Stream 2 to Be Built Despite EU Gas Directive Amendments - Russian Envoy,webpage,russiapipelines,,ZOT_9db76141ae1f,metadata_only,unverified,bibliographic_inventory_only_until_verified
,,What is Nord Stream 2? Why are Russia's opponents in Europe and America dead set against it? Meduza explains the controversy surrounding a pipeline that could cut Ukraine out of Europe's gas business,webpage,russiapipelines,,ZOT_0bc6c3ac3dfc,metadata_only,unverified,bibliographic_inventory_only_until_verified
,,Will The U.S. Actively Pursue Regime Change In Iran?,webpage,russiapipelines,,ZOT_113496fa650e,metadata_only,unverified,bibliographic_inventory_only_until_verified
Fellows,,"Merkel Salvages Nord Stream, But Is Putin Losing Russia's Gas Monopoly?",webpage,russiapipelines,,ZOT_456c16661e16,metadata_only,unverified,bibliographic_inventory_only_until_verified
,,"Nord Stream 2 is in 'our interest', says German minister amid US pressure on project with Russia",webpage,russiapipelines,,ZOT_52da33adc15a,metadata_only,unverified,bibliographic_inventory_only_until_verified
,,Russia’s Lukoil Halts Oil Swaps In Venezuela After U.S. Sanctions,webpage,russiapipelines,,ZOT_fd01ca0d9dff,metadata_only,unverified,bibliographic_inventory_only_until_verified
,,A New Twist In Europe’s Ongoing Gas Drama,webpage,russiapipelines,,ZOT_2c50431c44a4,metadata_only,unverified,bibliographic_inventory_only_until_verified
,,"Pak-supported terror groups will continue attacks in India, Afghanistan: US spymaster - Times of India",webpage,taliban,,ZOT_ad5e6beedea4,metadata_only,unverified,bibliographic_inventory_only_until_verified
,,"As Tajikistan's Muslims feel more heat, mosque turned into cinema",webpage,uzbekistan,,ZOT_2e54a25ee35e,metadata_only,unverified,bibliographic_inventory_only_until_verified
,,China's New Silk Road,webpage,BRI-EEU,,ZOT_60cf9b505a4a,metadata_only,unverified,bibliographic_inventory_only_until_verified
,,Washington Sells Scrap Metal at a Premium Price Tag | New Eastern Outlook,webpage,Mackinder,,ZOT_39fad50c7f64,metadata_only,unverified,bibliographic_inventory_only_until_verified
Manoj,,Chabahar Port: US gives ‘written’ assurance to India facilitating banks to fund $85 mn equipment purchase,webpage,Geopolitics,,ZOT_21d447ea8651,metadata_only,unverified,bibliographic_inventory_only_until_verified
,,China to invest 800 bln yuan in railways in 2020,webpage,Geopolitics,,ZOT_5901ecb293cc,metadata_only,unverified,bibliographic_inventory_only_until_verified
,,"Iran, Russia, China launch joint maritime drills in Indian Ocean, Sea of Oman",webpage,Geopolitics,,ZOT_df2d13012386,metadata_only,unverified,bibliographic_inventory_only_until_verified
,,Esper: US troops can withdraw 'with or without' Afghan peace deal,webpage,taliban,,ZOT_e9b589c1c2c2,metadata_only,unverified,bibliographic_inventory_only_until_verified
WashingtonDecember 10,,Afghan war can end in few weeks if Pakistan denies safe haven to Taliban: US top Senator Graham,webpage,taliban,,ZOT_becf5a434262,metadata_only,unverified,bibliographic_inventory_only_until_verified
,,China Just Opened the Suez Canal of Our Era and No One Blinked,webpage,OBOR_train,,ZOT_4facfb7e18d4,metadata_only,unverified,bibliographic_inventory_only_until_verified
,,Confidential documents reveal U.S. officials failed to tell the truth about the war in Afghanistan,webpage,southasia,,ZOT_97f708b4cc9e,metadata_only,unverified,bibliographic_inventory_only_until_verified
,,Putin and the ‘Biden Memorial Pipeline’ to China | New Eastern Outlook,webpage,BRI-EEU,,ZOT_b6c448c0b93f,metadata_only,unverified,bibliographic_inventory_only_until_verified
陈钰,,China and Russia strengthen strategic partnership along 'Polar Silk Road' - Opinion - Chinadaily.com.cn,webpage,BRI-EEU,,ZOT_5c70147c9b02,metadata_only,unverified,bibliographic_inventory_only_until_verified
MFA,,Joint Statement of the 3rd China-Afghanistan-Pakistan Foreign Ministers’ Dialogue - Ministry of Foreign Affairs - Islamic Republic of Afghanistan,webpage,Afghanistan,,ZOT_bacf92946b96,metadata_only,unverified,bibliographic_inventory_only_until_verified
,,China Not a ‘Real Player’ in Afghanistan Development: Wells,webpage,Afghanistan,,ZOT_d6ee0bfbf4d7,metadata_only,unverified,bibliographic_inventory_only_until_verified
Trenin,,"The Belt and Road Initiative: Views from Washington, Moscow, and Beijing",webpage,BRI-EEU,,ZOT_b0196f72d3d1,metadata_only,unverified,bibliographic_inventory_only_until_verified
Times,,Asia Times | The EU’s China conundrum | Opinion,webpage,GreatPowers,,ZOT_62662983b379,metadata_only,unverified,bibliographic_inventory_only_until_verified
,,China &#039;Fed Up&#039; With Hearing US Complaints on Belt and Road,webpage,GreatPowers,,ZOT_604ada443692,metadata_only,unverified,bibliographic_inventory_only_until_verified
CNN,,China and the United States face off in Djibouti,webpage,GreatPowers,,ZOT_5d17bbf16d82,metadata_only,unverified,bibliographic_inventory_only_until_verified
,,US Sanctions Iran Communication Minister Over Internet Censorship,webpage,twitteropoliics,,ZOT_3019e2fdf061,metadata_only,unverified,bibliographic_inventory_only_until_verified
MENAFN,,Afghanistan- Helmand produces bumper corn yield,webpage,Afghanistan,,ZOT_714be09db0c1,metadata_only,unverified,bibliographic_inventory_only_until_verified
,,"UN: Afghan War Killed, Wounded More Than 10,000 Civilians in 2019 | Voice of America - English",webpage,taliban2,,ZOT_04a5ab96b244,metadata_only,unverified,bibliographic_inventory_only_until_verified
,,New Pakistan-Afghanistan Train Transports Goods,webpage,Afghanistan,,ZOT_121ad092ef90,metadata_only,unverified,bibliographic_inventory_only_until_verified
,,"(3) Qari Roohullah parwani on Twitter: ""@suhailshaheen1 Agreement after lengthy negotiations b/w IEA &amp; US negotiation teams has been finalized &amp; will be signed by both parties on 29th Feb. 2020 in Doha. Delegations of multiple international organizations &amp; countries will participate in ceremony as observers. - S. Shaheen"" / Twitter",webpage,taliban2,,ZOT_ced34b62248e,metadata_only,unverified,bibliographic_inventory_only_until_verified
Joscelyn,,What You Won’t Learn From the NYT Op-Ed by the Taliban’s Deputy Leader,webpage,taliban2,,ZOT_3ea5e6e3d420,metadata_only,unverified,bibliographic_inventory_only_until_verified
MENAFN,,Afghanistan- Govt.''s post-election political legitimacy in tatters,webpage,taliban2,,ZOT_0b29ca9b3b75,metadata_only,unverified,bibliographic_inventory_only_until_verified
,,'All Bets Off': Afghanistan Plunges Into Crisis After Losing Presidential Candidate Alleges 'Coup',webpage,Afghanistan,,ZOT_8d0059eb0d44,metadata_only,unverified,bibliographic_inventory_only_until_verified
,,UN report says Israel a ‘racist state’ and ‘apartheid regime’,webpage,GreatPowers,,ZOT_65c6f2797b86,metadata_only,unverified,bibliographic_inventory_only_until_verified
,,"Munich Security Conference to focus on ""westlessness"" - Xinhua | English.news.cn",webpage,Geopolitics,,ZOT_c1dd1fd6d27c,metadata_only,unverified,bibliographic_inventory_only_until_verified
,,Taliban offensive in Afghanistan’s Ghazni leaves hundreds killed,webpage,taliban2,,ZOT_80f616f7e0d1,metadata_only,unverified,bibliographic_inventory_only_until_verified
,,"Lindsey Graham and Jack Keane: The Afghan war must end on our terms, not the Taliban’s - The Washington Post",webpage,taliban2,,ZOT_8a34a8798fdc,metadata_only,unverified,bibliographic_inventory_only_until_verified
Graham,,Opinion | We can’t outsource our security to anyone — especially the Taliban,webpage,taliban2,,ZOT_2870df7b3554,metadata_only,unverified,bibliographic_inventory_only_until_verified
,,"After US killing of Iran’s Soleimani, narrative control on social media is getting worse",webpage,twitteropoliics,,ZOT_48b54a3ff8e2,metadata_only,unverified,bibliographic_inventory_only_until_verified
,,‘Free speech only for Americans!’ US senators threaten Twitter with sanctions unless it censors Iranian leadership,webpage,twitteropoliics,,ZOT_577f74bd24ea,metadata_only,unverified,bibliographic_inventory_only_until_verified
"MEA, Gov.in",,Joint Statement - United States and India: Prosperity Through Partnership,webpage,southasia,,ZOT_49d378a7b26b,metadata_only,unverified,bibliographic_inventory_only_until_verified
,,QUESTION NO.606 BRI AND CPEC,webpage,southasia,,ZOT_5f13cbe6b95f,metadata_only,unverified,bibliographic_inventory_only_until_verified
,,"Joint Statement on India and Japan Vision 2025: Special Strategic and Global Partnership Working Together for Peace and Prosperity of the Indo-Pacific Region and the World(December 12, 2015)",webpage,,,ZOT_5d73a9609dba,metadata_only,unverified,bibliographic_inventory_only_until_verified
Ryan,,The Kremlin wants a role in Afghanistan 30 years after the Soviet withdrawal,webpage,taliban2,,ZOT_effe7ef6ad40,metadata_only,unverified,bibliographic_inventory_only_until_verified
Stevens,,Driving China’s Silk Road Economic Belt,webpage,OBOR_train,,ZOT_37e814b5f69f,metadata_only,unverified,bibliographic_inventory_only_until_verified
,,"In Herat, ex-Mujahideen commander leads efforts to resist Taliban | Taliban News | Al Jazeera",webpage,,,ZOT_1d7288d3e96a,metadata_only,unverified,bibliographic_inventory_only_until_verified
,,Taliban: ‘No one wants a civil war’ in Afghanistan,webpage,,,ZOT_8450f6f4b978,metadata_only,unverified,bibliographic_inventory_only_until_verified
MENAFN,,Afghanistan- Iran has given Taliban anti-aircraft missiles: Sources,webpage,taliban2,,ZOT_ab20a3a14201,metadata_only,unverified,bibliographic_inventory_only_until_verified
Bensinger,,Google redraws the borders on maps depending on who’s looking,webpage,taliban2,,ZOT_05a943b45fc6,metadata_only,unverified,bibliographic_inventory_only_until_verified
Andelman,,Opinion: What Biden and Blinken don't want to tell Americans about Afghanistan,webpage,Afghanistan,,ZOT_6bc11cee4e59,metadata_only,unverified,bibliographic_inventory_only_until_verified
,,China-Europe rail cargo sees dramatic growth: report,webpage,BRI-EEU,,ZOT_51ac5a5632c0,metadata_only,unverified,bibliographic_inventory_only_until_verified
,,2._Vapa_Tankosic_et_al_2022_5(2)_712-717.pdf,webpage,environment,,ZOT_2808aac73063,metadata_only,unverified,bibliographic_inventory_only_until_verified
Washington,,"PolitiFact - No, Jane Goodall’s population comments didn’t spark pandemic",webpage,environment,,ZOT_de41461734df,metadata_only,unverified,bibliographic_inventory_only_until_verified
,,Are overpopulation fears unfounded?,webpage,environment,,ZOT_cd052cde2c35,metadata_only,unverified,bibliographic_inventory_only_until_verified
,,Debunking ‘overpopulation’,webpage,environment,,ZOT_092dda9743ee,metadata_only,unverified,bibliographic_inventory_only_until_verified
,,"Soft power, hard power dynamics: the case of Iran in Afghanistan: British Journal of Middle Eastern Studies: Vol 50, No 1",webpage,Afghanistan,,ZOT_b8423f6301d9,metadata_only,unverified,bibliographic_inventory_only_until_verified
,,Pakistan between Central and South Asia RSC – тема научной статьи по политологическим наукам читайте бесплатно текст научно-исследовательской работы в электронной библиотеке КиберЛенинка,webpage,,,ZOT_0de28041a304,metadata_only,unverified,bibliographic_inventory_only_until_verified
kunu.uz,,Russia and Uzbekistan sign agreement to launch Trans-Afghan railway project,webpage,Afghanistan,,ZOT_a079d61410b5,metadata_only,unverified,bibliographic_inventory_only_until_verified
,,"Russia, Uzbekistan Reach Agreement to Advance Trans-Afghan Railway Project – Bakhtar News Agency",webpage,Afghanistan,,ZOT_8d93eeaad639,metadata_only,unverified,bibliographic_inventory_only_until_verified
,,Feasibility study of trans-Afghan railway to be ready in early 2026 - Russian deputy PM,webpage,Afghanistan,,ZOT_172708c42f11,metadata_only,unverified,bibliographic_inventory_only_until_verified
,,The Trans-Afghan Railway: Challenges and Prospects,webpage,Afghanistan,,ZOT_06459fe0ff13,metadata_only,unverified,bibliographic_inventory_only_until_verified
Haidari,,Afghanistan: The Heart of Silk Road in Asia,webpage,Afghanistan,,ZOT_b49c920e28f1,metadata_only,unverified,bibliographic_inventory_only_until_verified
Hakimi,,Analysis: Why have Pakistan’s ties with the Afghan Taliban turned frigid?,webpage,Afghanistan,,ZOT_aed156940c39,metadata_only,unverified,bibliographic_inventory_only_until_verified
,,New Delhi Declaration of the Council of Heads of State of Shanghai Cooperation Organization,webpage,BRI-EEU,,ZOT_728353c39b23,metadata_only,unverified,bibliographic_inventory_only_until_verified
,,Turkmenistan's Natural Gas Ambitions Threatened By Instability In Afghanistan | Markets Insider,webpage,CPEC,,ZOT_9c8ef93b9547,metadata_only,unverified,bibliographic_inventory_only_until_verified
,,"CASA-1000 Central Asia-South Asia Electricity Transmission Project,",webpage,energy_statistics,,ZOT_c1dc4a6038a8,metadata_only,unverified,bibliographic_inventory_only_until_verified
