folder,file,title,axis,thesis,concepts,bridge_claim_status,required_next_evidence,claim_use_allowed
International Relations Theory,Agency Structure and International Politics From Ontology to Empirical Enquiry.pdf,"Agency, Structure, and International Politics: From Ontology to Empirical Inquiry",theory,"The causal interrelationship of agency and structure in international politics requires autonomous definitions with explicit parameters of variability, necessitating a methodological individualist framework that accounts for how socio-political contexts shape elite decision-making.",agent-structure problem; opportunity and willingness; structuration theory; methodological individualism; ontology of international systems; elite choice-processes,provisional_unverified,frontmatter_or_chapter_sample,hypothesis_only_not_scholarly_evidence
International Relations Theory,Agents structures & international relations.pdf,"Agents, Structures and International Relations: Politics as Ontology",theory,"The agent–structure problem in IR theory can only be adequately understood through ontological analysis, revealing that fundamental gaps in competing IR theories stem from differing metaphysical assumptions about the nature of existence and reality.",agent–structure problem; ontology and IR theory; agency and structure; theoretical foundations of IR; politics as ontology,provisional_unverified,frontmatter_or_chapter_sample,hypothesis_only_not_scholarly_evidence
International Relations Theory,American foreign policy  alliance politics in a century of war 1914-2014.pdf,"American Foreign Policy: Alliance Politics in a Century of War, 1914–2014",empirical,"American foreign policy from 1914 to 2014 has been fundamentally shaped by alliance networks, whose effectiveness in achieving strategic objectives has varied significantly across major conflicts from World War I through the post-Cold War era.",Alliance networks and coalitions; American internationalism and isolationism; Containment strategy; Cold War geopolitics; Rogue state deterrence; Counterterrorism partnerships,provisional_unverified,frontmatter_or_chapter_sample,hypothesis_only_not_scholarly_evidence
International Relations Theory,An Introduction to Dialectics Theodor W Adorno.pdf,An Introduction to Dialectics,theory,"Dialectics is a philosophical method of thought that articulates the dynamic, mediated movement of concepts and reality through determinate negation and the unity of identity and non-identity, rejecting both positivism and foundationalist metaphysics.",Dialectical method; Mediation and non-identity; Determinate negation; Movement of the concept; The whole as result; Critique of positivism,provisional_unverified,frontmatter_or_chapter_sample,hypothesis_only_not_scholarly_evidence
International Relations Theory,Balance_of_Power.pdf,Balance of Power: Theory and Practice in the 21st Century,mixed,"An examination of how balance-of-power theory explains state behavior and international stability in contemporary geopolitics, including its application to post-Cold War security challenges and regional subsystems.",balance of power; great power politics; hegemony; regional security subsystems; balancing and bandwagoning; power transition; weapons of mass destruction,provisional_unverified,frontmatter_or_chapter_sample,hypothesis_only_not_scholarly_evidence
International Relations Theory,Barry_Buzan_George_Lawson_The_Global_Transforma.pdf,"The Global Transformation: History, Modernity and the Making of International Relations",mixed,"The 'long nineteenth century' (1776–1914) witnessed multiple political, economic, military and cultural revolutions that fundamentally reconstituted both domestic and international societies, creating the material and ideational foundations of modern international relations and establishing a power gap between those who harnessed modernity and those denied access to it.","global modernity; long nineteenth century; power gap between developed and developing states; multiple revolutions (political, economic, military, cultural); world history and international relations; international order",provisional_unverified,frontmatter_or_chapter_sample,hypothesis_only_not_scholarly_evidence
International Relations Theory,Barry_Buzan_and_Lene_Hansen_The_Evolution_of_International Security Studies.pdf,The Evolution of International Security Studies,theory,"International Security Studies has evolved from Cold War focus on superpower rivalry and nuclear weapons to a diverse field encompassing environmental, economic, human, and other securities, incorporating approaches from Realism to Feminism and Post-colonialism.",security diversification; Cold War strategic studies; theoretical pluralism; driving forces framework; disciplinary boundaries,provisional_unverified,frontmatter_or_chapter_sample,hypothesis_only_not_scholarly_evidence
International Relations Theory,Building_Regions.pdf,Building Regions: The Regionalization of the World Order,theory,"Regionalism is reshaping the international system as an intermediate level of governance between states and the global order, challenging traditional state-centric international relations.",regionalism; regional integration; state sovereignty; global governance; geopolitical identity; international organization,provisional_unverified,frontmatter_or_chapter_sample,hypothesis_only_not_scholarly_evidence
International Relations Theory,Causation_in_IR.pdf,Causation in International Relations: Reclaiming Causal Analysis,theory,"Causal analysis in International Relations rests on problematic deterministic, mechanistic, and empiricist assumptions; reinterpreting causation's meaning, aims, and methods enables multi-causal and methodologically pluralist scholarship.",causal analysis; Humean philosophy of causation; determinism and mechanism; methodological pluralism; world political processes,provisional_unverified,frontmatter_or_chapter_sample,hypothesis_only_not_scholarly_evidence
International Relations Theory,Charm Offensive How Chinas Soft Power Is Transforming the World.pdf,Charm Offensive: How China's Soft Power Is Transforming the World,empirical,"China is systematically deploying soft power—cultural, business, and diplomatic tools—to expand its global influence and reshape international relations, particularly in Asia where it is displacing American dominance.",soft power; China's international influence; cultural diplomacy; business engagement; regional hegemony shift,provisional_unverified,frontmatter_or_chapter_sample,hypothesis_only_not_scholarly_evidence
International Relations Theory,Chinas Trade Patterns and International Comparative Advantage.pdf,China's Trade Patterns and International Comparative Advantage,empirical,An econometric analysis of China's trade patterns and the sources of its international comparative advantage in the context of economic reform and global integration.,comparative advantage; trade patterns; econometric modeling; commercial policy; Chinese economic reform; international trade,provisional_unverified,frontmatter_or_chapter_sample,hypothesis_only_not_scholarly_evidence
International Relations Theory,Classical and Modern Thought on International Relations.pdf,Classical and Modern Thought on International Relations: From Anarchy to Cosmopolis,theory,"International relations thought evolves from classical realist conceptions of anarchy toward modern cosmopolitan frameworks that emphasize justice, obligation, and solidarity in world affairs.",realism; sovereignty; international obligation; diplomacy; cosmopolitanism; justice,provisional_unverified,frontmatter_or_chapter_sample,hypothesis_only_not_scholarly_evidence
International Relations Theory,Classical_and_Modern_Thought_on_International_Rela.pdf,Classical and Modern Thought on International Relations: From Anarchy to Cosmopolis,theory,"The book traces the evolution of international relations theory from classical realist thought through modern cosmopolitan and solidarist perspectives, examining how thinkers have grappled with the tension between state sovereignty and universal principles of justice.",Realism and state sovereignty; Diplomatic theory and practice; International obligation and law; Cosmopolitanism and global justice; Solidarism in world affairs,provisional_unverified,frontmatter_or_chapter_sample,hypothesis_only_not_scholarly_evidence
International Relations Theory,Classical_theory_in_international_relations.pdf,Classical Theory in International Relations,theory,Classical political theorists are frequently misinterpreted in International Relations scholarship when their work is extracted from its original intellectual and historical contexts and appropriated into contemporary theoretical schools.,contextual interpretation of classical texts; intellectual history and appropriation trajectories; sovereignty and international law; morality in international relations; imperialism and agency,provisional_unverified,frontmatter_or_chapter_sample,hypothesis_only_not_scholarly_evidence
International Relations Theory,Clausewitzs Puzzle The Political Theory of War.pdf,Clausewitz's Puzzle: The Political Theory of War,theory,Clausewitz's theory of war resolves the apparent contradiction between absolute war and limited war through the primacy of politics as the governing logic of military conflict.,political theory of war; wondrous trinity; absolute versus limited war; polarity and antithesis; logic and grammar of war; attack and defence asymmetry,provisional_unverified,frontmatter_or_chapter_sample,hypothesis_only_not_scholarly_evidence
International Relations Theory,Coercion_Cooperation_and_Ethics_in_International.pdf,"Coercion, Cooperation, and Ethics in International Relations",mixed,"International relations theory must integrate ethical reasoning with strategic analysis of coercion, deterrence, and cooperation to understand state behavior and international outcomes.",deterrence and coercive bargaining; international cooperation; ethics in statecraft; cognitive closure in crisis; constructivist approaches to IR,provisional_unverified,frontmatter_or_chapter_sample,hypothesis_only_not_scholarly_evidence
International Relations Theory,Communitarian International Relations.pdf,Communitarian International Relations: The Epistemic Foundations of International Relations,theory,"International relations evolve through communities of practice that mediate between individual and state agency and social structures, embedding collective meanings and social practices that explain why certain ideas become human practices.",communities of practice; constructivism; epistemic communities; security communities; collective knowledge; social structures,provisional_unverified,frontmatter_or_chapter_sample,hypothesis_only_not_scholarly_evidence
International Relations Theory,Conceptualizing_the_west_in_international_relation.pdf,Conceptualizing the West in International Relations: From Spengler to Said,theory,"The book traces how Western identity has been conceptualized across major international relations theories and thinkers, from civilizational frameworks to postcolonial critique, to understand how the West functions as a category in shaping global order.",Civilizational analysis; Western identity; International relations theory; Orientalism and postcolonial critique; Cultural world order; Civilizational conflict,provisional_unverified,frontmatter_or_chapter_sample,hypothesis_only_not_scholarly_evidence
International Relations Theory,Constructing_global_civil_society.pdf,Constructing Global Civil Society: Morality and Power in International Relations,theory,"The book critically examines how global civil society is constructed through normative claims about morality and international intervention, analyzing the relationship between power and moral authority in contemporary international relations.",global civil society; constructivism; international intervention; cosmopolitanism; moral authority; NGOs and transnational actors,provisional_unverified,frontmatter_or_chapter_sample,hypothesis_only_not_scholarly_evidence
International Relations Theory,Converging_Regions.pdf,Converging Regions: Global Perspectives on Asia and the Middle East,mixed,"Regional interactions between Asia and the Middle East are reshaping international political economy through finance, resources, geopolitics, and transnational networks that challenge traditional state-centric and Western-dominated frameworks.",New regionalism; International political economy; Geopolitical competition; Economic interdependence; Regional institutions,provisional_unverified,frontmatter_or_chapter_sample,hypothesis_only_not_scholarly_evidence
International Relations Theory,Critical_practices_of_international_theory.pdf,Critical Practices in International Theory,theory,"International theory must adopt a critical pluralist approach that interrogates the discourses, technologies, and practices structuring global politics, from diplomacy and security to media and simulation.",poststructuralist theory; diplomacy and estrangement; security discourse; military-entertainment-media matrix; simulation and surveillance; critical pluralism,provisional_unverified,frontmatter_or_chapter_sample,hypothesis_only_not_scholarly_evidence
International Relations Theory,Culture_and_IR.pdf,"Culture and International Relations: Narratives, Natives and Tourists",theory,"Culture has been a significant but often unacknowledged force throughout international relations history, evolving from fostering mutual understanding to representing clashing ways of life, yet the concept itself remains contested and its universal applicability questionable.",humanist concept of culture; anthropological concept of culture; cultural internationalism; clash of cultures; cultural identity in IR; contextual methodology,provisional_unverified,frontmatter_or_chapter_sample,hypothesis_only_not_scholarly_evidence
International Relations Theory,Democratic Wars Looking at the Dark Side of Democratic Peace.pdf,Democratic Wars: Looking at the Dark Side of Democratic Peace,theory,"Democracies engage in war despite the democratic peace theory, warranting examination of the mechanisms and conditions under which democratic states resort to military force.",democratic peace theory; democratic war; military interventions; international relations theory; identity and otherness; democratic state behavior,provisional_unverified,frontmatter_or_chapter_sample,hypothesis_only_not_scholarly_evidence
International Relations Theory,Deterrence_Now.pdf,Deterrence Now,theory,"Deterrence theory requires fundamental revision to address post-Cold War conditions, nuclear proliferation, and emerging military capabilities, with greater emphasis on general deterrence and collective security actors.",deterrence theory; nuclear proliferation; general vs. immediate deterrence; collective security; revolution in military affairs; retaliatory threats,provisional_unverified,frontmatter_or_chapter_sample,hypothesis_only_not_scholarly_evidence
International Relations Theory,Economic Sanctions vs Soft Power Lessons from North Korea Myanmar and the Middle East.pdf,"Economic Sanctions vs. Soft Power: Lessons From North Korea, Myanmar, and the Middle East",empirical,"Economic sanctions and soft power represent competing foreign policy approaches with markedly different outcomes for target nations, as demonstrated through comparative analysis of North Korea, Myanmar, and Middle Eastern cases.",economic sanctions; soft power; foreign direct investment; international engagement; policy effectiveness; sanctions regimes,provisional_unverified,frontmatter_or_chapter_sample,hypothesis_only_not_scholarly_evidence
International Relations Theory,Economics_of_War_and_Peace.pdf,"Economics of War and Peace: Economic, Legal, and Political Perspectives",mixed,"Economic factors, institutions, and policies shape conflict dynamics and peace-building across state and sub-state levels, requiring interdisciplinary analysis of markets, governance, and development.",peace economics; conflict-development nexus; institutional governance; arms trade and proliferation; post-conflict financing,provisional_unverified,frontmatter_or_chapter_sample,hypothesis_only_not_scholarly_evidence
International Relations Theory,Empire of Civil Society A Critique of the Realist Theory of International Relations.pdf,The Empire of Civil Society: A Critique of the Realist Theory of International Relations,theory,"Realist theory of international relations, despite its dominance, fundamentally misunderstands the state and international system by ignoring the historical development of capitalism and civil society as structuring forces.",realism critique; civil society; social structures; state formation; capitalism and geopolitics; raison d'état; sovereignty,provisional_unverified,frontmatter_or_chapter_sample,hypothesis_only_not_scholarly_evidence
International Relations Theory,English_school_of_IR.pdf,The English School of International Relations: A Contemporary Reassessment,theory,"The English School offers a distinctive approach to international politics that emphasizes coexistence and cooperation alongside conflict between sovereign states, grounded in epistemological and methodological foundations that include sociology of states-systems and conceptions of good international citizenship.",English School theory; international society; states-systems; coexistence and cooperation; good international citizenship; Kantian thought; world politics progress,provisional_unverified,frontmatter_or_chapter_sample,hypothesis_only_not_scholarly_evidence
International Relations Theory,Ethics liberalism & realism in international relations.pdf,"Ethics, Liberalism and Realism in International Relations",theory,"Liberalism and realism both fail to integrate ethical and pragmatic dimensions of foreign policy, but a covenant-based paradigm can reconcile realist insights about political tragedy with the moral commitments necessary for democratic flourishing.",liberal social contract theory; realist international relations; covenant paradigm; ethics in statecraft; democratic moral community,provisional_unverified,frontmatter_or_chapter_sample,hypothesis_only_not_scholarly_evidence
International Relations Theory,European_approaches_to_IR_theory.pdf,European Approaches to International Relations Theory: A House with Many Mansions,mixed,European IR scholars offer distinct theoretical perspectives that challenge American-dominated mainstream IR theory and warrant integration into global academic discourse.,Knowledge production in IR communities; European schools of thought; Disciplinary pluralism; Continental theorizing; IR institutionalization,provisional_unverified,frontmatter_or_chapter_sample,hypothesis_only_not_scholarly_evidence
International Relations Theory,Feminist_IR.pdf,Feminist International Relations: An Unfinished Journey,mixed,"Feminism has fundamentally transformed International Relations scholarship over fifteen years, and feminist methodologies reveal gender's presence and effects in international politics while charting future directions for the field.",gender in international politics; feminist methodology; postcolonial perspectives; identity and agency; IR theory critique,provisional_unverified,frontmatter_or_chapter_sample,hypothesis_only_not_scholarly_evidence
International Relations Theory,Feminist_methodologies_for_IR.pdf,Feminist Methodologies for International Relations,method,"Feminist research in international relations requires distinctive methodologies and methods that integrate ontological, epistemological, and practical considerations to challenge and expand how IR scholarship is conducted.",Feminist epistemology; Research methodology and method; Gender analysis in IR; Fieldwork and ethnography; Marginalized identities and silences; Normative theory and ethics of care,provisional_unverified,frontmatter_or_chapter_sample,hypothesis_only_not_scholarly_evidence
International Relations Theory,Fifty_key_thinkers_IR_2nd_ed.pdf,Fifty Key Thinkers in International Relations,theory,"A comprehensive survey of fifty influential theorists and schools of thought that have shaped international relations theory, spanning realism, liberalism, constructivism, critical theory, and the English School.",Realism; Liberalism; Constructivism; Critical Theory; English School; International cooperation; State behavior,provisional_unverified,frontmatter_or_chapter_sample,hypothesis_only_not_scholarly_evidence
International Relations Theory,Fighting for Status Hierarchy and Conflict in World Politics.pdf,Fighting for Status: Hierarchy and Conflict in World Politics,theory,Status dissatisfaction and concerns over hierarchical position in the international system are significant drivers of conflict initiation and escalation among states.,status hierarchy; status dissatisfaction; international conflict; power and prestige; status networks; escalation dynamics,provisional_unverified,frontmatter_or_chapter_sample,hypothesis_only_not_scholarly_evidence
International Relations Theory,Fourth United Nations Seminar on the Question of Palestine Havana 31 Aug-4 Sept 1981.pdf,Fourth United Nations Seminar on the Question of Palestine,empirical,A 1981 UN seminar convened to advance international recognition of the inalienable rights of the Palestinian people through scholarly analysis and policy advocacy.,Palestinian inalienable rights; Israeli settlements and occupation; Palestinian national self-determination; International human rights law; Non-aligned solidarity,provisional_unverified,frontmatter_or_chapter_sample,hypothesis_only_not_scholarly_evidence
International Relations Theory,From empire to community.pdf,From Empire to Community: A New Approach to International Relations,theory,"The United States and the West must transition from unilateral imperial approaches to cooperative community-based frameworks for global governance, grounded in a universal moral synthesis that balances liberty, social order, and restraint.",Global normative synthesis; Community-based international relations; Service learning approach; Moral dialogue; Global safety architecture; Restraint in power use,provisional_unverified,frontmatter_or_chapter_sample,hypothesis_only_not_scholarly_evidence
International Relations Theory,Future_of_international_relations.pdf,The Future of International Relations: Masters in the Making?,theory,Contemporary international relations theory is best understood through detailed examination of individual theorists' complete bodies of work rather than through abstract paradigms or schools of thought.,International relations theory; Realism and neorealism; Institutionalism; Constructivism; English School; Critical theory,provisional_unverified,frontmatter_or_chapter_sample,hypothesis_only_not_scholarly_evidence
International Relations Theory,Global International Society A New Framework For Analysis Buzan Barry.pdf,Global International Society: A New Framework for Analysis,theory,"International society is structured through multiple forms of differentiation—geographic, hierarchical, and functional—which better explains contemporary global dynamics than the classical English School's assumption of like-units.",differentiation theory; primary institutions; English School approach; international versus world society; state hierarchy and privilege; functional specialization,provisional_unverified,frontmatter_or_chapter_sample,hypothesis_only_not_scholarly_evidence
International Relations Theory,Global International Society Buzan Barry.pdf,Global International Society: A New Framework for Analysis,theory,"The English School's international society framework can be systematized and extended through differentiation theory to explain how state diversity, regional variations, hierarchies, and functional specialization structure contemporary global international society.",English School theory; differentiation theory; primary institutions; international society expansion; regional and functional differentiation; hierarchy and privilege in IR,provisional_unverified,frontmatter_or_chapter_sample,hypothesis_only_not_scholarly_evidence
International Relations Theory,Global_Economic_Disparity.pdf,Global Economic Disparity: A Dynamic Force in Geoeconomic Competition of Superpowers,mixed,"Global economic disparities between developed and developing nations shape geopolitical competition among superpowers through international trade, finance, and competition for critical resources.",economic development; geoeconomic competition; international trade and finance; resource scarcity; technological capability; superpowers,provisional_unverified,frontmatter_or_chapter_sample,hypothesis_only_not_scholarly_evidence
International Relations Theory,Global_Ethics.pdf,"Global Ethics: Anarchy, Freedom and International Relations",theory,"International relations and global politics must be understood fundamentally in ethical terms rather than as struggles for power, as international actors constitute one another through global social practices underpinned by specific ethical commitments.",ethical engagement in international relations; global civil society; social practices and actors; international ethics; freedom and anarchy; normative theory,provisional_unverified,frontmatter_or_chapter_sample,hypothesis_only_not_scholarly_evidence
International Relations Theory,Global_Geostrategy.pdf,Global Geostrategy: Mackinder and the Defence of the West,theory,"Halford Mackinder's 1904 'Geographical Pivot of History' thesis remains a foundational framework for understanding geostrategic competition and power dynamics in international relations, with enduring relevance to contemporary geopolitics and Western strategic defence.",Heartland theory; Geographical determinism in geopolitics; Great power competition; Imperial strategy; Territorial control and power projection,provisional_unverified,frontmatter_or_chapter_sample,hypothesis_only_not_scholarly_evidence
International Relations Theory,Global_Orders_and_Civilizations.pdf,"Global Orders and Civilizations: Perspectives from History, Philosophy and International Relations",mixed,"The book examines how civilizations and cultural frameworks shape global orders, integrating historical, philosophical, and international relations perspectives to move beyond insufficient theorization of civilization-level analysis in IR.",civilization; global orders; world systems; international relations theory; macro-sociology; historical systems; cultural frameworks,provisional_unverified,frontmatter_or_chapter_sample,hypothesis_only_not_scholarly_evidence
International Relations Theory,Global_politics_of_power_justice_and_death.pdf,"The Global Politics of Power, Justice and Death: An Introduction to International Relations",mixed,"Global change results from the interaction of power, ideology, interests, and structural factors that determine outcomes on critical issues from environmental degradation to war and international justice.",Global Change Map; state sovereignty and decline; international political economy; power and influence dynamics; environmental governance; international law and institutions,provisional_unverified,frontmatter_or_chapter_sample,hypothesis_only_not_scholarly_evidence
International Relations Theory,Handbook_of_International_Relations.pdf,Handbook of International Relations,mixed,"A comprehensive state-of-the-art survey of international relations scholarship covering historical foundations, major theories, and contemporary research topics across the discipline.","IR theory and theoretical traditions; Normative and critical approaches; International institutions and law; Transnational dynamics and diffusion; Regional analysis and geopolitics; Identity, nationalism, and religion; Security and conflict studies",provisional_unverified,frontmatter_or_chapter_sample,hypothesis_only_not_scholarly_evidence
International Relations Theory,Handbook_of_Political_Theory.pdf,Handbook of Political Theory,theory,"A comprehensive survey of major approaches, methodologies, and theoretical frameworks that constitute contemporary political theory across multiple traditions and schools of thought.",ideology and political philosophy; textual interpretation and history; liberalism and libertarianism; marxism; postmodern approaches; positive political theory,provisional_unverified,frontmatter_or_chapter_sample,hypothesis_only_not_scholarly_evidence
International Relations Theory,Hidden_history_of_realism.pdf,The Hidden History of Realism: A Genealogy of Power Politics,theory,"Realism in International Relations has a genealogical history distinct from its contemporary paradigmatic framing, rooted in critiques of modernity and complex understandings of power that have been obscured by later systematization.",power politics; realism; genealogy; balance of power; international society; contramodern critique,provisional_unverified,frontmatter_or_chapter_sample,hypothesis_only_not_scholarly_evidence
International Relations Theory,History & international relations.pdf,History and International Relations,method,"International relations scholarship often employs narrow, deterministic historical readings that obscure the contingency and moral choice inherent in international politics, and greater methodological rigor from historiographic theory is needed.",historical methodology in IR; interpretation and selection bias; realism and historical contingency; quantitative vs. qualitative history; postmodernism and IR theory,provisional_unverified,frontmatter_or_chapter_sample,hypothesis_only_not_scholarly_evidence
International Relations Theory,History_&_international_relations.pdf,History and International Relations,method,"International relations scholarship often employs narrow and deterministic historical interpretations that obscure the contingency and moral complexity of international politics, revealing a need for greater historiographic rigor in the field.",historiographic theory and method; historical interpretation and bias; realism in IR theory; quantitative and structural analysis; postmodernism and contingency; history in foreign policy,provisional_unverified,frontmatter_or_chapter_sample,hypothesis_only_not_scholarly_evidence
International Relations Theory,Human_rights_in_IR.pdf,Human Rights in International Relations,mixed,"Human rights norms persist and shape international politics through soft law, non-state actors, and evolving state sovereignty, despite competing realist pressures.",human rights norms and standards; soft law and international law; non-governmental organizations; state sovereignty; transnational policy-making; transitional justice,provisional_unverified,frontmatter_or_chapter_sample,hypothesis_only_not_scholarly_evidence
International Relations Theory,IR Theory Historical Analogy and Major Power War.pdf,"IR Theory, Historical Analogy, and Major Power War",mixed,"International relations theory must incorporate historical analogy and critical comparative analysis to understand major power conflict, moving beyond polarity-based models toward engaged diplomacy and alternative institutional arrangements.",alternative realism; historical analogy; polarity and sovereignty; alliance formation and encirclement; multilateral security arrangements,provisional_unverified,frontmatter_or_chapter_sample,hypothesis_only_not_scholarly_evidence
International Relations Theory,IR and philosophy of history.pdf,International Relations and the Philosophy of History: A Civilizational Approach,theory,International relations theory must integrate philosophical approaches to history and adopt a civilizational framework to understand the long-term patterns and structures underlying international systems.,philosophy of history; civilizational analysis; international system; longue durée; historiography; theory construction,provisional_unverified,frontmatter_or_chapter_sample,hypothesis_only_not_scholarly_evidence
International Relations Theory,IR key concepts.pdf,International Relations: The Key Concepts,method,"A comprehensive reference guide to the essential concepts, themes, and debates in international relations, updated for the post-9/11 era.",sovereignty; globalization; international law; strategic studies; human rights; terrorism; multilateralism,provisional_unverified,frontmatter_or_chapter_sample,hypothesis_only_not_scholarly_evidence
International Relations Theory,IR_and_philosophy_of_history.pdf,International Relations and the Philosophy of History: A Civilizational Approach,mixed,"International relations theory must integrate philosophical and historical perspectives, particularly civilizational analysis spanning the longue durée, to understand the modern international system beyond purely positivist frameworks.",civilizational analysis; philosophy of history; longue durée; modern international system; historiography; international relations theory,provisional_unverified,frontmatter_or_chapter_sample,hypothesis_only_not_scholarly_evidence
International Relations Theory,Idealism and realism international relations.pdf,Idealism and Realism in International Relations: Beyond the Discipline,theory,"Idealism and realism constitute fundamental philosophical faultlines rather than paradigms in International Relations theory, and their irreconcilability should be acknowledged rather than suppressed in disciplinary accounts.",idealism versus realism philosophical divide; paradigm versus faultline distinction; essential contestability in IR theory; competing visions of progress; national differences in theoretical approaches; disciplinary consolidation and diversity,provisional_unverified,frontmatter_or_chapter_sample,hypothesis_only_not_scholarly_evidence
International Relations Theory,Ideology_and_International_relations.pdf,Ideology and International Relations in the Modern World,theory,"Ideology has been a decisive force shaping interstate politics and international behavior from the French Revolution to the present, operating alongside and often against realist interests.","ideology and foreign policy; nationalism and internationalism; totalitarian doctrines (Marxism-Leninism, Fascism, Nazism); liberalism and conservatism in IR; raison d'état and belief systems; propaganda and mass democracy",provisional_unverified,frontmatter_or_chapter_sample,hypothesis_only_not_scholarly_evidence
International Relations Theory,International Political Economy.pdf,International Political Economy,mixed,"An edited collection examining the interconnections between governance, economic policy, and globalization across diverse national contexts and economic sectors.",fiscal policy and growth; foreign direct investment; financial globalization; international competitiveness; trade liberalization; innovation policy; regional economic integration,provisional_unverified,frontmatter_or_chapter_sample,hypothesis_only_not_scholarly_evidence
International Relations Theory,International Relations and the Philosophy of History.pdf,International Relations and the Philosophy of History: A Civilizational Approach,theory,International relations theory must be grounded in philosophical history and civilizational analysis rather than ahistorical or Eurocentric frameworks.,civilizational approach; philosophy of history; historiography; modern international system; universal history; longue durée,provisional_unverified,frontmatter_or_chapter_sample,hypothesis_only_not_scholarly_evidence
International Relations Theory,International Theory Positivism and Beyond.pdf,International Theory: Positivism and Beyond,theory,"The book examines whether international theory has moved beyond its positivist phase by analyzing traditional approaches, marginalized issues, and emerging theoretical developments including historical sociology, post-structuralism, feminism, and critical theory.",positivism in international relations; realism and pluralism; historical sociology; post-structuralism; feminist theory; critical theory,provisional_unverified,frontmatter_or_chapter_sample,hypothesis_only_not_scholarly_evidence
International Relations Theory,International relations theory 2nd ed.pdf,International Relations Theory: A Critical Introduction,theory,"Major international relations theories—realism, idealism, liberalism, constructivism, postmodernism, gender, and globalization—rest on myths and assumptions that can be critically examined through popular film narratives.",realism and neorealism; idealism and neoliberalism; constructivism; gender and feminism; globalization; international anarchy; myth function,provisional_unverified,frontmatter_or_chapter_sample,hypothesis_only_not_scholarly_evidence
International Relations Theory,International relations theory 3rd ed.pdf,International Relations Theory: A Critical Introduction,theory,"International relations theories can be understood and critically examined by analyzing how their core arguments are constructed and mythologized, illustrated through popular films.",realism and neo-realism; idealism and liberalism; constructivism; postmodernism and gender theory; globalization and environmentalism,provisional_unverified,frontmatter_or_chapter_sample,hypothesis_only_not_scholarly_evidence
International Relations Theory,International_Frontiers_and_Boundaries.pdf,"International Frontiers and Boundaries: Law, Politics and Geography",mixed,"International land boundaries are shaped by the interplay of legal principles, political interests, and geographical constraints, with dispute resolution requiring understanding of how law, politics, and cartography intersect across different world regions.",Boundary demarcation and delimitation; Frontier evolution and territoriality; International law and territorial rights; Cartographic evidence and mapping; Regional boundary disputes; River boundaries and maritime zones,provisional_unverified,frontmatter_or_chapter_sample,hypothesis_only_not_scholarly_evidence
International Relations Theory,International_Politics.pdf,"International Politics: Concepts, Theories and Issues",mixed,"A comprehensive examination of the foundational concepts, theoretical frameworks, and contemporary issues that structure the study of international relations and state behavior in the global system.",nation-state system; national power and balance of power; collective security; national interest; diplomacy; colonialism and decolonization,provisional_unverified,frontmatter_or_chapter_sample,hypothesis_only_not_scholarly_evidence
International Relations Theory,International_Security_and_the_United_States.pdf,International Security and the United States: An Encyclopedia,empirical,A comprehensive reference work examining international security issues and U.S. foreign relations across diverse geographic regions and actors.,international security; U.S. foreign policy; regional geopolitics; conflict and stability; transnational threats,provisional_unverified,frontmatter_or_chapter_sample,hypothesis_only_not_scholarly_evidence
International Relations Theory,International_Society_and_Its_Critics.pdf,International Society and Its Critics,theory,The English School approach to international relations requires critical engagement with alternative theoretical perspectives to clarify its continuing relevance and contributions to understanding post-Cold War world politics.,English School theory; international society; critical theory engagement; realism; postmodern approaches,provisional_unverified,frontmatter_or_chapter_sample,hypothesis_only_not_scholarly_evidence
International Relations Theory,International_law_and_international_relations.pdf,International Law and International Relations,mixed,International law and international relations scholars and policymakers can productively engage in interdisciplinary collaboration to address contemporary policy challenges at the intersection of law and politics.,interdisciplinary scholarship; non-state actors; state weakness and illegitimacy; international criminal accountability; terrorism and security governance; small arms proliferation,provisional_unverified,frontmatter_or_chapter_sample,hypothesis_only_not_scholarly_evidence
International Relations Theory,International_politics_judicial_intervention.pdf,The International Politics of Judicial Intervention,mixed,"Judicial intervention mechanisms for international justice create normative tensions with state sovereignty and non-intervention principles, generating variable state compliance and resistance.",judicial intervention; state sovereignty; international norms; international criminal justice; human rights law,provisional_unverified,frontmatter_or_chapter_sample,hypothesis_only_not_scholarly_evidence
International Relations Theory,International_relations_political_theory.pdf,"International Relations, Political Theory and the Problem of Order: Beyond International Relations Theory?",theory,"International Relations theory has become separated from political theory to mutual detriment, and must reconsider how different methodological approaches address the fundamental problem of order in international politics.",problem of order; balance of power; international society; institutional approaches; emancipation; global governance; Cold War trajectories,provisional_unverified,frontmatter_or_chapter_sample,hypothesis_only_not_scholarly_evidence
International Relations Theory,International_relations_theory_for_21st_century.pdf,International Relations Theory for the Twenty-First Century,theory,"IR theory encompasses diverse schools—realism, liberalism, Marxism, constructivism, feminism, poststructuralism, and postcolonialism—each offering distinct frameworks for understanding international politics in the contemporary era.",realism; liberal internationalism; constructivism; poststructuralism; feminism; postcolonialism; international political economy,provisional_unverified,frontmatter_or_chapter_sample,hypothesis_only_not_scholarly_evidence
International Relations Theory,Introduction to International Relations Jackson Sorensen.pdf,Introduction to International Relations: Theories and Approaches,mixed,"A comprehensive survey of major international relations theories and analytical approaches to understanding state behavior, global politics, and international phenomena.",IR theories and schools; State behavior and interaction; International systems analysis; Theory application to policy; Post-positivist approaches,provisional_unverified,frontmatter_or_chapter_sample,hypothesis_only_not_scholarly_evidence
International Relations Theory,Issues in international relations 2nd ed.pdf,Issues in International Relations,mixed,"An introductory survey of the major conceptual, theoretical, and contemporary issues shaping twenty-first-century international relations, designed for students new to the discipline.","theories of international relations; sovereignty and power; force and security; international law and organizations; globalization and development; transnational challenges (terrorism, environment, religion)",provisional_unverified,frontmatter_or_chapter_sample,hypothesis_only_not_scholarly_evidence
International Relations Theory,Justice_community_dialogue_IR.pdf,"Justice, Community and Dialogue in International Relations",theory,"Justice to difference in a culturally diverse world is achievable through recognition of particular human identities via communication and dialogue, grounded in Gadamerian philosophical hermeneutics.",cosmopolitan justice; cultural difference; philosophical hermeneutics; dialogue and communication; thin cosmopolitanism; community and universalism,provisional_unverified,frontmatter_or_chapter_sample,hypothesis_only_not_scholarly_evidence
International Relations Theory,Key Concepts in International Relations.pdf,Key Concepts in International Relations,mixed,"A comprehensive reference guide to over 40 central concepts and core theories in International Relations, relating them to contemporary issues and debates.",international relations theory; core concepts; contemporary debates; empirical application; theoretical perspectives,provisional_unverified,frontmatter_or_chapter_sample,hypothesis_only_not_scholarly_evidence
International Relations Theory,Liberalism and war.pdf,Liberalism and War: The Victors and the Vanquished,mixed,"Liberal states have employed distinct post-war strategies—revenge, restitution, reparation, restraint, retribution, reconciliation, and reconstruction—to consolidate liberal gains, prevent recurrence of conflict, and transform defeated enemies.",liberal war termination; post-war state transformation; regime change strategies; reconciliation and reconstruction; liberal internationalism,provisional_unverified,frontmatter_or_chapter_sample,hypothesis_only_not_scholarly_evidence
International Relations Theory,Logic_of_internationalism.pdf,The Logic of Internationalism: Coercion and Accommodation,theory,Internationalism operates through two dimensions—coercive enforcement and accommodative compromise—whose joint pursuit raises theoretical and practical tensions under contemporary political conditions.,coercive and accommodative dimensions; international opinion and norms; international cooperation and war inhibition; international institutions; ethics of internationalism,provisional_unverified,frontmatter_or_chapter_sample,hypothesis_only_not_scholarly_evidence
International Relations Theory,Meaning_and_international_relations.pdf,Meaning and International Relations,theory,"Post-Cold War international relations must be understood through hermeneutic interpretation of diverse, pluralistic meanings in global culture and politics rather than universal ideological frameworks.",hermeneutics and interpretation; meaning-making in globalization; post-ideological politics; transnational culture and identity; pluralism and diversity,provisional_unverified,frontmatter_or_chapter_sample,hypothesis_only_not_scholarly_evidence
International Relations Theory,Millennial_Reflections_on_International_Studies.pdf,Millennial Reflections on International Studies,theory,"A multidisciplinary assessment of international relations theory at the turn of the twenty-first century, examining realist, institutionalist, critical, and feminist approaches to the discipline.",realism and state security; institutional theory and governance; critical and alternative perspectives; transnational relations and globalization; feminist theory and gender,provisional_unverified,frontmatter_or_chapter_sample,hypothesis_only_not_scholarly_evidence
International Relations Theory,Moral_limit_&_possibility_in_world_politics.pdf,Moral Limit and Possibility in World Politics,theory,"Constructivist scholars examine how moral principles are negotiated, compromised, and sustained in global political dilemmas, exploring the conditions under which ethical limits are reached and moral change becomes possible.",moral limits in international politics; constructivist ethics; normative international relations theory; humanitarian intervention; sovereignty and recognition,provisional_unverified,frontmatter_or_chapter_sample,hypothesis_only_not_scholarly_evidence
International Relations Theory,Multiregionalism_and_Multilateralism.pdf,Multiregionalism and Multilateralism: Asian-European Relations in a Global Context,empirical,"The institutionalization of intra-regional and inter-regional cooperation through forums like ASEM reflects the centrality of multilateralism in the contemporary international system, particularly as it shapes evolving relationships among the EU, China, and India.",multiregionalism; multilateralism; interregional cooperation; institutional frameworks; ASEM; Asian-European relations,provisional_unverified,frontmatter_or_chapter_sample,hypothesis_only_not_scholarly_evidence
International Relations Theory,Must Global Politics Constrain Democracy Great-Power Realism Democratic Peace and Democratic Internationalism.pdf,"Must Global Politics Constrain Democracy? Great-Power Realism, Democratic Peace, and Democratic Internationalism",theory,Global politics need not constrain democracy; democratic internationalism offers a viable alternative to great-power realism by theorizing how democratic states can pursue cooperative foreign policies aligned with democratic values.,great-power realism; democratic peace theory; democratic internationalism; neorealism; international regimes; foreign policy constraints on democracy,provisional_unverified,frontmatter_or_chapter_sample,hypothesis_only_not_scholarly_evidence
International Relations Theory,Myth and Narrative in International Politics Interpretive Approaches to the Study of IR.pdf,Myth and Narrative in International Politics: Interpretive Approaches to the Study of IR,method,Tacit knowledge and unarticulated meaning conveyed through myth and narrative are essential dimensions of political life that interpretive IR scholarship must engage with beyond explicit verbal articulation.,tacit knowledge; myth and narrative; interpretive methodology; political meaning-making; collective understanding,provisional_unverified,frontmatter_or_chapter_sample,hypothesis_only_not_scholarly_evidence
International Relations Theory,Nation Psychology and International Politics 1870-1919.pdf,"The Nation, Psychology, and International Politics, 1870–1919",mixed,Psychological concepts of national identity and collective consciousness shaped international political thought and diplomacy during the formative period of modern nation-states from 1870 to 1919.,national psychology; nation-state formation; international diplomacy; collective identity; transnational history,provisional_unverified,frontmatter_or_chapter_sample,hypothesis_only_not_scholarly_evidence
International Relations Theory,Nations at War A Scientific Study of International Conflict Geller Singer.pdf,Nations at War: A Scientific Study of International Conflict,empirical,War in international politics can be explained through data-based empirical research identifying structural factors at multiple analytical levels and using scientific covering-law models to generate probabilistic predictions.,"rational and nonrational decision-making models; multi-level analysis (state, dyad, region, system); quantitative conflict analysis; structural factors in war onset; covering-law scientific explanation; probabilistic prediction",provisional_unverified,frontmatter_or_chapter_sample,hypothesis_only_not_scholarly_evidence
International Relations Theory,Nature_of_the_State.pdf,The Nature of the State: Excavating the Political Ecologies of the Modern State,theory,"The modern state is constituted through complex political ecological relations that integrate environmental, spatial, and institutional dimensions into governance.",political ecology; state theory; environmental policy; institutional geography; human geography; power relations,provisional_unverified,frontmatter_or_chapter_sample,hypothesis_only_not_scholarly_evidence
International Relations Theory,Neoclassical Realism the State and Foreign Policy.pdf,"Neoclassical Realism, the State, and Foreign Policy",theory,Neoclassical realism explains how internal state characteristics mediate between international systemic pressures and individual state grand strategies in foreign policy.,state autonomy and capacity; threat assessment; grand strategy; domestic politics and interest groups; systemic-domestic interaction,provisional_unverified,frontmatter_or_chapter_sample,hypothesis_only_not_scholarly_evidence
International Relations Theory,Neoclassical Realist Theory of International Politics.pdf,Neoclassical Realist Theory of International Politics,theory,Neoclassical realism synthesizes structural constraints on state behavior from systemic anarchy with unit-level foreign policy analysis to provide a more complete mid-range theory of international politics than structural realism alone.,structural realism; foreign policy analysis; state behavior; systemic constraints; intervening variables; unit-level analysis,provisional_unverified,frontmatter_or_chapter_sample,hypothesis_only_not_scholarly_evidence
International Relations Theory,Neoconservatism and the New American Century.pdf,Neoconservatism and the New American Century,empirical,"Neoconservative ideology shaped American foreign policy during the 1990s and the transition to the Bush administration, establishing the intellectual foundation for unilateral American dominance in the post-Cold War era.",neoconservatism; unipolarity; American hegemony; foreign policy networks; post-Cold War strategy,provisional_unverified,frontmatter_or_chapter_sample,hypothesis_only_not_scholarly_evidence
International Relations Theory,Networked_Regionalism_As_Conflict_Management.pdf,Networked Regionalism as Conflict Management,mixed,Regional organizations and networks can effectively manage conflicts in post-conflict areas by fostering interconnected governance structures that transcend state boundaries.,networked regionalism; conflict management; peace-building; regional organizations; post-Westphalian governance; network theory,provisional_unverified,frontmatter_or_chapter_sample,hypothesis_only_not_scholarly_evidence
International Relations Theory,Non-Western Theories of International Relations Conceptualizing World Regional Studies.pdf,Non-Western Theories of International Relations: Conceptualizing World Regional Studies,theory,Western International Relations theory has systematically overlooked space as a critical dimension; incorporating non-Western perspectives and regional analysis reveals the emergence of multipolar dynamics and alternative frameworks for understanding global order.,non-Western IR theory; world regional studies; spatial dimension; multipolar world system; macro-regionalization; social-political access,provisional_unverified,frontmatter_or_chapter_sample,hypothesis_only_not_scholarly_evidence
International Relations Theory,Ontological Security in International Relations Self-Identity and the IR State.pdf,Ontological Security in International Relations: Self-Identity and the IR State,theory,"States pursue social actions to secure their self-identity through time, even when these actions compromise physical security, driven by ontological anxiety shared by all social agents.",ontological security; state self-identity; social action motives; anxiety and being; identity transformation,provisional_unverified,frontmatter_or_chapter_sample,hypothesis_only_not_scholarly_evidence
International Relations Theory,Perception and misperception in international politics.pdf,Perception and Misperception in International Politics,theory,"How decision-makers' perceptions of international reality, shaped by cognitive processes and historical learning, diverge from objective conditions and drive foreign policy outcomes.",cognitive consistency; deterrence vs. spiral model; evoked set; historical analogies; level of analysis; intentions attribution,provisional_unverified,frontmatter_or_chapter_sample,hypothesis_only_not_scholarly_evidence
International Relations Theory,Perfect_deterrence.pdf,Perfect Deterrence,theory,"Non-cooperative game theory provides a new analytical framework for understanding deterrence relationships by examining how capability, preferences, and credibility interact to shape outcomes in conflict situations.",Perfect Deterrence Theory; non-cooperative game theory; credibility; extended deterrence; threat assessment; mutual deterrence,provisional_unverified,frontmatter_or_chapter_sample,hypothesis_only_not_scholarly_evidence
International Relations Theory,Political Theory and International Relations.pdf,Political Theory and International Relations,theory,"International relations can be understood through normative political theory by moving beyond the state-of-nature conception to develop a cosmopolitan framework that addresses justice, state autonomy, and distributive concerns.",state of nature; international morality; state autonomy; cosmopolitanism; distributive justice; nonintervention; self-determination,provisional_unverified,frontmatter_or_chapter_sample,hypothesis_only_not_scholarly_evidence
International Relations Theory,Political_Thought_and_International_Relations.pdf,Political Thought and International Relations: Variations on a Realist Theme,theory,"Realism in international relations is best understood through its intellectual history and philosophical foundations in political thought, examining how classical and modern realist thinkers have grappled with ethics, power, and the nature of political reality.",realism and political theory; ethics in international relations; classical political thought; Hans Morgenthau's legacy; power and justice; normative theory,provisional_unverified,frontmatter_or_chapter_sample,hypothesis_only_not_scholarly_evidence
International Relations Theory,Portraying the Other in International Relations.pdf,"Portraying the Other in International Relations: Cases of Othering, Their Dynamics and the Potential for Transformation",mixed,"The book examines how states and international actors construct and portray 'the Other' in international relations, analyzing the mechanisms of othering across multiple case studies and exploring pathways toward transformative change.",othering; identity construction; interstate relations; foreign policy discourse; terrorism labeling; postcolonial relations; conflict transformation,provisional_unverified,frontmatter_or_chapter_sample,hypothesis_only_not_scholarly_evidence
International Relations Theory,Power & governance in a partially globalized world.pdf,Power and Governance in a Partially Globalized World,theory,"International institutions and law provide mechanisms for states to manage interdependence, coordinate governance, and resolve collective action problems in an increasingly globalized but still anarchic world system.",institutional theory; interdependence; international law; global governance; sovereignty; compliance,provisional_unverified,frontmatter_or_chapter_sample,hypothesis_only_not_scholarly_evidence
International Relations Theory,Power in the 21st Century International Security and International Political Economy in a Changing World.pdf,Power in the 21st Century: International Security and International Political Economy in a Changing World,theory,"Global power is shifting among industrialized and emerging powers across international security and political economy domains, requiring new theoretical frameworks to understand and measure this transformation.",power shift; emerging powers; international security; international political economy; global governance; state and non-state actors,provisional_unverified,frontmatter_or_chapter_sample,hypothesis_only_not_scholarly_evidence
International Relations Theory,Power in the global information age from realism to globalization.pdf,Power in the Global Information Age: From Realism to Globalization,theory,"International power in the information age extends beyond military and economic coercion to encompass soft power and institutional influence, requiring realist theory to integrate insights from interdependence, globalization, and information revolution.",soft power; hard power; interdependence; neorealism and neoliberalism; information revolution; globalization; governance,provisional_unverified,frontmatter_or_chapter_sample,hypothesis_only_not_scholarly_evidence
International Relations Theory,Power of power politics.pdf,The Power of Power Politics: From Classical Realism to Neotraditionalism,theory,"Vasquez evaluates the power politics perspective's dominance in international relations inquiry and assesses its explanatory accuracy regarding world politics, tracing its evolution from classical realism through neorealism to contemporary theoretical developments.",power politics paradigm; classical realism; neorealism; balancing theory; institutionalism; paradigm progression,provisional_unverified,frontmatter_or_chapter_sample,hypothesis_only_not_scholarly_evidence
International Relations Theory,Power_Interdependence_and_Nonstate_Actors_in_Wo.pdf,"Power, Interdependence, and Nonstate Actors in World Politics",mixed,"International institutions, power dynamics, and nonstate actors reshape how interdependence functions across diplomatic, economic, environmental, and social issue areas in contemporary world politics.",international institutions; power and interdependence; nonstate actors; institutional design and compliance; transnational governance,provisional_unverified,frontmatter_or_chapter_sample,hypothesis_only_not_scholarly_evidence
International Relations Theory,Power_in_Global_Governance.pdf,Power in Global Governance,theory,"Power operates through multiple dimensions and forms in global governance, and scholars must expand their conceptual frameworks to recognize how these different kinds of power connect and intersect across issue areas in world politics.",power taxonomy; forms of power; global governance; international relations; world politics; theoretical perspectives,provisional_unverified,frontmatter_or_chapter_sample,hypothesis_only_not_scholarly_evidence
International Relations Theory,Puzzles of the Democratic Peace Theory Geopolitics and the Transformation of World Politics.pdf,"Puzzles of the Democratic Peace: Theory, Geopolitics and the Transformation of World Politics",theory,"Democratic peace theory requires reexamination through historical and geopolitical analysis, revealing how regime type, rivalry, and systemic context jointly shape patterns of interstate conflict and cooperation.",democratic peace theory; regime type and conflict; international rivalry; systemic leadership; geopolitical context,provisional_unverified,frontmatter_or_chapter_sample,hypothesis_only_not_scholarly_evidence
International Relations Theory,Rational Theory of International Politics The Logic of Competition and Cooperation.pdf,Rational Theory of International Politics: The Logic of Competition and Cooperation,theory,"International anarchy does not inherently drive competition; under varying material and information conditions, rational states often choose cooperation to achieve security.",rational choice theory; security dilemma; arms races; state cooperation; structural anarchy; strategic choice,provisional_unverified,frontmatter_or_chapter_sample,hypothesis_only_not_scholarly_evidence
International Relations Theory,Realism idealism and international politics.pdf,"Realism, Idealism and International Politics: A Reinterpretation",theory,The Anglo-American discipline of International Relations has been founded on a false dichotomy between realism and idealism; a reinterpretation of major realist theorists reveals how both explanatory and normative dimensions of international theory are inseparable and mutually constitutive.,realism versus idealism; domestic-international distinction; power politics and anarchy; balance of power; state behaviour explanation; metatheoretical assumptions,provisional_unverified,frontmatter_or_chapter_sample,hypothesis_only_not_scholarly_evidence
International Relations Theory,Realism in International Relations and International Political Economy.pdf,Realism in International Relations and International Political Economy: The Continuing Story of a Death Foretold,theory,"Realism evolved not as a fixed school of thought but as a repeatedly failed attempt to transform European diplomatic rules into principles of US social science, with its trajectory marked by crises and institutional pressures.",classical realism; core concepts and their evolution; containment policy; crisis management; détente diplomacy; inter-paradigm debate,provisional_unverified,frontmatter_or_chapter_sample,hypothesis_only_not_scholarly_evidence
International Relations Theory,Realism reconsidered.pdf,Realism Reconsidered: The Legacy of Hans Morgenthau in International Relations,theory,This edited volume reassesses Hans Morgenthau's foundational contributions to realist international relations theory and examines his continuing relevance to contemporary debates in international politics.,realism; Hans Morgenthau; balance of power; international morality; agency; political realism,provisional_unverified,frontmatter_or_chapter_sample,hypothesis_only_not_scholarly_evidence
International Relations Theory,Realist tradition & limits of international relations.pdf,The Realist Tradition and the Limits of International Relations,theory,"Classical realist thinkers emphasized restrained power and ethics in politics, contrary to the stereotype that realism reduces IR to crude power politics.",Realism; Power politics; Ethics in international relations; Classical realist thought; Responsible statecraft,provisional_unverified,frontmatter_or_chapter_sample,hypothesis_only_not_scholarly_evidence
International Relations Theory,Regions and powers.pdf,Regions and Powers: The Structure of International Security,mixed,"Since decolonization, regional security complexes have become the primary organizing framework for understanding post-Cold War international security dynamics, revealing radical diversity in global security patterns.",Regional security complexes; Security regionalism; Post-Cold War order; Decolonization; Global power structure; Territorial security dynamics,provisional_unverified,frontmatter_or_chapter_sample,hypothesis_only_not_scholarly_evidence
International Relations Theory,Regions of War and Peace.pdf,Regions of War and Peace,empirical,"Power parity and dissatisfaction with the status quo are correlates of war across regions and power levels, with differential development explaining cross-regional variation in their war-generating effects.",power parity; status quo dissatisfaction; regional hierarchies; minor vs. major powers; development differentials,provisional_unverified,frontmatter_or_chapter_sample,hypothesis_only_not_scholarly_evidence
International Relations Theory,Religion in IR.pdf,Religion in International Relations: The Return from Exile,theory,"Religion, long marginalized in IR theory and practice, has resurged as a vital force shaping international politics, security, and global ethics in the post-Cold War era.",religious resurgence; securitization; international political theology; religious pluralism; faith and conflict; Christian-Islamic dialogue,provisional_unverified,frontmatter_or_chapter_sample,hypothesis_only_not_scholarly_evidence
International Relations Theory,Rethinking_ethical_foreign_policy.pdf,Rethinking Ethical Foreign Policy,theory,"Ethics have become central to contemporary foreign policy, and understanding their limits requires examining both internal policy dynamics and unintended consequences rather than simply reconciling interests with values.",ethical foreign policy; intervention techniques; strategic interests vs. values; policy consequences; international governance,provisional_unverified,frontmatter_or_chapter_sample,hypothesis_only_not_scholarly_evidence
International Relations Theory,Securitization Understanding Its Process in the field of International Relations.pdf,Securitization: Understanding Its Process in the Field of International Relations,theory,"Security issues are socially constructed through a process of securitization, with the Copenhagen School and Singaporean School offering competing frameworks for understanding how and why certain developments become defined as security threats requiring emergency measures.",securitization; Copenhagen School framework; Singaporean School framework; social construction of threats; non-traditional security; security expansion,provisional_unverified,frontmatter_or_chapter_sample,hypothesis_only_not_scholarly_evidence
International Relations Theory,Social and Cultural Dynamics.pdf,"Social and Cultural Dynamics: A Study of Change in Major Systems of Art, Truth, Ethics, Law and Social Relationships",theory,"Sociocultural systems undergo cyclical fluctuations between ideational, idealistic, and sensate phases, with major shifts in art, philosophy, ethics, law, and social organization reflecting deeper patterns of historical change.",ideational and sensate cultural phases; cyclical theory of history; macrosociology; cultural mentality; systems of truth and ethics,provisional_unverified,frontmatter_or_chapter_sample,hypothesis_only_not_scholarly_evidence
International Relations Theory,Social theory of international politics.pdf,Social Theory of International Politics,theory,"The international system is a social construction shaped by shared ideas and cultures of anarchy rather than material forces alone, with state interests and behaviors fundamentally determined by how states conceptualize their relationships as enemies, rivals, or friends.",constructivism; cultures of anarchy; social construction; structural change; state identity and interests,provisional_unverified,frontmatter_or_chapter_sample,hypothesis_only_not_scholarly_evidence
International Relations Theory,State Society and International Relations in Asia.pdf,"State, Society and International Relations in Asia: Reality and Challenges",empirical,"Asian postcolonial states navigate rising economic and political power while managing internal tensions around nationalism, democratization, ethno-religious conflict, and state-society relations in a globalizing world.",postcolonial state formation; nationalism and democratization; state-society relations; ethno-religious tensions; geopolitics and regionalization; economic industrialization,provisional_unverified,frontmatter_or_chapter_sample,hypothesis_only_not_scholarly_evidence
International Relations Theory,State repression and the domestic democratic peace.pdf,State Repression and the Domestic Democratic Peace,empirical,"Democracy reduces state repression across multiple dimensions, though unevenly and contingently on the absence of severe political conflict.",state repression; democratic peace; human rights violations; electoral participation; political conflict; regime type,provisional_unverified,frontmatter_or_chapter_sample,hypothesis_only_not_scholarly_evidence
International Relations Theory,Strategic_Regions_in_21st_Century_Power_Politics.pdf,Strategic Regions in 21st Century Power Politics: Zones of Consensus and Zones of Conflict,empirical,"The book examines how geographical regions shape contemporary international power competition, identifying areas of consensus and conflict among major powers through geopolitical analysis of strategic zones including the Indian Ocean, Arctic, South China Sea, and Eurasia.",geopolitics; strategic regions; power politics; zones of conflict; great power competition; regional hegemony,provisional_unverified,frontmatter_or_chapter_sample,hypothesis_only_not_scholarly_evidence
International Relations Theory,System Effects.pdf,System Effects: Complexity in Political and Social Life,theory,"Political and social systems exhibit emergent properties and complex interdependencies where outcomes arise from interactions among actors rather than from individual intentions, requiring analysis of indirect effects, feedback loops, and systemic constraints.",System effects and emergent properties; Feedback loops and circular causality; Balance of power dynamics; Interdependence and interconnection; Triangular relations and alignment; Complexity in international relations,provisional_unverified,frontmatter_or_chapter_sample,hypothesis_only_not_scholarly_evidence
International Relations Theory,Temptations_of_power.pdf,Temptations of Power: The United States in Global Politics after 9/11,empirical,"The United States faced critical choices about how to exercise its post-Cold War power following the September 11 attacks, with significant consequences for global politics and international relations.",US foreign policy; balance of power; post-9/11 strategy; terrorism and national security; international relations theory,provisional_unverified,frontmatter_or_chapter_sample,hypothesis_only_not_scholarly_evidence
International Relations Theory,The Anarchical Society Bull.pdf,The Anarchical Society: A Study of Order in World Politics,theory,"International order can exist among sovereign states despite the absence of a central authority, through the functioning of an international society based on shared rules, institutions, and practices.",International society; Balance of power; Order versus justice; Great power management; Diplomacy and international law,provisional_unverified,frontmatter_or_chapter_sample,hypothesis_only_not_scholarly_evidence
International Relations Theory,The Behavioral Origins of War.pdf,The Behavioral Origins of War,method,Comprehensive empirical testing of multiple international relations theories through comparative hypothesis testing reveals that war's origins emerge from multiple complementary causes rather than single explanatory frameworks.,expected utility theory; comparative hypothesis testing; international conflict; behavioral explanations; theoretical cumulation,provisional_unverified,frontmatter_or_chapter_sample,hypothesis_only_not_scholarly_evidence
International Relations Theory,The Expansion of International Society Hedley Bull.pdf,The Expansion of International Society,mixed,"The international society of European origin has geographically expanded globally and transformed from a European-dominated system into a universal, non-hegemonic structure, raising the question of whether consensus on common rules and institutions has been maintained or eroded.",European international system expansion; International society and membership; Hegemony and domination; Non-European state integration; Global consensus and institutions,provisional_unverified,frontmatter_or_chapter_sample,hypothesis_only_not_scholarly_evidence
International Relations Theory,The Field of Nations An Account of Some New Approaches to International Relations.pdf,The Field of Nations: An Account of Some New Approaches to International Relations,method,"International relations can be systematically studied through behavioural science techniques and formal models, including game theory, simulations, and mathematical frameworks, that complement traditional historical and political analysis.",game theory and interdependent decisions; systems analysis and modelling; simulation methods; quantitative analysis and statistical methods; crisis analysis and decision-making; behavioural approaches to world politics,provisional_unverified,frontmatter_or_chapter_sample,hypothesis_only_not_scholarly_evidence
International Relations Theory,The First World War and German National Identity The Dual Alliance at War.pdf,The First World War and German National Identity: The Dual Alliance at War,empirical,"The First World War challenged and reshaped German national identity through the complex relationship between Imperial Germany and Austria-Hungary, revealing tensions between German-speaking populations and broader conceptions of German nationhood.",German national identity; Austro-German alliance; War and society; Central European history; German war aims,provisional_unverified,frontmatter_or_chapter_sample,hypothesis_only_not_scholarly_evidence
International Relations Theory,The Fundamental Principles of International Relations.pdf,Fundamental Principles of International Relations,theory,"International relations encompasses enduring characteristics of world politics alongside revolutionary changes affecting the state system, with contemporary trends like globalization reshaping traditional IR issues in a complex post-Cold War era.",state system; globalization; international organization; foreign policy; world politics,provisional_unverified,frontmatter_or_chapter_sample,hypothesis_only_not_scholarly_evidence
International Relations Theory,"The Hawk and the Dove Paul Nitze, George Kennan, and the History of the Cold War by Nicholas Thompson.mobi.pdf","The Hawk and the Dove: Paul Nitze, George Kennan, and the History of the Cold War",empirical,"A dual biography examining the contrasting Cold War strategies of Paul Nitze and George Kennan, exploring how their fundamental disagreement on containment and deterrence shaped U.S. foreign policy from the 1940s through the 1980s.",containment strategy; Cold War deterrence; U.S.-Soviet relations; arms race negotiations; policy disagreement and influence,provisional_unverified,frontmatter_or_chapter_sample,hypothesis_only_not_scholarly_evidence
International Relations Theory,"The Last Decade of the Cold War From Conflict Escalation to Conflict Transformation Cass Series--Cold War History, 5 by Olav Njolstad.pdf",The Last Decade of the Cold War: From Conflict Escalation to Conflict Transformation,empirical,"The 1980s marked a decisive shift from escalating Cold War tensions to fundamental transformation of superpower relations, driven by Soviet economic constraints, ideological reorientation, and changing strategic calculations.",Cold War escalation and de-escalation; Soviet perestroika and new thinking; Superpower cooperation; Economic constraints on security policy; European role in Cold War transformation,provisional_unverified,frontmatter_or_chapter_sample,hypothesis_only_not_scholarly_evidence
International Relations Theory,"The Long Twentieth Century Money, Power and the Origins of Our Time Giovanni Arrighi.pdf","The Long Twentieth Century: Money, Power, and the Origins of Our Times",theory,"The long twentieth century represents a distinct epoch of capitalist development defined by successive systemic cycles of accumulation centered on hegemonic powers—Genoa, the Dutch Republic, Britain, and the United States—each cycle characterized by the rise, expansion, and eventual crisis of a dominant financial and territorial order.",systemic cycles of accumulation; hegemony and territoriality; high finance and capital; world-systems analysis; dialectics of state and capital,provisional_unverified,frontmatter_or_chapter_sample,hypothesis_only_not_scholarly_evidence
International Relations Theory,The Political Economy of International Relations Gilpin.pdf,The Political Economy of International Relations,theory,"International relations are fundamentally shaped by the interaction of political power and economic interests, with structural changes in the global economy driving conflict and requiring analysis across liberal, nationalist, and Marxist perspectives.",Political economy framework; Structural change in international systems; Hegemonic stability theory; International monetary regimes; Trade politics and protectionism; Multinational corporations,provisional_unverified,frontmatter_or_chapter_sample,hypothesis_only_not_scholarly_evidence
International Relations Theory,The Power of International Theory.pdf,The Power of International Theory: Reforging the Link to Foreign Policy-Making Through Scientific Enquiry,method,"International relations theory can guide policy-makers effectively by adopting a causal-conventional approach that combines empirical testing, methodological pluralism, and limited prediction while addressing criticisms of earlier positivism.",causal-conventional methodology; holistic empirical testing; methodological pluralism; theory selection criteria; policy guidance; positivism and post-positivism,provisional_unverified,frontmatter_or_chapter_sample,hypothesis_only_not_scholarly_evidence
International Relations Theory,The Puzzles of Politics  Kratochwil.pdf,The Puzzles of Politics,theory,"International relations theory must expand beyond traditional approaches to examine how social order, norms, and principles of justice enable and sustain politics, drawing on constructivist insights about rules and their constitutive role.",constructivism; norms and rules; sovereignty; social order; global governance; epistemology,provisional_unverified,frontmatter_or_chapter_sample,hypothesis_only_not_scholarly_evidence
International Relations Theory,The Realist Tradition in International Relations.pdf,"The Realist Tradition in International Relations: The Foundations of Western Order, Volume 1: State of Hope",theory,An examination of realism as a philosophical and theoretical foundation for understanding international relations and the structure of Western political order.,realism; international relations theory; nation-state; Western order; political philosophy,provisional_unverified,frontmatter_or_chapter_sample,hypothesis_only_not_scholarly_evidence
International Relations Theory,The Room Where It Happened A White House Memoir.pdf,The Room Where It Happened: A White House Memoir,empirical,"An insider account of the Trump administration's national security decision-making, arguing that institutional dysfunction and the president's reliance on instinct over systematic analysis undermined effective governance.",Presidential decision-making process; National Security Council operations; Executive Branch management; Foreign policy via personal relationships; Institutional dysfunction,provisional_unverified,frontmatter_or_chapter_sample,hypothesis_only_not_scholarly_evidence
International Relations Theory,The Structure of International Conflict.pdf,The Structure of International Conflict,theory,"International conflict can be analyzed through systematic structural and processual frameworks encompassing psychological dimensions, behavioral patterns, termination mechanisms, and management strategies.",conflict structure; conflict processes; psychological dimensions; conflict behavior; negotiation; conflict management; peacemaking and mediation,provisional_unverified,frontmatter_or_chapter_sample,hypothesis_only_not_scholarly_evidence
International Relations Theory,The Wars before the Great War Conflict and International Politics before the Outbreak of the First World War.pdf,The Wars before the Great War: Conflict and International Politics before the Outbreak of the First World War,empirical,"The Italo-Ottoman War and Balkan Wars of 1911–1914 fundamentally destabilized European international politics and military planning, making them crucial to understanding the origins of the First World War.",Great power diplomacy and peripheral conflicts; Military planning and doctrine; National mobilization and civic engagement; Empire and nation-state competition; International instability and cascading crises,provisional_unverified,frontmatter_or_chapter_sample,hypothesis_only_not_scholarly_evidence
International Relations Theory,The basics - international relations.pdf,International Relations: The Basics,mixed,"A concise introduction to international relations that covers major theoretical frameworks, contemporary global issues, and debates in the discipline for students and general readers.",realism; liberalism; anarchy; globalization; humanitarian intervention; international justice; state sovereignty,provisional_unverified,frontmatter_or_chapter_sample,hypothesis_only_not_scholarly_evidence
International Relations Theory,The politics of international law.pdf,The Politics of International Law,theory,"International law and politics are deeply intertwined through a constructivist lens wherein law is an historically contingent institutional expression of political action shaped by liberal politics, which reciprocally constitutes international relations.",constructivism; politics-law nexus; liberal international order; institutional design; global governance; sovereignty and legitimacy,provisional_unverified,frontmatter_or_chapter_sample,hypothesis_only_not_scholarly_evidence
International Relations Theory,The power of power politics.pdf,The Power of Power Politics: From Classical Realism to Neotraditionalism,theory,"An examination of whether the power politics (realist) perspective can adequately explain international relations, evaluating its theoretical coherence and empirical accuracy across classical realism, neorealism, and contemporary approaches.",Power politics paradigm; Classical realism; Neorealism; Balancing theory; Institutional approaches; Paradigm progression and degeneration,provisional_unverified,frontmatter_or_chapter_sample,hypothesis_only_not_scholarly_evidence
International Relations Theory,The state and international relations.pdf,The State and International Relations,theory,Examines the historical relationship between state formation and the development of international relations theory and practice.,state sovereignty; international system; state formation; international theory; power politics,provisional_unverified,frontmatter_or_chapter_sample,hypothesis_only_not_scholarly_evidence
International Relations Theory,The_Balance_of_Power_in_World_History.pdf,The Balance of Power in World History,theory,The book examines how balance-of-power dynamics and hierarchical structures have functioned across different international systems throughout history.,balance of power; international hierarchy; system structure; great power politics; international systems,provisional_unverified,frontmatter_or_chapter_sample,hypothesis_only_not_scholarly_evidence
International Relations Theory,The_Dual_State.pdf,"The Dual State: Parapolitics, Carl Schmitt and the National Security Complex",theory,"The modern state operates through a dual structure combining formal constitutional governance with hidden extralegal networks of covert action and national security apparatus, a condition theorized through Carl Schmitt's political philosophy and examined across global contexts.",parapolitics; dual state; Carl Schmitt; national security complex; covert action; state terrorism,provisional_unverified,frontmatter_or_chapter_sample,hypothesis_only_not_scholarly_evidence
International Relations Theory,The_Nuclear_taboo.pdf,The Nuclear Taboo: The United States and the Non-Use of Nuclear Weapons Since 1945,mixed,"A widespread moral and political inhibition on nuclear weapons use, rather than deterrence alone, has prevented their deployment since 1945 and continues to constrain leaders from resorting to them.",nuclear taboo; deterrence theory; moral norms in international politics; nuclear restraint; strategic decision-making under constraint,provisional_unverified,frontmatter_or_chapter_sample,hypothesis_only_not_scholarly_evidence
International Relations Theory,The_Political_Discourse_of_Anarchy.pdf,The Political Discourse of Anarchy: A Disciplinary History of International Relations,theory,"Academic international relations developed not through a linear progression of great debates between idealism and realism, but rather through a more complex disciplinary history shaped by political discourse about state sovereignty, anarchy, and the field's intellectual foundations.",disciplinary history of IR; state sovereignty and anarchy; idealism-realism debate; international law and organization; critical theory and historiography,provisional_unverified,frontmatter_or_chapter_sample,hypothesis_only_not_scholarly_evidence
International Relations Theory,The_Power_of_Place.pdf,"The Power of Place: Geography, Destiny, and Globalization's Rough Landscape",theory,Geographic location and regional characteristics continue to shape human destiny and constrain opportunity despite globalization's integrating forces.,globalization and place; human geography; regional disparity; cultural geography; geopolitical constraint,provisional_unverified,frontmatter_or_chapter_sample,hypothesis_only_not_scholarly_evidence
International Relations Theory,The_new_public_diplomacy.pdf,The New Public Diplomacy: Soft Power in International Relations,theory,Public diplomacy represents a shift in international relations practice toward the use of soft power and cultural influence as diplomatic tools alongside traditional statecraft.,soft power; public diplomacy; diplomatic innovation; international influence; cultural diplomacy,provisional_unverified,frontmatter_or_chapter_sample,hypothesis_only_not_scholarly_evidence
International Relations Theory,The_war_over_perpetual_peace.pdf,The War Over Perpetual Peace: An Exploration into the History of a Foundational International Relations Text,theory,"An analysis of how Kant's Perpetual Peace has been interpreted and contested within international relations thought, examining competing scholarly readings of its arguments on sovereignty and peace.",Kantian perpetual peace; state sovereignty; international relations theory; peace proposals; textual interpretation,provisional_unverified,frontmatter_or_chapter_sample,hypothesis_only_not_scholarly_evidence
International Relations Theory,Theories of international relations 3rd ed.pdf,Theories of International Relations,theory,"A comprehensive examination of major theoretical frameworks used to analyze and explain international relations, including realism, liberalism, the English School, Marxism, and critical theory.",realism; liberalism; international society; Marxism; critical theory; structural analysis; international order,provisional_unverified,frontmatter_or_chapter_sample,hypothesis_only_not_scholarly_evidence
International Relations Theory,Theorizing_Borders_Through_Analyses_of_Power_Rel.pdf,Theorizing Borders Through Analyses of Power Relationships,mixed,"Border integration processes across political, spatial, environmental, and linguistic domains are unified by the centrality of power relationships and local power dynamics.",border integration; power relationships; local governance; spatial planning; environmental management; language policies,provisional_unverified,frontmatter_or_chapter_sample,hypothesis_only_not_scholarly_evidence
International Relations Theory,Theory and Metatheory in International Relations Concepts and Contending Accounts.pdf,Theory and Metatheory in International Relations: Concepts and Contending Accounts,theory,"Understanding foreign policy problems requires knowledge of international relations theories and the philosophical criteria for selecting among competing theoretical approaches, particularly between rationalist and reflectivist paradigms.",IR theory evaluation; Scientific criteria for theory choice; Rationalism versus constructivism; Policy decision-making; Metatheoretical foundations,provisional_unverified,frontmatter_or_chapter_sample,hypothesis_only_not_scholarly_evidence
International Relations Theory,Theory and metatheory in international relations.pdf,Theory and Metatheory in International Relations: Concepts and Contending Accounts,method,"Understanding foreign policy decisions requires grasping both international relations theories and the philosophical criteria for choosing among competing theoretical frameworks, particularly the debate between rationalist and reflectivist approaches.",scientific rationalism in IR; constructivism and poststructuralism; metatheory and theory selection; policy-theory linkage; reflectivist versus positivist methodology,provisional_unverified,frontmatter_or_chapter_sample,hypothesis_only_not_scholarly_evidence
International Relations Theory,Theory of world security.pdf,Theory of World Security,theory,Security in world politics must be reconceived beyond conservative frameworks as an instrumental value enabling human flourishing and cosmopolitan reconstruction amid converging global crises.,Critical security studies; Emancipation and human invention; Cosmopolitan theory; Critical social theory; Historical crisis and global reconstruction,provisional_unverified,frontmatter_or_chapter_sample,hypothesis_only_not_scholarly_evidence
International Relations Theory,Theory_of_International_Politics_by_Kenneth_N_Waltz_1979.pdf,Theory of International Politics,theory,International politics can be explained through systemic structural analysis rather than reductionist approaches that focus on individual or national-level causes.,reductionist vs. systemic theories; anarchic international order; balance of power; structural analysis; levels of analysis,provisional_unverified,frontmatter_or_chapter_sample,hypothesis_only_not_scholarly_evidence
International Relations Theory,Theory_of_world_security.pdf,Theory of World Security,theory,"Security in world politics must be reconceived through critical theory as an instrumental value enabling human flourishing and cosmopolitan futures, rather than through conservative state-centric frameworks inadequate to contemporary global crises.",critical security studies; cosmopolitan theory; human emancipation; critical social theory; world society; historical crises,provisional_unverified,frontmatter_or_chapter_sample,hypothesis_only_not_scholarly_evidence
International Relations Theory,Toward_a_Critical_Theory_of_States.pdf,Toward a Critical Theory of States: The Poulantzas-Miliband Debate after Globalization,theory,"The book revisits and extends the classical Poulantzas-Miliband debate on state theory within Marxist analysis, updating it to address contemporary conditions of globalization and reasserting the relevance of critical Marxist approaches to understanding state power and autonomy.",Marxist state theory; Poulantzas-Miliband debate; Instrumentalism vs. structuralism; State autonomy and class power; Globalization and the state; Althusserian epistemology,provisional_unverified,frontmatter_or_chapter_sample,hypothesis_only_not_scholarly_evidence
International Relations Theory,Transcending Postmodernism.pdf,Transcending Postmodernism,theory,"A philosophical and epistemological critique of postmodernism that seeks to restore synoptic knowledge and rational foundations for understanding politics, international relations, and human reality.",synoptic knowledge; systems theory; international relations; human reason; postmodernism critique; quantum physics and reality,provisional_unverified,frontmatter_or_chapter_sample,hypothesis_only_not_scholarly_evidence
International Relations Theory,Unanswered Threats Political Constraints on the Balance of Power.pdf,Unanswered Threats: Political Constraints on the Balance of Power,theory,States often fail to balance against rising threats due to domestic political constraints that prevent elite consensus on external policy responses.,balance of power; underbalancing behavior; neoclassical realism; state coherence; elite consensus; domestic political constraints,provisional_unverified,frontmatter_or_chapter_sample,hypothesis_only_not_scholarly_evidence
International Relations Theory,Understanding Conflict Resolution War Peace and the Global System.pdf,"Understanding Conflict Resolution: War, Peace and the Global System",mixed,"Conflict resolution requires systematic analysis of armed conflicts across state, civil, and state-formation contexts, employing integrated mechanisms grounded in dynamics, needs, and rational calculations within the global system.",Armed conflict typology; Peace agreements; Conflict resolution mechanisms; State and non-state actors; Civil wars; State formation conflicts; Regional conflict complexes,provisional_unverified,frontmatter_or_chapter_sample,hypothesis_only_not_scholarly_evidence
International Relations Theory,Understanding Global Politics Actors And Themes In International Affairs.pdf,Understanding Global Politics: Actors and Themes in International Affairs,mixed,"Contemporary international affairs are shaped by diverse actors (nation states, international institutions, NGOs, multinational companies) and thematic issues that require integrated analysis for comprehending global political, economic, and sociocultural dynamics.",international relations theory; state and non-state actors; international institutions; global governance; transnational challenges; Cold War and post-Cold War order,provisional_unverified,frontmatter_or_chapter_sample,hypothesis_only_not_scholarly_evidence
International Relations Theory,Understanding international relations 3rd ed.pdf,Understanding International Relations,theory,"A comprehensive survey of international relations theory and practice, examining how different theoretical frameworks explain state behavior, power dynamics, global governance, and economic relations in the international system.",realism and neorealism; liberal internationalism; state sovereignty and anarchy; balance of power; global governance; international regimes; globalization,provisional_unverified,frontmatter_or_chapter_sample,hypothesis_only_not_scholarly_evidence
International Relations Theory,War and Change in World Politics.pdf,War and Change in World Politics,theory,"International political change, particularly hegemonic war, results from the interaction of structural transformations in the global system with the rational calculations and constraints of individual state actors.",hegemonic war; international system structure; economic growth and decline; rational-choice theory; systemic equilibrium,provisional_unverified,frontmatter_or_chapter_sample,hypothesis_only_not_scholarly_evidence
International Relations Theory,War peace and international relations.pdf,"War, Peace and International Relations: An Introduction to Strategic History",mixed,"War fundamentally shapes the political, social, and cultural behavior of states and is essential to understanding the strategic history of the past two centuries.",strategic history; warfare and military conduct; state behavior; modern strategy; irregular warfare and terrorism,provisional_unverified,frontmatter_or_chapter_sample,hypothesis_only_not_scholarly_evidence
International Relations Theory,War.pdf,War: An Introduction to Theories and Research on Collective Violence,mixed,"A comprehensive examination of theoretical frameworks and empirical research explaining the causes, dynamics, and resolution of collective violence including civil wars, ethnic conflicts, and one-sided violence.",rational actor theory; collective violence; civil war onset; ethnic conflict; conflict termination; civilian victimization,provisional_unverified,frontmatter_or_chapter_sample,hypothesis_only_not_scholarly_evidence
International Relations Theory,counterterrorism in IR.pdf,"Counterterrorism and International Power Relations: The EU, ASEAN and Hegemonic Global Governance",mixed,"Counterterrorism participation by regional organizations reflects power hierarchies and hegemonic governance structures in global politics, with the EU and ASEAN serving as cases demonstrating how regional actors engage in global security frameworks.",global governance; regional actorness; hegemonic power relations; counterterrorism policy; institutional participation,provisional_unverified,frontmatter_or_chapter_sample,hypothesis_only_not_scholarly_evidence
International Relations Theory,imagining_security.pdf,Imagining Security,theory,"Security governance is shifting from centralized state control to distributed nodal arrangements involving public and private actors, requiring new frameworks for accountability and legitimacy.",nodal governance; human security; community policing; private governance; regulatory accountability,provisional_unverified,frontmatter_or_chapter_sample,hypothesis_only_not_scholarly_evidence
International Relations Theory,lenin_imperialism.pdf,Imperialism: The Highest Stage of Capitalism,theory,"Imperialism represents the monopoly stage of capitalist development, characterized by the dominance of finance capital, concentration of production, and the division of the world among competing imperial powers.",monopoly capitalism; finance capital; financial oligarchy; concentration of production; cartels and trusts; imperialism,provisional_unverified,frontmatter_or_chapter_sample,hypothesis_only_not_scholarly_evidence
International Relations Theory,realismnworldpolitics_kenbooth.pdf,Realism and World Politics,theory,"A sophisticated understanding of Kenneth Waltz's realist theory is essential for comprehending international relations and world politics, requiring critical engagement with his foundational contributions to the field.",Structural realism; Kenneth Waltz's theory; International system analysis; Power and anarchy; Theory-building in IR; Critical realism,provisional_unverified,frontmatter_or_chapter_sample,hypothesis_only_not_scholarly_evidence
International Relations Theory,the globalization of world politics  an introduction to international relations.pdf,The Globalization of World Politics: An Introduction to International Relations,mixed,"Globalization represents a historical transformation in the spatial scale of human social organization that links distant communities and expands power relations across regions and continents, requiring integrated analysis of history, theory, structures, and contemporary international issues.",globalization; sovereignty and nation-state; international power relations; spatial scale of social organization; geopolitical order,provisional_unverified,frontmatter_or_chapter_sample,hypothesis_only_not_scholarly_evidence
Social Science Theories and Geography,0032329203252274.pdf,Polanyi's Double Movement: The Belle Époques of British and U.S. Hegemony Compared,theory,"Market self-regulation and protective countermovements repeat across hegemonic cycles, but subordinate class power and state differences shape outcomes differently in British versus U.S. belle époques.",Polanyi's double movement; self-regulating markets; hegemonic cycles; commodification of labor/land/money; countermovement protection; class power relations,provisional_unverified,frontmatter_or_chapter_sample,hypothesis_only_not_scholarly_evidence
Social Science Theories and Geography,0268580906067838.pdf,A Case Study of a Case Study: Strategies of Generalization and Specification in the Study of Israel as a Single Case,method,"Single-case studies can achieve generalization through a pragmatist attitude that transcends the false dichotomy between explanation and understanding, as demonstrated through analysis of the Israeli–Palestinian conflict.",case study methodology; generalization strategies; explanation versus understanding; pragmatist social science; Israeli–Palestinian conflict,provisional_unverified,frontmatter_or_chapter_sample,hypothesis_only_not_scholarly_evidence
Social Science Theories and Geography,14650040590907712.pdf,"Ethnoscapes, National Territorialisation, and the Afghan War",empirical,"The territorialisation of power in the Afghan nation-state has shaped political actors' spatial perceptions, creating competing ethnic spaces (ethnoscapes) that contradict national territory, yet popular identification with Afghanistan as a nation has prevented mass ethnicisation of the conflict.",ethnoscapes; national territorialisation; ethnic territoriality; spatial perceptions; ethno-federalism; nation-state formation,provisional_unverified,frontmatter_or_chapter_sample,hypothesis_only_not_scholarly_evidence
Social Science Theories and Geography,14650049908407660.pdf,Knowledge of Expansion: On the Geopolitics of Karl Haushofer,theory,"Karl Haushofer's geopolitics functioned as a quasi-materialist ideology opposing Versailles and embodying a German continental ideology that contrasted land-based cultures with maritime trading cultures, later appropriated by the Nazi regime.",geopolitics and territorial ideology; land vs. maritime cultures; German revisionism; Nazi appropriation of geography; Versailles peace order,provisional_unverified,frontmatter_or_chapter_sample,hypothesis_only_not_scholarly_evidence
Social Science Theories and Geography,177-234-1-PB.pdf,New Geography in Ukrainian Reality: Mission and Development Trends,mixed,Geography must reassert its relevance to contemporary human challenges in Ukraine by adopting integrative methods that bridge scientific research and educational practice amid global transformation.,geoinformatics and spatial analysis; sustainable development frameworks; regional geopolitics; geographical space organization; object-oriented and problem-solving methodologies,provisional_unverified,frontmatter_or_chapter_sample,hypothesis_only_not_scholarly_evidence
Social Science Theories and Geography,207838.pdf,Geography as an Aid to Statecraft: An Appreciation of Mackinder's Democratic Ideals and Reality,method,"Scientific method, particularly geographical and economic analysis, is essential for effective statecraft and the preservation of democratic ideals in post-war political reconstruction.",geopolitics; scientific method in social affairs; democratic reconstruction; economic geography; statecraft and policy,provisional_unverified,frontmatter_or_chapter_sample,hypothesis_only_not_scholarly_evidence
Social Science Theories and Geography,216226712E20132E765754.pdf,"Territory, Politics, Governance",theory,Territory and spatial concepts offer a theoretical framework for analyzing governance and politics across multiple scales and agents beyond the state.,territorial politics; spaces of governance; political organization of space; geographical scales of authority; state-centered narratives; globalization and territoriality,provisional_unverified,frontmatter_or_chapter_sample,hypothesis_only_not_scholarly_evidence
Social Science Theories and Geography,216226712E20142E883246.pdf,"Territorial Imaginations, Forms of Federalism and Power",theory,"Territory and power are fundamentally political matters shaped by both institutional arrangements and spatial imaginaries, requiring interdisciplinary analysis beyond the nation-state focus of traditional political science.",federalism; territorial governance; spatial imaginaries; rescaling; inclusion and exclusion,provisional_unverified,frontmatter_or_chapter_sample,hypothesis_only_not_scholarly_evidence
Social Science Theories and Geography,23790-Article Text-58471-1-10-20141201.pdf,"Hegemony, Counter-hegemony, Anti-hegemony",theory,"Contemporary hegemony in neoliberal globalized times operates as a thin, ecologically unsustainable organization of consent that counter-hegemonic movements must address by articulating subaltern currents into a strategically coherent bloc capable of sustained political challenge across state and civil society.",hegemony and counter-hegemony; critical realism; neoliberal capitalism; subaltern movements; civil society; prefiguration and direct action,provisional_unverified,frontmatter_or_chapter_sample,hypothesis_only_not_scholarly_evidence
Social Science Theories and Geography,2562637.pdf,The Social Origins of Environmental Determinism,theory,"Environmental determinism emerged in late nineteenth-century geography as an ideological justification for imperialism, rooted in Social Darwinism and the organismic analogy, which prevented geography from developing a scientific understanding of nature-society relations that Marxism could have provided.",environmental determinism; Social Darwinism; imperialism and ideology; organismic analogy; hegemonic ideas and ruling class; Marxist theory of nature and production,provisional_unverified,frontmatter_or_chapter_sample,hypothesis_only_not_scholarly_evidence
Social Science Theories and Geography,260539.pdf,Breaking the mould: an institutionalist political economy alternative to the neo-liberal theory of the market and the state,theory,"Neo-liberal frameworks inadequately theorize institutions, politics, and state-market relationships; an institutionalist political economy approach offers a superior alternative.",neo-liberalism; institutionalist political economy; state intervention; market failures; Golden Age Economics; mixed economy,provisional_unverified,frontmatter_or_chapter_sample,hypothesis_only_not_scholarly_evidence
Social Science Theories and Geography,3186383.pdf,Unipolarity without Hegemony,theory,"The post-Cold War international system exhibits unipolarity without hegemony, a distinct power configuration that differs fundamentally from hegemonic systems and deserves systematic comparative and theoretical study.",unipolarity; hegemony; power configuration; world systems; multipolarity; international stability,provisional_unverified,frontmatter_or_chapter_sample,hypothesis_only_not_scholarly_evidence
Social Science Theories and Geography,33.3.arac.pdf,Henry James and Edward Said: Problems of Value in a Secular World,theory,"Postcolonial theory and secular literary criticism, grounded in Lukács and Said's aesthetic historicism, reframe Henry James's novels as explorations of value-construction in a world without transcendent givens, situated within unequal global power relationships.",postcolonial theory; secular form (novel); aesthetic historicism; value construction; adjacency vs. depth/repression,provisional_unverified,frontmatter_or_chapter_sample,hypothesis_only_not_scholarly_evidence
Social Science Theories and Geography,40647319.pdf,"Geography, geopolitics and Empire",theory,"Mackinder's geography was instrumentalized to promote imperialism and continues to be misused to justify geopolitical domination, but his contemporaries offered alternative geographic frameworks that challenged the naturalization of force, hostile camps, and empire-justified violence.",Mackinder's heartland theory; Geography as imperial science; Geopolitics and international relations; Alternative geographic dissent; Materialist environmental determinism,provisional_unverified,frontmatter_or_chapter_sample,hypothesis_only_not_scholarly_evidence
Social Science Theories and Geography,42895095.pdf,America's Grand Strategy: A Pattern of History,theory,"U.S. foreign policy follows cyclical patterns of roughly eighty years, each initiated by a decisive war and defined by whether the nation wisely consolidates its victory or overextends itself into failure.",great cycles in foreign policy; epic wars as cycle initiators; culminating point of victory; imperial overstretch; legacy and historical trajectory,provisional_unverified,frontmatter_or_chapter_sample,hypothesis_only_not_scholarly_evidence
Social Science Theories and Geography,9407190476.pdf,Where Are the Great Powers? At Home with the Kids,theory,"Great powers have lost their defining capacity and willingness to wage war and accept casualties, rendering the traditional concept of great power status obsolete in the post-Cold War era.",great power status and definition; willingness to use force and accept casualties; post-Cold War geopolitical disorder; democratic and totalitarian constraints on military intervention; regional conflict and spheres of influence,provisional_unverified,frontmatter_or_chapter_sample,hypothesis_only_not_scholarly_evidence
Social Science Theories and Geography,ArceneauxCraigL_2005_3NeoliberalReformInAr_TransformingLatinAmer.pdf,"Neoliberal Reform in Argentina, Brazil, and Chile",empirical,"International actors with divergent motivations shape neoliberal reform outcomes across Latin America, creating uniform external pressure alongside diverse country-specific experiences.",neoliberal reform; high-low politics framework; international influence; Washington Consensus; state capacity; foreign direct investment,provisional_unverified,frontmatter_or_chapter_sample,hypothesis_only_not_scholarly_evidence
Social Science Theories and Geography,BlagojeBabic_2008.pdf,Geo-Economics – Reality & Science,theory,"Geo-economics is an interdisciplinary field studying how states and corporations use economic strategies to compete for control of global economic space, combining conflict logic with commercial methods.",geo-economic policy; world market competition; unfair trade competition; economic space mastery; state economic strategy,provisional_unverified,frontmatter_or_chapter_sample,hypothesis_only_not_scholarly_evidence
Social Science Theories and Geography,BlouetBrianW_2005_2InDefenceOfTheHeartl_GlobalGeostrategyMack.pdf,In Defence of the Heartland: Sir Halford Mackinder and his critics a hundred years on,theory,Mackinder's Pivot-Heartland geopolitical thesis remains a valid framework for understanding international security and geostrategic reality despite a century of technological and political change.,Pivot-Heartland thesis; Geopolitical theory; Geostrategic spatial relationships; Sea power versus land power; Technology and strategic relevance,provisional_unverified,frontmatter_or_chapter_sample,hypothesis_only_not_scholarly_evidence
Social Science Theories and Geography,BrecherMichaelH_2002_Lnstitutionalism_RealismAndInstitution.pdf,Realism and Institutionalism in International Studies,theory,"The study of international relations and institutions requires systematic scientific inquiry to achieve progress in understanding how world affairs operate, balancing general explanations across cases with particular explanations for specific phenomena.",scientific realism; institutionalism; international relations theory; deductive method; paradigm comparison,provisional_unverified,frontmatter_or_chapter_sample,hypothesis_only_not_scholarly_evidence
Social Science Theories and Geography,COLINO_publius_2009_1_Lecours_Andre.pdf,Constitutional Change Without Constitutional Reform: Spanish Federalism and the Revision of Catalonia's Statute of Autonomy,theory,"Subnational constitutional reform within federal systems can drive broader constitutional change and federation evolution, but the flexibility it enables creates tension between adaptive stability and destabilizing power-seeking by political actors.",subnational constitutional space; bottom-up federal reform; constitutional change without formal amendment; federal-subnational tension; constituent unit discretion,provisional_unverified,frontmatter_or_chapter_sample,hypothesis_only_not_scholarly_evidence
Social Science Theories and Geography,Chinese_firm_plans_usd150m_industrial_park_in_Lahore_to_lift_exports___Newspaper___DAWN_COM.pdf,Chinese firm plans $150m industrial park in Lahore to lift exports,empirical,"A Shanghai-based Chinese apparel company is establishing a major industrial park in Lahore to leverage Pakistan's labor costs and market access, projecting substantial growth in polyester-based sportswear exports to global markets.",Foreign direct investment in export manufacturing; Industrial park development; Textile and garment production; Labor cost arbitrage; Supply chain relocation,provisional_unverified,frontmatter_or_chapter_sample,hypothesis_only_not_scholarly_evidence
Social Science Theories and Geography,Constituent_Power_and_Reflexive_Identity_Towards_an_Ontology_of_Collective_Selfhood.pdf,Constituent Power and Reflexive Identity: Towards an Ontology of Collective Selfhood,theory,"Collective identity is reflexive selfhood constituted through both political activity and legal-normative form, resolving the apparent paradox between constituent and constituted power.",constituent power; reflexive identity; collective selfhood; constitutional form; political community; self-constitution,provisional_unverified,frontmatter_or_chapter_sample,hypothesis_only_not_scholarly_evidence
Social Science Theories and Geography,ContentServer (1).pdf,Cognitive Science: From Multidisciplinarity to Interdisciplinarity,theory,"Cognitive science is evolving from a multidisciplinary network of separate sciences toward genuine interdisciplinarity through integrated research methods, organizational structures, and collaborative frameworks.",multidisciplinarity vs interdisciplinarity; trading zones metaphor; human cognition mechanisms; integrated scientific methods; cognitive science foundations,provisional_unverified,frontmatter_or_chapter_sample,hypothesis_only_not_scholarly_evidence
Social Science Theories and Geography,CopelandDaleC_2014_CHAPTERONETheoryOfEco_EconomicInterdependen.pdf,Economic Interdependence and War,theory,"Leaders' expectations of future trade and investment flows, not current or past levels of commerce, determine their propensity for peace or conflict.",trade expectations; dynamic theory; decision-maker expectations; economic interdependence; great power politics; future orientation,provisional_unverified,frontmatter_or_chapter_sample,hypothesis_only_not_scholarly_evidence
Social Science Theories and Geography,Cultural_Ontogeny_Recapitulates_Phylogeny_Samuel_Arbesman.pdf,Cultural Ontogeny Recapitulates Phylogeny,theory,"Individual learning of cultural knowledge mirrors the historical discovery sequence of that knowledge, with acquisition costs constraining the pace of cumulative cultural evolution.",ontogeny recapitulates phylogeny; cumulative cultural evolution; cultural acquisition costs; knowledge prerequisites; mathematical concept development,provisional_unverified,frontmatter_or_chapter_sample,hypothesis_only_not_scholarly_evidence
Social Science Theories and Geography,Does_ethnofederalism_explain_the_success_of_Indian_federalism.pdf,Does ethnofederalism explain the success of Indian federalism?,empirical,"While ethnofederal institutions have promoted stability in India through linguistic reorganization, territorial redesign has simultaneously increased conflict in cases where ethnic groups are intermixed or where autonomy has been downgraded, revealing a more complex picture than the conventional narrative of Indian federalism as a straightforward success.",ethnofederalism; territorial recognition and redesign; linguistic reorganization; conflict management; ethnic power relations; multinational federation,provisional_unverified,frontmatter_or_chapter_sample,hypothesis_only_not_scholarly_evidence
Social Science Theories and Geography,Doing Discourse Analysis in Critical Geopolitics.pdf,Doing Discourse Analysis in Critical Geopolitics,method,"Discourse analysis, particularly poststructuralist approaches like Laclau and Mouffe's theory, offers a rigorous methodology for examining how geopolitical meaning and identities are socially constructed through language and power.",discourse analysis; critical geopolitics; poststructuralism; geopolitical identities; social construction of world politics; truth regimes,provisional_unverified,frontmatter_or_chapter_sample,hypothesis_only_not_scholarly_evidence
Social Science Theories and Geography,European_Journal_of_International_Relations_2011_Ashworth_279_301.pdf,"Realism and the spirit of 1919: Halford Mackinder, geopolitics and the reality of the League of Nations",theory,"Halford Mackinder's geopolitical realism represents a complex early 20th-century approach distinct from later realist paradigms, demonstrating that realism and support for the League of Nations were compatible and that realism itself has greater historical diversity than conventional IR accounts acknowledge.",geopolitical analysis; classical realism; Heartland thesis; organizer/idealist foreign policy ideal types; international order; environmental influence on statecraft,provisional_unverified,frontmatter_or_chapter_sample,hypothesis_only_not_scholarly_evidence
Social Science Theories and Geography,Hryb.pdf,Soviet Ethnography Heritage and the Revival of Ethnogeopolitics in Russia and Ukraine,mixed,"Soviet ethnography, particularly its sociospheric and biospheric approaches developed by Bromley and Gumilev, continues to shape post-Soviet academic thought and policy in Russia and Ukraine, contributing to the emergence of ethnogeopolitics and inter-ethnic conflicts.",Soviet ethnography; ethnogeopolitics; sociospheric vs. biospheric approaches; modernism and primordialism in nationalism theory; Soviet nationality policy,provisional_unverified,frontmatter_or_chapter_sample,hypothesis_only_not_scholarly_evidence
Social Science Theories and Geography,Introduction.pdf,The Paradox of Constitutionalism: Constituent Power and Constitutional Form,theory,Modern constitutionalism is founded on an irresolvable tension between the principle that governmental power derives from popular consent and the requirement that such power be exercised through established constitutional institutional forms.,constituent power; constitutional form; popular sovereignty; institutional constraint; constitutionalization of governance; supranational governance,provisional_unverified,frontmatter_or_chapter_sample,hypothesis_only_not_scholarly_evidence
Social Science Theories and Geography,Juridica_International.pdf,Constitutional Implementation in Estonia: A Systematic Analysis of the 1992 Constitution,empirical,"Six years after Estonia's 1992 constitutional adoption, a systematic evaluation of how constitutional principles have been implemented in practice by state bodies and legal institutions reveals the efficacy of the constitutional system as a regulator of legal and social activity.",constitutional implementation; systems theory and governance; state body relations; rule of law; legal system creation,provisional_unverified,frontmatter_or_chapter_sample,hypothesis_only_not_scholarly_evidence
Social Science Theories and Geography,Layne.pdf,The Unipolar Illusion: Why New Great Powers Will Rise,theory,Unipolarity following the Soviet collapse is temporary; structural dynamics of the international system will generate new great powers that challenge U.S. preeminence.,unipolarity; great power competition; international system structure; balancing coalitions; grand strategy,provisional_unverified,frontmatter_or_chapter_sample,hypothesis_only_not_scholarly_evidence
Social Science Theories and Geography,Oleary_BJPS_Appraisal_Gellner.pdf,On the Nature of Nationalism: An Appraisal of Ernest Gellner's Writings on Nationalism,theory,"Gellner's modernist theory explains nationalism as a necessary and inevitable component of modernity rooted in functional requirements of industrial society, though his analysis remains apolitical and underexplores the reinforcing relationships between nationalism, egalitarianism, and democratization.",modernist theory of nationalism; functionalist explanation; nationalism and modernity; political legitimacy; typology of nationalism; egalitarianism and nationalism,provisional_unverified,frontmatter_or_chapter_sample,hypothesis_only_not_scholarly_evidence
Social Science Theories and Geography,Olesen_ch1.pdf,Islam—Ideology and Politics,theory,"Islamic political authority is not a stable, unchanging system but rather a contingent historical phenomenon shaped by competing social groups and reinterpreted across time in relation to socio-political contexts.",politico-theological dogma versus political reality; ideology and power competition; scriptural interpretation and state legitimation; regressive-progressive method; official orthodoxy and ulama collaboration,provisional_unverified,frontmatter_or_chapter_sample,hypothesis_only_not_scholarly_evidence
Social Science Theories and Geography,ReiferThomasEhr_2016_3FromStateHegemoniesT_GlobalizationHegemony.pdf,From State Hegemonies to Transnational Hegemony: A Global Capitalism Approach,theory,Hegemony in the contemporary global system must be understood not as state domination but as transnational social domination exercised by global classes and social groups beyond nation-state institutions.,transnational hegemony; global capitalism; Gramscian consent and ideology; world capitalist system; social domination; historic blocs,provisional_unverified,frontmatter_or_chapter_sample,hypothesis_only_not_scholarly_evidence
Social Science Theories and Geography,The 2020 Societal Reset the Great Transformation 2020-2030 Jupiter Saturn and Pluto.pdf,The 2020 Societal Reset & The Great Transformation 2020-2030: Jupiter-Saturn-Pluto Cycles and Sociopolitical Evolution,theory,"Major planetary conjunctions and cycles in 2020–2030, particularly Saturn-Pluto, Jupiter-Pluto, and Jupiter-Saturn synods combined with the Pluto-Eris cycle, signal a fundamental societal reset and great transformation characterized by disruptive technologies and emerging sociopolitical-economic paradigms.",planetary synods and cycles; astrological aspects and transits; societal reset and transformation; disruptive technologies; Pluto-Eris 359-year cycle; global financial system inception,provisional_unverified,frontmatter_or_chapter_sample,hypothesis_only_not_scholarly_evidence
Social Science Theories and Geography,The Political Dimension of Economic Growth Proceedings of the IEA Conference.pdf,The Political Dimension of Economic Growth: Proceedings of the IEA Conference,mixed,"Political institutions, stability, and governance structures are critical determinants of economic growth and development outcomes.",Political institutions and institutional change; Democratic versus autocratic regimes; Political stability and uncertainty; Rent-seeking and corruption; Macroeconomic volatility,provisional_unverified,frontmatter_or_chapter_sample,hypothesis_only_not_scholarly_evidence
Social Science Theories and Geography,The_Case_for_Pluralism.pdf,The Case for Pluralism: Beyond Constitutionalism in Postnational Law,theory,Pluralism offers a superior normative framework for governing postnational order by embracing heterarchical structures that respect diverging visions of political legitimacy rather than imposing a unified constitutional order.,pluralism; postnational governance; heterarchy; constitutionalism; legal fragmentation; autonomy,provisional_unverified,frontmatter_or_chapter_sample,hypothesis_only_not_scholarly_evidence
Social Science Theories and Geography,The_Constitution_of_the_State.pdf,The Constitution of the State,theory,"The state as a juristic scheme of intelligibility has a constitution distinct from governmental institutions, constituted through the conditions of the public sphere and the type of political power it generates.",state sovereignty and absolute authority; public law and Staatsrecht; scheme of intelligibility; fundamental law; public sphere; constitution of state versus constitution of government,provisional_unverified,frontmatter_or_chapter_sample,hypothesis_only_not_scholarly_evidence
Social Science Theories and Geography,Ulrich Beck Is the World's Most Important Pandemic Intellectual.pdf,Ulrich Beck Is the World's Most Important Pandemic Intellectual,theory,"Ulrich Beck's theory of risk society, developed in response to Chernobyl, provides the most relevant intellectual framework for understanding and navigating the COVID-19 pandemic and its societal aftermath.",risk society; global-scale threats; uncertainty; modernization; institutional legitimacy,provisional_unverified,frontmatter_or_chapter_sample,hypothesis_only_not_scholarly_evidence
Social Science Theories and Geography,VDCSPH.pdf,Beyond The 'Binaries': A Methodological Intervention for Interrogating Maps as Representational Practices,method,Maps are not static representations but dynamic 'map spaces' produced and consumed through contested socio-spatial practices that move beyond the traditional duality of representation and practice in critical cartography.,Critical cartography; Map spaces; Representation/non-representation; Production/consumption; Socio-spatial practices,provisional_unverified,frontmatter_or_chapter_sample,hypothesis_only_not_scholarly_evidence
Social Science Theories and Geography,What_is_Constitutionalisation.pdf,What is Constitutionalisation,theory,"Constitutionalisation is the process of subjecting all governmental action to constitutional structures, procedures, principles, and values across multiple levels of governance, particularly in response to the exercise of public power through transnational and international arrangements.",constitutionalisation; constitution; constitutionalism; public power; transnational governance; constitutional procedures and norms,provisional_unverified,frontmatter_or_chapter_sample,hypothesis_only_not_scholarly_evidence
Social Science Theories and Geography,buzan_culture.pdf,Culture and International Society,theory,"Cultural unity among states is a foundational condition for international society, and the expansion of the Western states-system beyond its original cultural base creates instability.",English School theory; states-system; cultural unity; international society; civilizational areas; normative structure,provisional_unverified,frontmatter_or_chapter_sample,hypothesis_only_not_scholarly_evidence
Social Science Theories and Geography,cederman2005beyond.pdf,Beyond Fractionalization: Mapping Ethnicity onto Nationalist Insurgencies,method,"Ethnic configurations, particularly ethno-nationalist exclusion patterns, are meaningful predictors of civil war onset when properly operationalized through state-centric rather than individualist measures.",ethno-nationalist exclusiveness; fractionalization indices; ethnic conflict; collective action mechanisms; insurgency,provisional_unverified,frontmatter_or_chapter_sample,hypothesis_only_not_scholarly_evidence
Social Science Theories and Geography,document.pdf,"Post-Colonising Europe: The Geopolitics of Globalisation, Empire and Borders",theory,"Contemporary Europe remains an unexamined imperial power whose present geopolitical role is obscured by analytical focus on the United States and by Europe's self-positioning as post-imperial, ethically governed, and benign.",postcolonialism and empire; geopolitics of globalization; European borders and sovereignty; imperial consciousness and reflexivity; EU governance and integration,provisional_unverified,frontmatter_or_chapter_sample,hypothesis_only_not_scholarly_evidence
Social Science Theories and Geography,document1.pdf,The Flexibility of Territoriality from Early States to Globalisation: Making States Survive Through Territorial Autonomy,theory,"States survive through their capacity to adapt territoriality flexibly, historically by sharing power with local communities and currently through legally reinforced territorial autonomy in response to globalization and self-determination pressures.",territoriality as social construct; state effectiveness and control; territorial autonomy; self-determination; globalization and state adaptation,provisional_unverified,frontmatter_or_chapter_sample,hypothesis_only_not_scholarly_evidence
Social Science Theories and Geography,document3.pdf,The Geo-political Economy of Global Production Networks,theory,"Global production network approaches can and should incorporate geo-political analysis—including labor struggles, inter-state competition, and military conflict—to better understand the contested and violent realities of globalization.",global production networks; geo-political economy; state-centrism and scalar analysis; labor struggles and class conflict; international competition and warfare,provisional_unverified,frontmatter_or_chapter_sample,hypothesis_only_not_scholarly_evidence
Social Science Theories and Geography,document4.pdf,The Geo-political Economy of Global Production Networks,theory,"Global production network approaches should explicitly incorporate geo-political dimensions including labor struggles, inter-state competition, and military conflict to better understand the contested and violent realities of globalization.",global production networks; geo-political economy; state-centrism; labor struggles; international conflict; commodity production,provisional_unverified,frontmatter_or_chapter_sample,hypothesis_only_not_scholarly_evidence
Social Science Theories and Geography,farrell_carter_election_management.pdf,Electoral Systems and Election Management,method,"Electoral institutions, particularly electoral systems and election management bodies, shape how votes translate into political representation and determine the structure of democratic governance.",electoral system design; proportional vs. non-proportional outcomes; district magnitude; electoral formula; ballot structure; election management bodies,provisional_unverified,frontmatter_or_chapter_sample,hypothesis_only_not_scholarly_evidence
Social Science Theories and Geography,gellner_and_islam.pdf,Gellner and Islam,theory,"Gellner's theories of Islamic society, while blunt and controversial, remain profoundly important for understanding social organization and change in Muslim communities, as demonstrated through case studies of Turkish Alevis.",segmentary lineage theory; Islamic society structure; social evolution; minority religious communities; structural-functionalism,provisional_unverified,frontmatter_or_chapter_sample,hypothesis_only_not_scholarly_evidence
Social Science Theories and Geography,geopower.pdf,Critical Geopolitics: The Politics of Writing Global Space,theory,"Geography is fundamentally a political act of power—the struggle between centralizing states and their authorities to impose order on space through cartography and territorial organization, versus the resistance of marginalized peoples and dissident cultures.",geo-power and territorialization; cartography as political knowledge; state authority and spatial control; endocolonization and exocolonization; borderlands and marginal resistance; geopolitics of displacement,provisional_unverified,frontmatter_or_chapter_sample,hypothesis_only_not_scholarly_evidence
Social Science Theories and Geography,ind29.pdf,"Mr. V. K. Krishna Menon's Marathon Speech on Kashmir at the United Nations Security Council, 23rd January 1957",empirical,"India's position on the Kashmir dispute presented to the UN Security Council, asserting India's rightful acceptance of Kashmir's accession and contextualizing the issue within the broader history of partition and Indo-Pakistani relations.",Kashmir accession and territorial dispute; Partition of India and Pakistan; International peace and security; Indo-Pakistani relations and cooperation; UN Security Council jurisdiction,provisional_unverified,frontmatter_or_chapter_sample,hypothesis_only_not_scholarly_evidence
Social Science Theories and Geography,introduction_unipolarity.pdf,"Unipolarity, State Behavior, and Systemic Consequences",theory,American unipolarity in the post-Cold War international system fundamentally reshapes state behavior and global order through distinctive distributions of material power and constraints on force versus consent.,unipolarity; balance of power; state capabilities; systemic structure; power projection; international institutions,provisional_unverified,frontmatter_or_chapter_sample,hypothesis_only_not_scholarly_evidence
Social Science Theories and Geography,jm_005_0010.pdf,The Colonial Origins of Territorial Disputes in South Asia,empirical,"South Asian territorial disputes are intractable primarily because colonialism imposed modern Western notions of fixed territory and boundaries on pre-modern states through partitions that ignored socio-cultural complexities, and these disputes have intensified since decolonization without an overarching authority to suppress them.",colonial origins of borders; territory and boundary concepts; decolonization and state formation; regional territorial conflicts; colonial modernity and indigenous traditions,provisional_unverified,frontmatter_or_chapter_sample,hypothesis_only_not_scholarly_evidence
Social Science Theories and Geography,nations_nationalism_iron_law_nationalism.pdf,"An iron law of nationalism and federation? A (neo-Diceyian) theory of the necessity of a federal Staatsvolk, and of consociational rescue",theory,"Federal states require a shared national identity (Staatsvolk) among their constituent peoples, and consociational mechanisms may rescue federations lacking this foundational condition.",federal Staatsvolk; consociationalism; ethnic nationalism; federation theory; civic nationality,provisional_unverified,frontmatter_or_chapter_sample,hypothesis_only_not_scholarly_evidence
Social Science Theories and Geography,nye1.pdf,Independence and Interdependence,theory,"American foreign policy faces a false choice between isolationism and interdependence; the actual strategic question concerns the types, degrees, and directions of involvement with other nations in the post-Vietnam era.",isolationism myth; interdependence; cyclical foreign policy; economic dependence; military security,provisional_unverified,frontmatter_or_chapter_sample,hypothesis_only_not_scholarly_evidence
Social Science Theories and Geography,phadnis_ganguli.pdf,"Ethnic Dynamics of Autonomist and Secessionist Demands: Ethnicity, Autonomy and Secession in South Asia",empirical,"Ethnic mobilization for autonomy and secession in South Asian states operates through varied historical, socio-political, and economic contexts, with the Bengali case demonstrating how socio-economic grievances and internal colonialism, rather than ethnicity alone, drove secessionist movements.",ethnic mobilization; autonomism and secessionism; internal colonialism; historical antecedents; relative deprivation; regional identity formation,provisional_unverified,frontmatter_or_chapter_sample,hypothesis_only_not_scholarly_evidence
Social Science Theories and Geography,ratzel_and_demography.pdf,Ratzel and Demography,mixed,"Friedrich Ratzel examines the religious, cultural, and demographic characteristics of non-Western peoples, arguing against evolutionary degradation narratives and proposing instead that cultural differences reflect distinct developmental trajectories and external contact patterns.",ethnography and religious evolution; diffusionism of cultural traits; people evaluation and internal-external functions; nature-oriented peoples; cultural transmission and decline,provisional_unverified,frontmatter_or_chapter_sample,hypothesis_only_not_scholarly_evidence
Social Science Theories and Geography,smith2.pdf,Ethno-symbolism,theory,"Nations possess deep historical and cultural roots traceable to pre-modern periods, challenging modernist theories that treat nationalism as purely an eighteenth-century ideology.",ethno-symbolism; national sentiment versus nationalism; objectivism and subjectivism in nation formation; cultural and linguistic bases of nations; antiquity of nations debate,provisional_unverified,frontmatter_or_chapter_sample,hypothesis_only_not_scholarly_evidence
Social Science Theories and Geography,spn_ch2_3_4.pdf,Traveling with Gramsci: The Spatiality of Passive Revolution,theory,"Gramsci's theory of passive revolution reveals the actual spatiality of uneven state formation and hegemonic power, not merely as metaphor but as constitutive of spatial social relations and practices.",passive revolution; spatial differentiation; uneven development; hegemony; state power; historic bloc,provisional_unverified,frontmatter_or_chapter_sample,hypothesis_only_not_scholarly_evidence
Social Science Theories and Geography,tas_methodological_structuralism.pdf,"Beyond the antinomies of structure: Lévi-Strauss, Giddens, Bourdieu, and Sewell",theory,"The notion of structure in social theory is best understood through Lévi-Strauss' methodological structuralism rather than the ontological reconceptualizations of Giddens and Sewell, which introduce conceptual difficulties and weaken structuralist analysis.",methodological structuralism; ontological structuration; social structure; duality of structure; structuralist methodology,provisional_unverified,frontmatter_or_chapter_sample,hypothesis_only_not_scholarly_evidence
Social Science Theories and Geography,why_islamism_is_winning.pdf,Why Islamism Is Winning,theory,"Islamist parties are succeeding in post-Arab Spring elections not because of extremism but because they provide a coherent ideological framework and political program that resonates with diverse populations experiencing economic grievance and state failure, paralleling how liberalism unified disparate European movements in the 19th century.",ideological diffusion across societies; revolutionary waves and contagion; post-authoritarian political realignment; grievance aggregation around shared ideology; transnational networks of dissent,provisional_unverified,frontmatter_or_chapter_sample,hypothesis_only_not_scholarly_evidence
Advaita Vedanta and International Relations,Advait-Vedanta-for-Beginners.pdf,Advaita Vedanta: A Presentation for Beginners,theory,"Advaita Vedanta teaches that the individual self (Atma) is identical with Brahman, the ultimate non-dual reality, and liberation is the direct knowledge of this identity, not an event but self-recognition.",Non-dualism (Advaita); Brahman and Atma identity; Maya and orders of reality; Knowledge as sole means of liberation; Jivanmukti and Videha mukti,provisional_unverified,frontmatter_or_chapter_sample,hypothesis_only_not_scholarly_evidence
Advaita Vedanta and International Relations,"Practical Exam Format May, 2020.pdf",Practical Exam Format May 2020,empirical,UNCLEAR,,provisional_unverified,frontmatter_or_chapter_sample,hypothesis_only_not_scholarly_evidence
Advaita Vedanta and International Relations,"Sarah Baartman, at rest at last - SouthAfrica.info.pdf","Sarah Baartman, at Rest at Last",empirical,"The historical exploitation and repatriation of Sarah Baartman, a Khoisan woman displayed as a racial and scientific curiosity in 19th-century Europe, illustrates the violent intersection of colonialism, racism, and the objectification of Black women's bodies.",colonial exploitation; scientific racism; racial othering; bodily commodification; repatriation and dignity,provisional_unverified,frontmatter_or_chapter_sample,hypothesis_only_not_scholarly_evidence
Advaita Vedanta and International Relations,The_Colombo_Plan_for_Cooperative_Economi.pdf,The Colombo Plan for Cooperative Economic Development in South and Southeast Asia: Seventh Annual Report,empirical,"The Colombo Plan is a multilateral framework for coordinated economic development and technical cooperation among Commonwealth and regional countries in South and Southeast Asia, with progress reviewed annually by the Consultative Committee.",international cooperative development; technical cooperation scheme; regional economic assistance; multilateral coordination; development programs,provisional_unverified,frontmatter_or_chapter_sample,hypothesis_only_not_scholarly_evidence
Advaita Vedanta and International Relations,Zabul_Residents_Promise_to_Ban_Poppy_for_Work.pdf,Zabul Residents Promise to Ban Poppy for Work,empirical,"Residents of Zabul province pledge to eliminate poppy cultivation in exchange for government provision of employment opportunities, particularly for youth.",poppy eradication; alternative livelihoods; drug policy; provincial governance; youth employment,provisional_unverified,frontmatter_or_chapter_sample,hypothesis_only_not_scholarly_evidence
Advaita Vedanta and International Relations,_We_have_to_go_Afghans_ready_to_flee_country_as_foreign_troop.pdf,We have to go: Afghans ready to flee country as foreign troops withdraw,empirical,"As American military withdrawal from Afghanistan approaches in 2014, a mass exodus of Afghan citizens fleeing economic collapse, political instability, and security threats is accelerating, driven by loss of international support and prospects for Taliban return.",post-conflict migration; economic dependency on foreign aid; security vacuum and state collapse; refugee displacement cycles; brain drain and capital flight,provisional_unverified,frontmatter_or_chapter_sample,hypothesis_only_not_scholarly_evidence
Advaita Vedanta and International Relations,abiword_job__2_job_287.pdf,Advaita Vedanta and International Relations,mixed,UNCLEAR,Advaita Vedanta; non-dualism; international relations theory; philosophical foundations; statecraft,provisional_unverified,frontmatter_or_chapter_sample,hypothesis_only_not_scholarly_evidence
Advaita Vedanta and International Relations,capitalcritiqueo02marx_bw.pdf,"Capital: A Critique of Political Economy, Volume III",theory,"The capitalist mode of production exhibits systematic internal contradictions, particularly in the tendency of the rate of profit to fall, which emerges from the transformation of surplus-value into average profit and the dynamics of competition.",surplus-value and profit transformation; rate of profit and its counteracting causes; falling tendency of profit rates; competition and average profit formation; merchant and financial capital; interest-bearing capital and credit,provisional_unverified,frontmatter_or_chapter_sample,hypothesis_only_not_scholarly_evidence
Advaita Vedanta and International Relations,cu31924013841154.pdf,Imperialism and World Economy,theory,"Imperialism emerges as a necessary stage of capitalist development driven by the internationalization of capital, overproduction, and competition for markets, raw materials, and investment spheres within an integrated world economy.",World economy and internationalization of capital; Imperialism and capitalist expansion; Finance capital and monopoly organizations; Colonial division of markets and raw materials; Capital export and overproduction,provisional_unverified,frontmatter_or_chapter_sample,hypothesis_only_not_scholarly_evidence
Advaita Vedanta and International Relations,differentialcalc031624mbp.pdf,Differential Calculus,method,"A rigorous but pedagogically accessible treatment of differential calculus for undergraduate students, emphasizing conceptual understanding over formula manipulation.",real numbers; limits and continuity; derivatives; curve tracing; geometrical applications,provisional_unverified,frontmatter_or_chapter_sample,hypothesis_only_not_scholarly_evidence
Advaita Vedanta and International Relations,realanalysis contents berberian.pdf,Fundamentals of Real Analysis,method,"A systematic treatment of the foundational concepts and techniques of real analysis, including measure theory, metric spaces, and functional analysis.",real numbers; measure theory; metric spaces; functional analysis; topology,provisional_unverified,frontmatter_or_chapter_sample,hypothesis_only_not_scholarly_evidence
Classical Political Philosophy,An Archaeological History of Indian Buddhism.pdf,An Archaeological History of Indian Buddhism,empirical,"Material evidence from archaeological sites reveals the evolution of Buddhist institutions, practices, and social relationships across Indian history from the Buddha through the medieval period.",Buddhist archaeology; monastic institutions; lay Buddhism; material culture; religious syncretism; Mahayana Buddhism,provisional_unverified,frontmatter_or_chapter_sample,hypothesis_only_not_scholarly_evidence
Classical Political Philosophy,Economic Geography The Integration of Regions and Nations.pdf,Economic Geography: The Integration of Regions and Nations,theory,"Economic geography explains how spatial patterns of production, trade, and agglomeration emerge from the interplay of increasing returns, transport costs, and market size, with implications for regional disparities and integration.",agglomeration; core-periphery structure; increasing returns; trade costs; spatial competition; monopolistic competition,provisional_unverified,frontmatter_or_chapter_sample,hypothesis_only_not_scholarly_evidence
Classical Political Philosophy,Locked in Place State-Building and Late Industrialization in India by Vivek Chibber.pdf,Locked in Place: State-Building and Late Industrialization in India,empirical,"India's post-colonial state failed to establish developmental capacity because domestic capital successfully constrained state autonomy, contrasting sharply with South Korea's successful developmental state model.",developmental state; late industrialization; state capacity and autonomy; import-substitution industrialization; business-state relations; institutional design,provisional_unverified,frontmatter_or_chapter_sample,hypothesis_only_not_scholarly_evidence
Classical Political Philosophy,Locked in Place State-Building and Late Industrialization in India.pdf,Locked in Place: State-Building and Late Industrialization in India,empirical,"India failed to establish a developmental state capable of disciplining capital and enforcing industrial policy, unlike Korea, because the postcolonial Indian state was constrained by business opposition and labor demobilization that prevented the autonomous state capacity required for effective late industrialization.",developmental state; state capacity and autonomy; import-substitution industrialization; capital discipline; late development; institutional analysis,provisional_unverified,frontmatter_or_chapter_sample,hypothesis_only_not_scholarly_evidence
Classical Political Philosophy,Money and government_ the past and future of economics.pdf,Money and Government: The Past and Future of Economics,mixed,"Mainstream economics has failed to properly integrate money and government into its theoretical framework, and understanding the historical development of monetary thought is essential to correcting contemporary macroeconomic policy.",quantity theory of money; fiscal versus monetary policy; gold standard; Keynesianism and monetarism; macroeconomic theory; state finance,provisional_unverified,frontmatter_or_chapter_sample,hypothesis_only_not_scholarly_evidence
Classical Political Philosophy,No One_s World The West the Rising Rest and the Coming Global Turn.pdf,"No One's World: The West, the Rising Rest, and the Coming Global Turn",theory,"Western global dominance is declining as power becomes more widely distributed among rising non-Western states, ushering in a multipolar international system.",Western primacy and decline; Power distribution and multipolarity; Rise of non-Western powers; Liberal democracy and capitalism as Western models; Global order transition,provisional_unverified,frontmatter_or_chapter_sample,hypothesis_only_not_scholarly_evidence
Classical Political Philosophy,The Civic Conversations of Thucydides and Plato the Limits of Democracy.pdf,The Civic Conversations of Thucydides and Plato: Classical Political Philosophy and the Limits of Democracy,theory,"Classical texts by Thucydides and Plato reveal fundamental constraints on democratic theory and practice by examining how civic deliberation, rational choice, cultural justice, and relationships between citizens expose democracy's inherent limitations.",civic deliberation; rational choice theory; democratic limits; classical political philosophy; cultural justice; political trust,provisional_unverified,frontmatter_or_chapter_sample,hypothesis_only_not_scholarly_evidence
Classical Political Philosophy,The Moment of Psycho How Alfred Hitchcock Taught America to Love Murder David Thomson.pdf,The Moment of Psycho: How Alfred Hitchcock Taught America to Love Murder,empirical,"Alfred Hitchcock's 1960 film Psycho marked a cultural inflection point where the director's personal creative crisis mirrored and catalyzed America's shifting desires around sex, violence, and horror, permanently altering cinema and the nation's consciousness.",directorial authorship in film; cultural impact of cinema; violence and sexuality in media; American domesticity and transgression; the role of suspense and shock,provisional_unverified,frontmatter_or_chapter_sample,hypothesis_only_not_scholarly_evidence
Classical Political Philosophy,To Lead the Free World American Nationalism and the Cultural Roots of the Cold War.pdf,To Lead the Free World: American Nationalism and the Cultural Roots of the Cold War,mixed,"American Cold War foreign policy consensus was shaped by nationalist discourse in public culture, constructed through the interplay of government rhetoric, mass media, African American voices, and labor movements between 1945 and 1950.","public discourse and nationalism; Cold War consensus formation; cultural history methodology; imagined communities; race, class, and foreign policy",provisional_unverified,frontmatter_or_chapter_sample,hypothesis_only_not_scholarly_evidence
Classical Political Philosophy,Toward a Sociological Theory of Information.pdf,Toward a Sociological Theory of Information,theory,Information is constituted through situated social processes and cannot be understood apart from the social contexts and communicative work that generate it.,situated social processes; communicative work; organizational behavior; information conditioning factors; social organization,provisional_unverified,frontmatter_or_chapter_sample,hypothesis_only_not_scholarly_evidence
Classical Political Philosophy,Transnational Gas Markets and Euro-Russian Energy Relations.pdf,Transnational Gas Markets and Euro-Russian Energy Relations,empirical,Examines the political economy of natural gas trade between Europe and Russia within the context of transnational market structures and energy security dynamics.,transnational gas markets; energy security; Euro-Russian relations; hydrocarbon governance; political economy of energy,provisional_unverified,frontmatter_or_chapter_sample,hypothesis_only_not_scholarly_evidence
Classical Political Philosophy,Wahhabi Islam From Revival and Reform to Global Jihad by Natana J  Delong-Bas.pdf,Wahhabi Islam: From Revival and Reform to Global Jihad,mixed,A historical and intellectual analysis of Wahhabi Islamic thought from its eighteenth-century origins under Muhammad ibn Abd al-Wahhab through its contemporary manifestations in global political Islam and jihadi movements.,Islamic revival and reform; Wahhabi theology and doctrine; Islamic law and jurisprudence; Jihad and political Islam; Ibn Abd al-Wahhab's intellectual legacy; Contemporary Islamic activism,provisional_unverified,frontmatter_or_chapter_sample,hypothesis_only_not_scholarly_evidence
Classical Political Philosophy,Wahhabi Islam From Revival and Reform to Global Jihad.pdf,Wahhabi Islam: From Revival and Reform to Global Jihad,mixed,A historical and intellectual examination of Muhammad ibn Abd al-Wahhab's eighteenth-century Islamic reform movement and its evolution into contemporary manifestations of political Islam and global jihad.,Islamic reform and revival; Wahhabi theology and doctrine; Islamic law and jurisprudence; Gender and women in Islam; Political Islam and jihad; Hanbali legal tradition,provisional_unverified,frontmatter_or_chapter_sample,hypothesis_only_not_scholarly_evidence
Classical Political Philosophy,War by Other Means _ Geoeconomics and Statecraft_blackwill_harris.pdf,War by Other Means: Geoeconomics and Statecraft,mixed,"Economic instruments have become central tools of statecraft and international competition, functioning as an alternative to traditional military conflict in the pursuit of national interests.",geoeconomics; economic sanctions; statecraft; geopolitics; international economic relations; grand strategy,provisional_unverified,frontmatter_or_chapter_sample,hypothesis_only_not_scholarly_evidence
Classical Political Philosophy,Wheel of Fortune The Battle for Oil and Power in Russia.pdf,Wheel of Fortune: The Battle for Oil and Power in Russia,empirical,"Russia's post-Soviet oil industry became the central driver of economic recovery and political power consolidation, fundamentally shaping the nation's transition from communist collapse to a state-capitalist system dependent on energy exports.",oil industry privatization and ownership battles; state capitalism and resource nationalism; post-Soviet economic transition; petro-state politics and governance; energy security and global markets,provisional_unverified,frontmatter_or_chapter_sample,hypothesis_only_not_scholarly_evidence
Classical Political Philosophy,nomadism in iran.pdf,Nomadism in Iran: From Antiquity to the Modern Era,empirical,"Iranian nomadism evolved through distinct historical periods from pre-Islamic antiquity through the modern era, shaped by migrations, political structures, and socioeconomic transformations across successive empires and states.",nomadic pastoralism; tribal migration; Iranian history; social archaeology; political authority; sedentarization,provisional_unverified,frontmatter_or_chapter_sample,hypothesis_only_not_scholarly_evidence
Classical Political Philosophy,pakistans counterterrorismchallenge.pdf,Pakistan's Counterterrorism Challenge,empirical,"Pakistan faces multifaceted terrorism and militant extremism threats requiring integrated counterterrorism strategies across military, law enforcement, legal, financial, and political domains.",militancy and extremism in South Asia; counterinsurgency operations; state security and internal stability; US-Pakistan counterterrorism cooperation; terrorist financing and disruption; legal frameworks for military operations,provisional_unverified,frontmatter_or_chapter_sample,hypothesis_only_not_scholarly_evidence
semiotics,1511498.pdf,"Drawing, Design and Semiotics",theory,"Semiotics provides intellectual groundwork for developing a rigorous theory of drawing by treating drawing as a system of signs, addressing the historically underdeveloped verbal discourse about drawing's essential nature.",drawing as sign-making; semiotic theory; design theory; meaning and expression in visual practice; cultural and etymological foundations of drawing,provisional_unverified,frontmatter_or_chapter_sample,hypothesis_only_not_scholarly_evidence
semiotics,1576196.pdf,The Semiotics of the Digital Image,theory,"Digital art criticism requires a semiotic framework that recognizes how symbols and graphic encoding create meaning beyond medium-specific characteristics, integrating insights from mathematics and physics.",semiotics of digital images; formalist vs. postmodernist aesthetics; graphic encoding and linguistic syntax; symbol interpretation; descriptive mathematics and relativity,provisional_unverified,frontmatter_or_chapter_sample,hypothesis_only_not_scholarly_evidence
semiotics,2741570.pdf,Semiotics of Culture and Language,theory,"Linguistic and semiotic systems reflect and shape cultural cognition through discourse patterns, metaphor, semantic styles, and the interaction of language with nonverbal communication across societies.",discourse patterns and conceptual systems; localistic theory of linguistic expression; metaphor and figurative language; semiotic style and cultural identity; language structure and narrative analysis,provisional_unverified,frontmatter_or_chapter_sample,hypothesis_only_not_scholarly_evidence
semiotics,2780086.pdf,Hegemony and Mass Culture: A Semiotic Approach,theory,"Mass culture analysis requires a semiotic approach that captures the three-way dialectical relationship among cultural objects, industrial producers, and social audiences to fully specify the multiplicity of meanings and reveal users as active, creative agents rather than passive consumers.",semiotic meaning-making; cultural hegemony; mass culture production; audience reception; textual analysis; ideological management,provisional_unverified,frontmatter_or_chapter_sample,hypothesis_only_not_scholarly_evidence
semiotics,30_1.pdf,Overview of the Semiotics of Maps,method,"Cartosemiotics is the sign-theoretic study of maps, encompassing map symbolism, sign processes, contexts of sign embedding, marginal notes, and peripheral signification phenomena.","map symbolism (map language); sign processes (production, reception, employment); cartographic contexts; sign systems; cartographic representation",provisional_unverified,frontmatter_or_chapter_sample,hypothesis_only_not_scholarly_evidence
semiotics,40321136.pdf,"Power, Action, Signs: Between Peirce and Foucault",theory,"Foucault's analytics of power can enrich Peircean pragmatism by reconceiving habits and signs as structured through power relations, requiring a philosophy of the subject that accounts for distribution through fields of power.",Peircean semiotics; Foucauldian power; pragmatist epistemology; habits and action; subject formation; cultural criticism,provisional_unverified,frontmatter_or_chapter_sample,hypothesis_only_not_scholarly_evidence
semiotics,41485710.pdf,The Branded Self: On the Semiotics of Identity,theory,"Identity and selfhood are constructed through the semiotic function of brands and consumer choices, which serve as signifiers in a dialogic process of self-formation shaped by advertising and cultural meaning-making.",Semiotic signs and signification; Brand as identity marker; Dialogism and the internal conversation self; Postmodernism and identity fluidity; Consumer culture and status symbols,provisional_unverified,frontmatter_or_chapter_sample,hypothesis_only_not_scholarly_evidence
semiotics,41485930.pdf,Objectification and Semiotic Function,method,"Students' difficulties in ascribing consistent meaning to different representations of the same mathematical object stem from the objectification processes and semiotic functions they establish, requiring an activity-based semiotic approach beyond simple representation conversion.",objectification; semiotic function; mathematical representations; meaning-making; treatment transformations; cultural semiotics,provisional_unverified,frontmatter_or_chapter_sample,hypothesis_only_not_scholarly_evidence
semiotics,42979287.pdf,Multiplying Intelligences: Hypermedia and Social Semiotics,theory,Social semiotics provides a framework for understanding how multiple intelligences are mediated by distinct semiotic resource systems and how their integration in hypermedia creates multiplicative rather than merely additive meaning-making capacities.,multiple intelligences; social semiotics; semiotic resource systems; hypermedia; multimedia meaning-making,provisional_unverified,frontmatter_or_chapter_sample,hypothesis_only_not_scholarly_evidence
semiotics,43410727.pdf,The Literary Cartographic Impulse: Imagined Island Topographies in Ireland and Newfoundland,mixed,Literary cartography in works by Steffler and Robinson engages islands as culturally and historically bounded spaces whose poetic maps reveal an unknowable mystery at the heart of place.,literary cartography; island topography; imaginative mapping; cultural memory and history; power and territory; poetic unknowability,provisional_unverified,frontmatter_or_chapter_sample,hypothesis_only_not_scholarly_evidence
semiotics,4626250.pdf,Fluvial Geomorphology and Semiotics: A Wittgensteinian Perspective of the 'Divide' between Human and Physical Geography,theory,"Language and semiotic frameworks, grounded in Wittgenstein's philosophy, can reconcile apparent divisions between human and physical geography by revealing hidden commonalities in how both subdisciplines structure understanding.",Wittgensteinian language-games; Peircean semiotics; fluvial hierarchy; realist-pragmatist geography; scalar process interactions; forms of life,provisional_unverified,frontmatter_or_chapter_sample,hypothesis_only_not_scholarly_evidence
semiotics,677438.pdf,Signs of the Self: An Exploration in Semiotic Anthropology,theory,"The self is constituted through semiotic systems as both object and subject of signs, grounding personal identity in dialogical, social, and cultural processes rather than individual consciousness.",Peircean semiotics; personal identity; semiotic anthropology; dialogical self; phenomenological conception of the self; anti-Cartesian epistemology,provisional_unverified,frontmatter_or_chapter_sample,hypothesis_only_not_scholarly_evidence
semiotics,679706.pdf,"Four Theories of Things: Aristotle, Marx, Heidegger, and Peirce",theory,"Meaning and materiality are fundamentally interconnected through semiotic analysis, and classical philosophy offers distinct but complementary frameworks for understanding value and the nature of things.",use value; exchange value; embedded interpretants; semiotic grounds; Cartesian objects; Kantian things,provisional_unverified,frontmatter_or_chapter_sample,hypothesis_only_not_scholarly_evidence
semiotics,99_XXXIII-part5.pdf,3D Display Techniques for Cartographic Purposes: Semiotic Aspects,method,"3D cartographic visualization requires systematic integration of technical, perceptual-psychological, and cartographic-theoretical factors guided by communication and cognition theory to achieve user-oriented map design.",3D visualization techniques; cartographic semiotics; perceptual-psychological cues; cognitive aspects of cartography; cartographic communication process,provisional_unverified,frontmatter_or_chapter_sample,hypothesis_only_not_scholarly_evidence
semiotics,A Discursive-Semiotic Approach to Translating Cultural Aspects in Persuasive Advertisements.pdf,A Discursive-Semiotic Approach to Translating Cultural Aspects in Persuasive Advertisements,mixed,"National symbols and their semiotic meanings encode ideological shifts in South African culture, and effective advertisement translation requires addressing distinct cultural groups through their own sign systems rather than unified national symbols.",national symbols and ideology; sign systems and semiotics; cultural fragmentation; discursive translation; emotional interpretants; South African nationalism,provisional_unverified,frontmatter_or_chapter_sample,hypothesis_only_not_scholarly_evidence
semiotics,AG_660_0159.pdf,Cultural Cartography: Maps and Mapping in Cultural Geography,mixed,"Over three decades, theoretical and practical shifts in cartography have transformed mapping's role in geography, creating new connections between cultural geography and artistic practices through critiques of cartography's scientific claims and the democratization of map-making via digital technologies.",cartographic critique and representation; cultural geography and art practice; virtual and digital cartographies; map-making democratization; site-specific and Land Art; spatial documentation,provisional_unverified,frontmatter_or_chapter_sample,hypothesis_only_not_scholarly_evidence
semiotics,Constructivism and Saussurean semiotics.pdf,Constructivism and Saussurean Semiotics,theory,"The text examines the theoretical tension between constructivism and Saussurean semiotics as frameworks for analyzing culture, class, and representation in postmodern discourse.",Saussurean semiotics; constructivism; Sontagian camp; class and cultural hegemony; postmodern textual analysis,provisional_unverified,frontmatter_or_chapter_sample,hypothesis_only_not_scholarly_evidence
semiotics,Deconstructing the Map.pdf,Deconstructing the Map,theory,Cartography must undergo an epistemological shift away from uncritical acceptance of maps as objective scientific knowledge toward recognition of cartography as a culturally constructed and ideologically laden practice.,cartographic objectivity and scientific rhetoric; semiotics and representation in maps; ideology and power in cartographic knowledge; postmodern critique of cartography; epistemology of geographic visualization,provisional_unverified,frontmatter_or_chapter_sample,hypothesis_only_not_scholarly_evidence
semiotics,Geogr_44-2_11str_[75-82].pdf,The Cartographic Knowledge Base in formulating the linguistic trend of map semiotics,method,"Cartographic editing should integrate algorithms based on information exchange principles and map-language similarity, combining linguistic and classic cartosemiotic approaches in a two-stage process.",cartosemiotics; map language; cartographic communication; semiotic rules; cartographic knowledge base; automated map editing,provisional_unverified,frontmatter_or_chapter_sample,hypothesis_only_not_scholarly_evidence
semiotics,Histories and Theories of Nationalism A Semiotic Reproach.pdf,Histories and Theories of Nationalism: A Semiotic Reproach,theory,"Nationalist conflict arises from the structure of language-based identification processes rooted in psychoanalytic theory, particularly Freudian concepts of identification, rather than from passion or community alone.",cultural nationalism; identification theory; Freudian identification; semiotic analysis; imperialist domination; national identity,provisional_unverified,frontmatter_or_chapter_sample,hypothesis_only_not_scholarly_evidence
semiotics,JasonFarman_Mapping_the_Digital_Empire.pdf,Mapping the Digital Empire: Google Earth and the Process of Postmodern Cartography,theory,"Digital mapping technologies like Google Earth reproduce colonial cartographic ideologies of territorial control and representation, but can paradoxically enable user participation and subversion of master narratives within their existing structures.",cartography and imperialism; geographic information systems (GIS); postmodern representation; user-generated content; voyeurism and embodiment; recontextualization and subversion,provisional_unverified,frontmatter_or_chapter_sample,hypothesis_only_not_scholarly_evidence
semiotics,Kavaliauskas Paper.pdf,Methodology for Evaluation of the Communicative Quality of the Thematic Maps (Lithuanian Experience),method,Cartographic quality in post-Soviet Lithuania requires systematic evaluation frameworks grounded in cartographic semiotics and communication theory rather than technology alone.,cartographic semiotics; communicative quality; carto-qualimetry; cartocommunication methodology; thematic map design,provisional_unverified,frontmatter_or_chapter_sample,hypothesis_only_not_scholarly_evidence
semiotics,Mapping Eastern Europe_ Cartography and Art History.pdf,Mapping Eastern Europe: Cartography and Art History,theory,"Cartographic imagery has legitimized Eastern Europe's collective identity, and art historians adopting maps as analytical tools must engage with postmodern critique revealing maps as subjective, power-laden representations rather than neutral scientific documents.",critical cartography; spatial turn in art history; visual turn in cartography; cartographic representation and power; regional identity construction; postmodern critique of maps,provisional_unverified,frontmatter_or_chapter_sample,hypothesis_only_not_scholarly_evidence
semiotics,PPS_201220_Albertini_SemioticaNazionalismo.pdf,Una semiotica del nazionalismo: la Primavera Slovena (1987–1992),empirical,A semiotic analysis of nationalist discourse and symbolic practices during Slovenia's independence movement and the period of national assertion from 1987 to 1992.,semiotics of nationalism; symbolic representation; Slovenian independence movement; national identity construction; cultural discourse,provisional_unverified,frontmatter_or_chapter_sample,hypothesis_only_not_scholarly_evidence
semiotics,SSRN-id2020708.pdf,"Hegemony, Nationalism and Doxa: A Social Semiotic Analysis",theory,"U.S. pedagogical narratives about warfare embedded in school materials naturalize perpetual global military engagement as taken-for-granted social reality, reproducing public acceptance of hegemonic policy through semiotic structuring of meaning.",doxa and naturalization; multimodal narrative analysis; chronotope and profluence; habitus and ideological reproduction; pedagogical hegemony,provisional_unverified,frontmatter_or_chapter_sample,hypothesis_only_not_scholarly_evidence
semiotics,Tsar_and_God_and_Other_Essays_in_Russian_Cultur.pdf,Tsar and God: And Other Essays in Russian Cultural Semiotics,mixed,"Russian monarchical authority was established and legitimated through semiotic processes that sacralized the tsar as a quasi-divine figure, a transformation visible in ritual, symbolic practice, and cultural reform from medieval times through the Enlightenment.",sacralization of monarchy; semiotic analysis; Russian cultural history; royal imposture; Baroque culture; Enlightenment ideology; Byzantine tradition,provisional_unverified,frontmatter_or_chapter_sample,hypothesis_only_not_scholarly_evidence
semiotics,Visual Semiotics.pdf,Visual Semiotics: New Semiotics Between Tradition and Innovation,mixed,"Visual semiotics addresses the underdeveloped theory of visual communication by examining nonverbal signification, imagery, rhetoric, and intersemiotic translation across traditional and digital media.",nonverbal communication; visual rhetoric; intersemiotic translation; political imagery; connotative mechanisms; digital semiotics,provisional_unverified,frontmatter_or_chapter_sample,hypothesis_only_not_scholarly_evidence
semiotics,cartosemio.pdf,The Cartographer's Palette: The Semiotics of Cartography,method,"Cartographers use a systematic inventory of visual resources—size, shape, value, texture, hue, orientation—applied strategically to points, lines, and areas to symbolize real-world phenomena according to levels of measurement, with typography serving as a critical communicational component.",visual semiotics; symbolization strategies; levels of measurement; visual resources; cartographic typography; map legibility,provisional_unverified,frontmatter_or_chapter_sample,hypothesis_only_not_scholarly_evidence
semiotics,degruter.pdf,"The semiotics of undesirable bodies: Transnationalism, race culture, abjection",theory,"Contemporary transnational migration produces a semiotics of the foreign body marked by primitivity and abjection, differentiated from both the national sphere and desired expatriate professionals, as exemplified in Singapore and other multicultural contexts.",neo-primitivism; abjection; transnational migration; racial semiotics; labor abstraction; foreign body,provisional_unverified,frontmatter_or_chapter_sample,hypothesis_only_not_scholarly_evidence
semiotics,document(1).pdf,Ground zero: the semiotics of the boundary line,theory,The graphic boundary line functions as a spatial equivalent to numeric zero—a meta-symbolic entity that is empty yet foundational to cartographic representation and the carto-realist conception of spatiality.,boundary lines and cartography; visual semiotics; zero as meta-symbol; digital and analogue communication systems; spatiality and spatial practice; carto-realism,provisional_unverified,frontmatter_or_chapter_sample,hypothesis_only_not_scholarly_evidence
semiotics,document.pdf,Holy Rus: The Geopolitical Imagination in the Contemporary Russian Orthodox Church,mixed,The Russian Orthodox Church uses the concept of 'Holy Rus' as a geopolitical model to transform spatial imagination and influence collective identity in post-Soviet space.,geopolitical imagination; spatial transformation; religious ideology; post-Soviet integration; collective identity; ecclesiastical authority,provisional_unverified,frontmatter_or_chapter_sample,hypothesis_only_not_scholarly_evidence
semiotics,documhhent.pdf,Transdisciplinarity in Objects: Spatial Signification from Graffiti to Hegemony,theory,"Transdisciplinary research can be defined through shared objects of study rather than methods alone, with spatial signification serving as a model for how structures and processes interconnect across individual, cultural, and social dimensions.",spatial signification; sociosemiotics; territorialisation; infinite semiosis; cultures and metacultures; transdisciplinarity,provisional_unverified,frontmatter_or_chapter_sample,hypothesis_only_not_scholarly_evidence
semiotics,drezno.pdf,On the Pragmatic Approach to Map Analysis: Remarks on the Basis of MacEachren's Approach to Map Semiotics,theory,Map semiotics requires a modernized pragmatic framework that moves beyond early 20th-century foundational texts to incorporate contemporary developments in linguistic pragmatics and adequately addresses syntactics and pragmatics alongside semantics.,map semiotics; pragmatics in cartography; Morris division of semiotics; map syntactics; Peirce and Saussure traditions; cartographic theory,provisional_unverified,frontmatter_or_chapter_sample,hypothesis_only_not_scholarly_evidence
semiotics,pub13675.pdf,Thematic Cartography and Cartosemiotics: Commonalities and Differences,theory,"Thematic cartosemiotics is a foundational discipline within cartography essential for developing unified sign systems in thematic maps, requiring clarification of definitional shifts caused by GIS adoption and proper positioning of semiotic transformation within map use phases.",thematic cartography; cartosemiotics; cartographic language and symbols; semiotic transformation; GIS integration in mapmaking,provisional_unverified,frontmatter_or_chapter_sample,hypothesis_only_not_scholarly_evidence
semiotics,publ_en_426_About_the_Cartographical_Signs.pdf,About the Cartographical Signs,theory,"Cartographical signs function across four hierarchical levels and possess distinct semiotic properties that differentiate them from graphical signs in map legends, requiring clarification through semiotic theory.",semiotic triangle (sign-meaning-denotation); hierarchical sign levels (graphical primitives to super-signs); conventional vs. cartographical signs; sign vehicle and meaning; map legend vs. map field distinctions,provisional_unverified,frontmatter_or_chapter_sample,hypothesis_only_not_scholarly_evidence
semiotics,si.1987.10.1.1.pdf,On Semiotics and Symbolic Interactionism,theory,"Semiotics provides essential theoretical tools for understanding how signs and symbols operate within symbolic interactionist frameworks, particularly regarding cultural objects and consumer meaning-making in postmodern contexts.",semiotic theory; symbolic interaction; political economy of the sign; cultural objects; sign systems; postmodern consumption,provisional_unverified,frontmatter_or_chapter_sample,hypothesis_only_not_scholarly_evidence
Statistical Analysis and Research Methods,A_Handbook_of_Statistical_Analyses_Using_R_Second_Edition.pdf,A Handbook of Statistical Analyses Using R,method,"A practical guide to performing statistical analyses and data analysis using the R programming language, covering core methods and applications.",statistical computing; data analysis; R programming; generalized linear models; longitudinal data; graphical displays,provisional_unverified,frontmatter_or_chapter_sample,hypothesis_only_not_scholarly_evidence
Statistical Analysis and Research Methods,Basics of Qualitative Research Techniques and Procedures for Developing Grounded Theory.pdf,Basics of Qualitative Research: Techniques and Procedures for Developing Grounded Theory,method,A comprehensive methodological guide to conducting qualitative research through systematic coding procedures and theoretical sampling to develop grounded theory from empirical data.,grounded theory; qualitative coding procedures; open axial and selective coding; theoretical sampling; data analysis and conceptualization,provisional_unverified,frontmatter_or_chapter_sample,hypothesis_only_not_scholarly_evidence
Statistical Analysis and Research Methods,DTIC_ADA601840.pdf,Russia After Putin,empirical,"Strategic analysis of potential political, military, and geopolitical transitions in Russia following Vladimir Putin's tenure as leader.",Russian political succession; geopolitical stability; military strategy; regional security; strategic competition,provisional_unverified,frontmatter_or_chapter_sample,hypothesis_only_not_scholarly_evidence
Statistical Analysis and Research Methods,Economic and Social Geography_ Made Simple.pdf,Economic and Social Geography Made Simple,mixed,"An introductory survey of how human economic and social activity is distributed and organized across the earth's surface, emphasizing problem-oriented analysis and contemporary techniques over descriptive approaches.",spatial distribution of human activity; economic geography; social geography; geographical analysis methods; human-environment interaction,provisional_unverified,frontmatter_or_chapter_sample,hypothesis_only_not_scholarly_evidence
Statistical Analysis and Research Methods,Environmental Geography of South Asia Contributions Toward a Future Earth Initiative.pdf,Environmental Geography of South Asia: Contributions Toward a Future Earth Initiative,mixed,South Asian environmental geography integrates biophysical and human dimensions across multiple earth systems to advance sustainable development and resilience through geoscience methods and Future Earth initiatives.,land use land cover change; climate and sustainability; remote sensing and GIS; natural hazards and disasters; land-ocean-atmosphere interaction; ecohydrology and biodiversity,provisional_unverified,frontmatter_or_chapter_sample,hypothesis_only_not_scholarly_evidence
Statistical Analysis and Research Methods,Facing the Terrorist Challenge Central Asias Role in Regional and International Co-operation.pdf,Facing the Terrorist Challenge: Central Asia's Role in Regional and International Co-operation,mixed,Central Asian states must undertake comprehensive security sector reform—shifting from state-centric to cooperative security cultures and democratic governance—to address terrorism while building sustainable democratic institutions.,security sector reform; cooperative security; counterterrorism; democratic governance; civil-military relations; regional cooperation,provisional_unverified,frontmatter_or_chapter_sample,hypothesis_only_not_scholarly_evidence
Statistical Analysis and Research Methods,FloydPrinciples of Electric Circuits Conventional Current 10th Global Edition.pdf,Principles of Electric Circuits: Conventional Current,method,"A comprehensive introductory textbook covering fundamental circuit laws, components, and modern instruments for understanding basic electronics with contemporary tools and methods.",fundamental circuit laws; electronic components; circuit analysis; measurement instruments; graphing calculator methods,provisional_unverified,frontmatter_or_chapter_sample,hypothesis_only_not_scholarly_evidence
Statistical Analysis and Research Methods,Global Salafism Islams New Religious Movement.pdf,Global Salafism: Islam's New Religious Movement,empirical,Salafism constitutes a transnational religious movement within Islam characterized by diverse expressions and practices across regions and communities.,Salafism; Islamic fundamentalism; transnational religious movement; ideology production and distribution; Islamic modernism,provisional_unverified,frontmatter_or_chapter_sample,hypothesis_only_not_scholarly_evidence
Statistical Analysis and Research Methods,HISTOLOGY A Text and Atlas with Correlated Cell and Molecular Biology.pdf,Histology: A Text and Atlas with Correlated Cell and Molecular Biology,method,A comprehensive reference integrating microscopic tissue structure with cellular and molecular biology mechanisms to provide foundational knowledge of human histology for medical and biological science students.,tissue microstructure; cell biology correlation; molecular mechanisms; histological techniques; organ systems anatomy,provisional_unverified,frontmatter_or_chapter_sample,hypothesis_only_not_scholarly_evidence
Statistical Analysis and Research Methods,Inner Asia and the Spatial Politics of Empire.pdf,"Inner Asia and the Spatial Politics of Empire: Archaeology, Mobility, and Culture Contact",empirical,Archaeological and spatial analysis reveals how mobility and cultural contact shaped political organization and empire formation in Inner Asia.,spatial politics; mobility patterns; culture contact; archaeological methodology; nomadic empire; settlement distribution,provisional_unverified,frontmatter_or_chapter_sample,hypothesis_only_not_scholarly_evidence
Statistical Analysis and Research Methods,International Politics  Jervis.pdf,International Politics: Enduring Concepts and Contemporary Issues,mixed,"A comprehensive examination of enduring theoretical frameworks and contemporary issues in international relations, emphasizing the structural role of anarchy, the use of force, political economy, and emerging global challenges.",Anarchy and state behavior; Power and legitimacy; Strategic interaction; Political economy; Use of force; Global governance,provisional_unverified,frontmatter_or_chapter_sample,hypothesis_only_not_scholarly_evidence
Statistical Analysis and Research Methods,Irans policy on Afghanistan _ Koepeke.pdf,Iran's Policy on Afghanistan: The Evolution of Strategic Pragmatism,empirical,"Iran's approach to Afghanistan has evolved from ideologically-driven intervention following the 1979 Islamic Revolution to a pragmatic strategy balancing regional security concerns, reconstruction support, and diplomatic engagement under shifting political regimes.",strategic pragmatism; Khomeinist ideology; regional security; Afghan reconstruction; Taliban reconciliation; great power dynamics,provisional_unverified,frontmatter_or_chapter_sample,hypothesis_only_not_scholarly_evidence
Statistical Analysis and Research Methods,Pakistan The Formative Phase  1857-1948 by Khalid bin Sayeed.pdf,Pakistan: The Formative Phase 1857-1948,empirical,"A historical analysis of Pakistan's political, social, and institutional development during the British colonial period and the emergence of the nation-state through independence.",British colonial administration; Muslim nationalism; Constitutional development; Partition and independence; Political institutions,provisional_unverified,frontmatter_or_chapter_sample,hypothesis_only_not_scholarly_evidence
Statistical Analysis and Research Methods,Pakistan The Formative Phase  1857-1948.pdf,Pakistan: The Formative Phase 1857-1948,empirical,"An examination of the historical, political, and social developments that shaped the emergence of Pakistan as an independent nation from 1857 to 1948.",Colonial administration and British rule; Nationalist movements and independence struggle; Partition and communal politics; State formation and nation-building; Religious and cultural identity,provisional_unverified,frontmatter_or_chapter_sample,hypothesis_only_not_scholarly_evidence
Statistical Analysis and Research Methods,Power and international relations a conceptual approac.pdf,Power and International Relations: A Conceptual Approach,theory,"A systematic conceptual analysis of how power operates in international relations, grounded in social power theory and examining its treatment across realist, constructivist, and neoliberal IR frameworks.",Power (Dahlian definition and critique); International relations theory; Realism and neorealism; Constructivism; Neoliberalism and soft power; Military statecraft,provisional_unverified,frontmatter_or_chapter_sample,hypothesis_only_not_scholarly_evidence
Statistical Analysis and Research Methods,Regional Action Plan towards the Information Society in Asia and the Pacific by United Nations.pdf,Regional Action Plan towards the Information Society in Asia and the Pacific,empirical,"ESCAP presents a coordinated regional strategy to bridge the digital divide in Asia and the Pacific by addressing ICT policy gaps, building stakeholder capacity, and leveraging information and communication technologies for sustainable socio-economic development and disaster management.",digital divide; ICT policy and regulation; capacity building; disaster management technology; sustainable development,provisional_unverified,frontmatter_or_chapter_sample,hypothesis_only_not_scholarly_evidence
Statistical Analysis and Research Methods,Regional Action Plan towards the Information Society in Asia and the Pacific.pdf,Regional Action Plan towards the Information Society in Asia and the Pacific,empirical,ESCAP member states in Asia and the Pacific require coordinated ICT policy frameworks and capacity building to bridge the digital divide and achieve sustainable socio-economic development and the Millennium Development Goals.,digital divide; ICT policy and regulation; capacity building; disaster management technology; regional cooperation,provisional_unverified,frontmatter_or_chapter_sample,hypothesis_only_not_scholarly_evidence
Statistical Analysis and Research Methods,Russia and the Mongols Slavs and the steppe in medieval and early modern Russia.pdf,Russia and the Mongols: Slavs and the Steppe in Medieval and Early Modern Russia,mixed,"Collected essays examining the complex historical relationship between Russian principalities and the Mongol Golden Horde, challenging historiographical myths and reconstructing the political, religious, and cultural dynamics of Russian incorporation into the Mongol empire.",Golden Horde; Mongol conquest; Russian principalities; Historiography; Medieval Eurasia; Tatar Yoke; Chingissid influence,provisional_unverified,frontmatter_or_chapter_sample,hypothesis_only_not_scholarly_evidence
Statistical Analysis and Research Methods,Sugarcane.pdf,Sugarcane,mixed,"A comprehensive technical and historical reference on sugarcane cultivation, genetics, improvement, and management covering botany, breeding, disease and pest control.",plant breeding and germplasm; disease resistance; crop improvement; sugarcane botany; pest management; molecular-assisted selection,provisional_unverified,frontmatter_or_chapter_sample,hypothesis_only_not_scholarly_evidence
Statistical Analysis and Research Methods,Text Analysis in Python for Social Scientists Discovery and Exploration.pdf,Text Analysis in Python for Social Scientists: Discovery and Exploration,method,Python-based text analysis methods from natural language processing enable social scientists to efficiently extract meaningful information from abundant textual data.,natural language processing; text analysis methods; Python implementation; computational social science; language processing,provisional_unverified,frontmatter_or_chapter_sample,hypothesis_only_not_scholarly_evidence
Statistical Analysis and Research Methods,The Calculus of Consent Logical Foundations of Constitutional Democracy.pdf,The Calculus of Consent: Logical Foundations of Constitutional Democracy,theory,Constitutional democracy can be analyzed as a logical system where rational individuals choose decision-making rules to maximize collective welfare while minimizing decision and external costs.,Individualistic rationality in social choice; Constitutional economics; Decision-making rule costs; Unanimity and majority voting; Pareto optimality and collective action,provisional_unverified,frontmatter_or_chapter_sample,hypothesis_only_not_scholarly_evidence
Statistical Analysis and Research Methods,The Economic Foundations of Fascism.pdf,The Economic Foundations of Fascism,empirical,"Italian Fascism represents a viable economic system balancing private property and initiative with state coordination through corporate organization, offering greater stability than both laissez-faire capitalism and socialist alternatives.",corporate economic system; monetary discipline; state planning with private property; public works and economic recovery; currency stability,provisional_unverified,frontmatter_or_chapter_sample,hypothesis_only_not_scholarly_evidence
Statistical Analysis and Research Methods,The Spirit of Islam February 2020 by Moulana Wahiuddin khan.pdf,The Spirit of Islam,empirical,UNCLEAR,,provisional_unverified,frontmatter_or_chapter_sample,hypothesis_only_not_scholarly_evidence
Statistical Analysis and Research Methods,The Spirit of Islam February 2020.pdf,The Spirit of Islam,empirical,UNCLEAR,,provisional_unverified,frontmatter_or_chapter_sample,hypothesis_only_not_scholarly_evidence
Statistical Analysis and Research Methods,The Swing Traders Bible Strategies to Profit from Market Volatility .pdf,The Swing Trader's Bible: Strategies to Profit from Market Volatility,method,A practical guide to swing trading strategies and risk management techniques for profiting from short-term market price movements.,swing trading; market volatility; stop loss management; trading style determination; portfolio management; trading profitability,provisional_unverified,frontmatter_or_chapter_sample,hypothesis_only_not_scholarly_evidence
Statistical Analysis and Research Methods,The political economy of Chinas Belt and Road Initiative.pdf,The Political Economy of China's Belt and Road Initiative,mixed,China's Belt and Road Initiative represents a strategic framework for economic cooperation and development that builds on historical Silk Road trade patterns while addressing contemporary geopolitical and economic objectives.,Belt and Road Initiative; political economy; China foreign investment; regional cooperation; Silk Road legacy; risk management,provisional_unverified,frontmatter_or_chapter_sample,hypothesis_only_not_scholarly_evidence
Statistical Analysis and Research Methods,Trump To End Longest War In US History As US And Taliban Agree On Peace Deal Framework - MAGA Daily Report.pdf,Trump To End Longest War In US History As US And Taliban Agree On Peace Deal Framework,empirical,"The Trump administration has achieved a framework agreement with the Taliban for ending the Afghanistan war, representing a significant diplomatic breakthrough against establishment opposition.",US-Taliban peace negotiations; Afghanistan withdrawal; military-industrial complex; counterterrorism diplomacy; geopolitical stalemate,provisional_unverified,frontmatter_or_chapter_sample,hypothesis_only_not_scholarly_evidence
Statistical Analysis and Research Methods,UNCTAD handbook of statistics 2011.pdf,UNCTAD Handbook of Statistics 2011,empirical,"Comprehensive compilation of global trade, investment, financial flows, and development data to support policy analysis and economic decision-making across countries.",world trade statistics; international investment flows; financial data collection; economic development indicators; comparative economic analysis,provisional_unverified,frontmatter_or_chapter_sample,hypothesis_only_not_scholarly_evidence
Statistical Analysis and Research Methods,"Urban Geography A Global Perspective, Third Edition.pdf","Urban Geography: A Global Perspective, Third Edition",mixed,"Cities are fundamental to human organization and deserve comprehensive geographic analysis across economic, social, cultural, and political dimensions at local and global scales.",urbanization; global cities; urban economic restructuring; social reproduction; urban policy; spatial organization,provisional_unverified,frontmatter_or_chapter_sample,hypothesis_only_not_scholarly_evidence
Statistical Analysis and Research Methods,WEF_The_Global_Risks_Report_2024.pdf,The Global Risks Report 2024,mixed,"The world faces a critical transition shaped by accelerating technological change, climate crisis, geopolitical conflict, and structural shifts that are pushing governance systems beyond their limits with systemic consequences through 2034.",global risk perception and assessment; structural forces and systemic transitions; climate change and adaptation; geopolitical conflict and polarization; misinformation and information integrity; technological disruption; economic uncertainty,provisional_unverified,frontmatter_or_chapter_sample,hypothesis_only_not_scholarly_evidence
Statistical Analysis and Research Methods,bp-stats-review-2021-full-report.pdf,Statistical Review of World Energy 2021,empirical,"A comprehensive empirical analysis of global energy consumption, production, reserves, and carbon emissions across all major fuel types and regions for 2020.",primary energy consumption; carbon dioxide emissions; fossil fuel reserves and production; renewable energy transition; energy markets and pricing,provisional_unverified,frontmatter_or_chapter_sample,hypothesis_only_not_scholarly_evidence
Statistical Analysis and Research Methods,geomorphology savinder.pdf,Geomorphology,mixed,"A comprehensive examination of landform development, earth structure, and geomorphic processes integrating theories, climatic controls, and tectonic mechanisms.",landform development theories; plate tectonics; climatic geomorphology; structural geomorphology; weathering and mass movement; volcanic landforms; isostasy,provisional_unverified,frontmatter_or_chapter_sample,hypothesis_only_not_scholarly_evidence
cognitive_philiosophy,A Companion to Phenomenology and Existentialism.pdf,A Companion to Phenomenology and Existentialism,theory,"A comprehensive survey of phenomenology and existentialism covering key figures, concepts, and problems in these philosophical traditions.",phenomenology; existentialism; consciousness; being; lived experience; subjectivity,provisional_unverified,frontmatter_or_chapter_sample,hypothesis_only_not_scholarly_evidence
cognitive_philiosophy,A Realist Philosophy of Social Science Explanation and Understanding.pdf,A Realist Philosophy of Social Science: Explanation and Understanding,theory,"Theory in social and natural sciences aims to understand the generative processes producing contingent outcomes, not merely predict events or behavior, requiring a realist reassessment of explanation.",realism; causality; explanation and understanding; generative mechanisms; social processes; theory in science,provisional_unverified,frontmatter_or_chapter_sample,hypothesis_only_not_scholarly_evidence
cognitive_philiosophy,A Realist Theory of Science.pdf,A Realist Theory of Science,theory,Science requires a realist ontology recognizing real causal powers and mechanisms that exist independently of their empirical manifestation or our knowledge of them.,transcendental realism; causal powers and mechanisms; stratification of nature; open systems; natural necessity; ontology in philosophy of science,provisional_unverified,frontmatter_or_chapter_sample,hypothesis_only_not_scholarly_evidence
cognitive_philiosophy,An Introduction to Dialectics by Theodor W. Adorno.pdf,An Introduction to Dialectics,theory,"Adorno presents dialectics as a philosophical method that grasps the dynamic movement of concepts and reality through mediation and contradiction, rejecting both positivist and foundationalist approaches.",dialectical method; mediation and non-identity; determinate negation; movement of the concept; critique of positivism; Hegelian dialectics,provisional_unverified,frontmatter_or_chapter_sample,hypothesis_only_not_scholarly_evidence
cognitive_philiosophy,Analyzing Digital Discourse New Insights and Future Directions.pdf,Analyzing Digital Discourse: New Insights and Future Directions,method,"This edited collection examines contemporary patterns of discourse and communication across digital spaces, focusing on multimodality, identity construction, relationship work, and language ideologies in online interactions.",digital discourse analysis; multimodality; identity and face online; language ideologies; computer-mediated communication,provisional_unverified,frontmatter_or_chapter_sample,hypothesis_only_not_scholarly_evidence
cognitive_philiosophy,Analyzing Media Messages Using Quantitative Content Analysis in Research.pdf,Analyzing Media Messages: Using Quantitative Content Analysis in Research,method,"Quantitative content analysis is a systematic research method for analyzing media messages applicable across mass communication, political science, and behavioral sciences.",content analysis; measurement; coding rules; reliability; validity; sampling; data analysis,provisional_unverified,frontmatter_or_chapter_sample,hypothesis_only_not_scholarly_evidence
cognitive_philiosophy,Applied Spatial Data Analysis with R.pdf,Applied Spatial Data Analysis with R,method,"A comprehensive guide to handling, analyzing, and visualizing spatial data using R, emphasizing reproducible research practices and open-source methodology.",spatial data analysis; R programming; reproducible research; geospatial visualization; data manipulation; open-source software,provisional_unverified,frontmatter_or_chapter_sample,hypothesis_only_not_scholarly_evidence
cognitive_philiosophy,Being and Truth.pdf,Being and Truth,theory,"Heidegger examines the history of metaphysics and the notion of truth from Heraclitus to Hegel, arguing for a distinctive understanding of being and truth grounded in a philosophy engaged with politics and history.",ontology and metaphysics; truth and disclosure; being and history; language and meaning; politics and philosophy,provisional_unverified,frontmatter_or_chapter_sample,hypothesis_only_not_scholarly_evidence
cognitive_philiosophy,Capitalist Realism Is There no Alternative.pdf,Capitalist Realism: Is There No Alternative?,theory,"Late capitalism has become so ideologically naturalized that it appears impossible to imagine viable alternatives to it, even as the system itself becomes increasingly dystopian and destructive.",capitalist realism; neoliberalism; ideological naturalization; dystopian imagination; state-capital relations,provisional_unverified,frontmatter_or_chapter_sample,hypothesis_only_not_scholarly_evidence
cognitive_philiosophy,Causation in International Relations Reclaiming Causal Analysis.pdf,Causation in International Relations: Reclaiming Causal Analysis,theory,"Causal analysis in International Relations rests on problematic deterministic, mechanistic, and empiricist assumptions, and reinterpreting the meaning, aims, and methods of social scientific causation enables multi-causal and methodologically pluralist scholarship.",causal analysis; philosophy of causation; determinism and mechanism; empiricism; methodological pluralism; world political processes,provisional_unverified,frontmatter_or_chapter_sample,hypothesis_only_not_scholarly_evidence
cognitive_philiosophy,Collapse How Societies Choose to Fail or Succeed.pdf,Collapse: How Societies Choose to Fail or Succeed,empirical,"Societies face collapse when environmental degradation, resource depletion, and poor decision-making interact; understanding past collapses illuminates present choices.",societal collapse; environmental degradation; resource management; comparative historical analysis; sustainability decisions,provisional_unverified,frontmatter_or_chapter_sample,hypothesis_only_not_scholarly_evidence
cognitive_philiosophy,Computational and Mathematical Modeling in the Social Sciences.pdf,Computational and Mathematical Modeling in the Social Sciences,method,"Mathematical modeling in the social sciences requires an integrated framework spanning game theory, statistics, and computational methods to address the critiques of mathematization and solve complex social science problems.",game theory; statistical modeling; computational methods; mathematical rigor; computational political economy,provisional_unverified,frontmatter_or_chapter_sample,hypothesis_only_not_scholarly_evidence
cognitive_philiosophy,Computer Mediated Communication.pdf,Computer Mediated Communication: Social Interaction and the Internet,mixed,"Computer-mediated communication fundamentally reshapes social interaction through internet technologies, requiring integrated analysis of theory, critique, practical application, and domain-specific contexts.",social interaction online; internet technologies and mediation; online identity and community; interpersonal and group dynamics; language and discourse online; digital ethics and inequities,provisional_unverified,frontmatter_or_chapter_sample,hypothesis_only_not_scholarly_evidence
cognitive_philiosophy,Constructing Grounded Theory.pdf,Constructing Grounded Theory: A Practical Guide Through Qualitative Analysis,method,"Grounded theory is a systematic qualitative research methodology that generates theoretical understanding through iterative data collection, coding, and analysis.",grounded theory; qualitative coding; theoretical sampling; memo-writing; data saturation; theory construction,provisional_unverified,frontmatter_or_chapter_sample,hypothesis_only_not_scholarly_evidence
cognitive_philiosophy,Content Analysis An Introduction to Its Methodology.pdf,Content Analysis: An Introduction to Its Methodology,method,"Content analysis is a systematic research method for identifying and quantifying patterns, themes, and meanings within textual and communicative data.",Content analysis methodology; Quantitative and qualitative analysis; Coding and categorization; Sampling and research design; Validity and reliability in text analysis,provisional_unverified,frontmatter_or_chapter_sample,hypothesis_only_not_scholarly_evidence
cognitive_philiosophy,Critical Realism Essential Readings.pdf,Critical Realism: Essential Readings,theory,"Critical realism, developed from Roy Bhaskar's transcendental realist philosophy, offers a systematic alternative to positivism and postmodernism by grounding science and social science in realist ontology, stratified explanation, and emancipatory critique.",transcendental realism; critical naturalism; explanatory critique; dialectic; stratified ontology; social structures; emancipatory impulse,provisional_unverified,frontmatter_or_chapter_sample,hypothesis_only_not_scholarly_evidence
cognitive_philiosophy,Culture Identity and Politics.pdf,"Culture, Identity, and Politics",theory,"Nationalism, social cohesion, and modern ideologies emerged together in the nineteenth century as responses to fundamental social change, requiring new theoretical frameworks to understand the deep structures of these transformations.",nationalism; social cohesion; Durkheim's sociology; anthropological fieldwork; political ideology; modernization and social change,provisional_unverified,frontmatter_or_chapter_sample,hypothesis_only_not_scholarly_evidence
cognitive_philiosophy,Data Science and Social Research EpistemologyMethodsTechnology and Applications.pdf,"Data Science and Social Research: Epistemology, Methods, Technology and Applications",mixed,"Data science integrates statistics, computer science, and domain knowledge to extract meaning from complex, diverse data sources for social research and decision-making in the information society.",data science methodology; knowledge integration and ontologies; big data analysis; statistical and computational methods; epistemology of data-driven inquiry,provisional_unverified,frontmatter_or_chapter_sample,hypothesis_only_not_scholarly_evidence
cognitive_philiosophy,Dialectic of enlightenment.pdf,Dialectic of Enlightenment: Philosophical Fragments,theory,"Enlightenment rationality, rather than liberating humanity, has become a mechanism of domination that perpetuates myth, administered control, and the eclipse of freedom through both cultural industry and totalitarian systems.",instrumental rationality; culture industry; administered society; myth and enlightenment; total integration; anti-Semitism; positivism,provisional_unverified,frontmatter_or_chapter_sample,hypothesis_only_not_scholarly_evidence
cognitive_philiosophy,Digital Discourse Language in the New Media.pdf,Digital Discourse: Language in the New Media,mixed,"Language use in digital and social media platforms reveals how speakers creatively construct identity, ideology, and community through novel linguistic practices and multimodal semiotic resources.",sociolinguistics of digital media; discourse analysis; identity and stylization; multimodality; language ideology; computer-mediated communication,provisional_unverified,frontmatter_or_chapter_sample,hypothesis_only_not_scholarly_evidence
cognitive_philiosophy,Discourse Analysis as Theory and Method.pdf,Discourse Analysis as Theory and Method,method,"An introduction to social constructionist discourse analysis presenting three major approaches—Laclau and Mouffe's discourse theory, critical discourse analysis, and discursive psychology—with their distinctive theoretical and methodological features.",discourse theory; critical discourse analysis; discursive psychology; social constructionism; textual interpretation; methodology,provisional_unverified,frontmatter_or_chapter_sample,hypothesis_only_not_scholarly_evidence
cognitive_philiosophy,Discourse and Context A Sociocognitive Approach.pdf,Discourse and Context: A Sociocognitive Approach,theory,Language use and discourse are shaped not by objective social variables but by discourse participants' subjective mental constructs—context models—that dynamically adapt communication to situational environments.,context models; sociocognitive theory; discourse adaptation; pragmatics; social situations and language; participant perspective,provisional_unverified,frontmatter_or_chapter_sample,hypothesis_only_not_scholarly_evidence
cognitive_philiosophy,Ethical Values in International Decision.pdf,Ethical Values in International Decision-Making,theory,Ethical behavior in international relations must be investigated systematically to understand how cooperation can overcome parochial loyalties and group-based value systems that conflict with global welfare.,ethical behavior in international relations; competing group loyalties and value-systems; global versus parochial ethics; cooperation versus conflict; cultural and ideological differences,provisional_unverified,frontmatter_or_chapter_sample,hypothesis_only_not_scholarly_evidence
cognitive_philiosophy,Ethno-Symbolism and Nationalism A Cultural Approach.pdf,Ethno-Symbolism and Nationalism: A Cultural Approach,theory,"Nations are historical communities rooted in ethnic symbols, myths, and cultural memories, and understanding their formation and persistence requires analyzing the symbolic dimensions of ethnicity and nationalism.",ethno-symbolism; ethnic groups and nations; symbolic dimensions of culture; nationalism formation; historical community; ethnic persistence,provisional_unverified,frontmatter_or_chapter_sample,hypothesis_only_not_scholarly_evidence
cognitive_philiosophy,Existentialism Is a Humanism by Jean Paul Sartre.pdf,Existentialism Is a Humanism,theory,"Existentialism is a humanistic philosophy grounded in human freedom and responsibility, countering accusations that it leads to despair or nihilism.",existential freedom; human responsibility; consciousness and choice; authenticity; anguish and lucidity,provisional_unverified,frontmatter_or_chapter_sample,hypothesis_only_not_scholarly_evidence
cognitive_philiosophy,Expressivism Pragmatism and Representationalism.pdf,"Expressivism, Pragmatism and Representationalism",theory,Pragmatism can be reconciled with naturalism through a radical global expressivism that rejects representationalism while maintaining a naturalistic account of human subjects.,expressivism; pragmatism; representationalism; naturalism; global anti-representationalism,provisional_unverified,frontmatter_or_chapter_sample,hypothesis_only_not_scholarly_evidence
cognitive_philiosophy,Female Orgasm Black Book.pdf,Female Orgasm Black Book,method,"A practical guide to understanding female sexual response and techniques for facilitating female orgasm through knowledge of anatomy, psychological factors, and sequential phases of sexual engagement.",female sexual anatomy; erogenous zones; orgasm physiology; sexual phases; seduction and desire; sensory techniques,provisional_unverified,frontmatter_or_chapter_sample,hypothesis_only_not_scholarly_evidence
cognitive_philiosophy,Gustav_Bergmann.pdf,Gustav Bergmann: Phenomenological Realism and Dialectical Ontology,theory,"Bergmann synthesizes phenomenological analysis with realist ontology to develop a systematic account of entities, properties, and their logical relationships while engaging with historical figures like Brentano, Leibniz, and Meinong.",phenomenological realism; dialectical ontology; bare particulars and universals; logical form and analysis; ontological commitment; modes of exemplification,provisional_unverified,frontmatter_or_chapter_sample,hypothesis_only_not_scholarly_evidence
cognitive_philiosophy,Heidegger and Politics The Ontology of Radical Discontent.pdf,Heidegger and Politics: The Ontology of Radical Discontent,theory,"Heidegger's political thought is fundamentally ambiguous about the status of everyday existence, oscillating between revolutionary authenticity and apocalyptic deliverance, thereby forecasting his tendency toward political extremism.",ontology of everyday existence; authenticity versus inauthenticity; Being and Time; radical discontent; communal existence; the They,provisional_unverified,frontmatter_or_chapter_sample,hypothesis_only_not_scholarly_evidence
cognitive_philiosophy,Henri Lefebvre - State Space World_ Selected Essays 2009.pdf,"State, Space, World: Selected Essays",theory,"Space is a social product fundamental to understanding state formation, capitalist reproduction, and the possibilities for revolutionary transformation.",social space; state spatiality; autogestion; planetary thought; mode of production; capitalism,provisional_unverified,frontmatter_or_chapter_sample,hypothesis_only_not_scholarly_evidence
cognitive_philiosophy,Henri Lefebvre - The Urban Revolution-Univ Of Minnesota Press 2003.pdf,The Urban Revolution,theory,The city is the central site and target of revolutionary political organizing and fundamental social transformation in the late twentieth century.,urban revolution; alienation; everyday life; ideology; political organizing; capitalism and urbanism,provisional_unverified,frontmatter_or_chapter_sample,hypothesis_only_not_scholarly_evidence
cognitive_philiosophy,How we understand others  philosophy and social cognition.pdf,How We Understand Others: Philosophy and Social Cognition,theory,"Mindreading is central to social understanding, but contemporary theory-theory and simulation accounts are incomplete; a comprehensive account must integrate in-group/out-group dynamics, social biases, goals, and situational context to explain how we interpret others' mental states and behavior.",mindreading; theory of mind; simulation; in-group/out-group dynamics; social bias; epistemic judgment; social cognition,provisional_unverified,frontmatter_or_chapter_sample,hypothesis_only_not_scholarly_evidence
cognitive_philiosophy,Institutions and Economic Theory.pdf,Institutions and Economic Theory: The Contribution of the New Institutional Economics,theory,"New institutional economics provides a modern analytical framework for understanding how institutions shape economic systems, organizational behavior, and development outcomes.",institutional economics; property rights; transaction costs; organizational design; economic development; institutional reform,provisional_unverified,frontmatter_or_chapter_sample,hypothesis_only_not_scholarly_evidence
cognitive_philiosophy,Interactive Data Visualization for the Web An Introduction to Designing with D3.pdf,Interactive Data Visualization for the Web: An Introduction to Designing with D3,method,"A foundational guide to designing and building interactive data visualizations on the web using the D3.js library, combining visual design principles with practical coding instruction for beginners and designers.",D3.js; data visualization; web interactivity; visual design; web development; data-driven graphics,provisional_unverified,frontmatter_or_chapter_sample,hypothesis_only_not_scholarly_evidence
cognitive_philiosophy,Introduction to Phenomenological Research by Martin Heidegger.pdf,Introduction to Phenomenological Research,theory,"Phenomenology is a method of philosophical inquiry that traces the appearance of entities through language and perception, grounded in a reexamination of Aristotelian concepts of phainomenon and logos.",phenomenology; phainomenon (appearance); logos (discourse); Aristotelian philosophy; phenomenological method; being and presence,provisional_unverified,frontmatter_or_chapter_sample,hypothesis_only_not_scholarly_evidence
cognitive_philiosophy,Machine learning for multimedia content analysis.pdf,Machine Learning for Multimedia Content Analysis,method,"Machine learning techniques enable automated analysis and classification of complex multimedia data at scale, replacing costly manual rule-based approaches with adaptive algorithms.",machine learning algorithms; multimedia content analysis; feature classification; Support Vector Machines; graphical models; boosting and regression,provisional_unverified,frontmatter_or_chapter_sample,hypothesis_only_not_scholarly_evidence
cognitive_philiosophy,Mathematical methods for knowledge discovery and data mining.pdf,Mathematical Methods for Knowledge Discovery and Data Mining,method,"A comprehensive guide to mathematical models and methods underlying data mining applications, spanning association rules, Bayesian methods, kernel methods, neural networks, and recognition techniques across multiple domains.",data mining algorithms; machine learning methods; kernel methods and SVMs; neural networks; pattern recognition; knowledge discovery; classification and rule-based systems,provisional_unverified,frontmatter_or_chapter_sample,hypothesis_only_not_scholarly_evidence
cognitive_philiosophy,Meaning of Life A Very Short Introduction.pdf,The Meaning of Life: A Very Short Introduction,theory,An accessible philosophical exploration of how thinkers across Western philosophy and literature have approached the perennial question of what makes life meaningful.,meaning and purpose; philosophy of life; existential questions; Western intellectual tradition; literature and philosophy,provisional_unverified,frontmatter_or_chapter_sample,hypothesis_only_not_scholarly_evidence
cognitive_philiosophy,Medieval Philosophy A New History of Western Philosophy.pdf,Medieval Philosophy: A New History of Western Philosophy Volume 11,mixed,"A comprehensive historical survey of medieval philosophical thought from Augustine through the Renaissance, tracing the development of logic, metaphysics, epistemology, and theology across Christian, Islamic, and Jewish traditions.",faith and reason; scholasticism; metaphysics of being and essence; logic and language; epistemology and knowledge; natural philosophy; soul and intellect,provisional_unverified,frontmatter_or_chapter_sample,hypothesis_only_not_scholarly_evidence
cognitive_philiosophy,Mental Models and the Mind Current Developments in Cognitive Psychology.pdf,"Mental Models and the Mind: Current Developments in Cognitive Psychology, Neuroscience, and Philosophy of Mind",mixed,"Mental models serve as a central construct integrating findings from cognitive psychology, neuroscience, and philosophy of mind to explain how humans represent and reason about the world.",mental models; cognitive representation; reasoning and inference; neuroscientific mechanisms; philosophy of mind,provisional_unverified,frontmatter_or_chapter_sample,hypothesis_only_not_scholarly_evidence
cognitive_philiosophy,Models Numbers and Cases Methods for Studying International Relations.pdf,"Cases, Numbers, Models: International Relations Research Methods",method,"International Relations scholarship requires systematic methodological approaches across three complementary research traditions—case studies, quantitative analysis, and formal modeling—to explain political interactions among states and organizations.",case study methods; quantitative empirical analysis; formal modeling and game theory; international security; international political economy; environmental policy,provisional_unverified,frontmatter_or_chapter_sample,hypothesis_only_not_scholarly_evidence
cognitive_philiosophy,Multimedia Content Analysis and Mining International Workshop.pdf,"Multimedia Content Analysis and Mining: International Workshop, MCAM 2007",method,"Current research and techniques in multimedia analysis, search, management, and mining across applications in entertainment, commerce, science, medicine, and public safety.",multimedia analysis; content search and retrieval; data mining; distributed system architectures; P2P streaming; multimedia security,provisional_unverified,frontmatter_or_chapter_sample,hypothesis_only_not_scholarly_evidence
cognitive_philiosophy,Negative Dialectics Adorno Ashton.pdf,Negative Dialectics,theory,"Critical thought must free itself from the ossified conceptual systems of capitalism and tradition by adopting a negative dialectical method that privileges the object, the particular, and the non-identical against the false reconciliation of idealist philosophy.",negative dialectics; critique of identity; object's preponderance; constellation; non-identity; immanent critique,provisional_unverified,frontmatter_or_chapter_sample,hypothesis_only_not_scholarly_evidence
cognitive_philiosophy,On Descartes Passive Thought The Myth of Cartesian Dualism.pdf,On Descartes' Passive Thought: The Myth of Cartesian Dualism,theory,"Descartes' philosophy rests fundamentally on the passivity of thought and the substantial union of mind and body, not on the active cogito and dualism traditionally attributed to him.",passive thought; substantial union; primitive notions; flesh and embodiment; action and passion; the cogito,provisional_unverified,frontmatter_or_chapter_sample,hypothesis_only_not_scholarly_evidence
cognitive_philiosophy,On World Politics.pdf,"On World Politics: R.G. Collingwood, Michael Oakeshott and Neotraditionalism in International Relations",theory,"Philosophical traditions derived from Collingwood and Oakeshott provide a neotraditional framework for understanding international relations and world politics through concepts of civilization, tradition, poetry, and politics.",neotradititionalism; philosophical tradition; civilization; world order; politics and poetry; international relations theory,provisional_unverified,frontmatter_or_chapter_sample,hypothesis_only_not_scholarly_evidence
cognitive_philiosophy,Ontology (Central Problems of Philosophy) by Dale Jacquette (z-lib.org).pdf,Ontology: Central Problems of Philosophy,theory,Ontology investigates the fundamental nature of being and existence by distinguishing between pure philosophical questions about what it means to exist and applied scientific ontology that identifies minimal categories of existent entities required for adequate philosophical semantics.,being as being; existence and non-existence; ontological commitment; existent entities and states of affairs; pure versus applied ontology; philosophical semantics,provisional_unverified,frontmatter_or_chapter_sample,hypothesis_only_not_scholarly_evidence
cognitive_philiosophy,Ontology Laying the Foundations by Nicolai Hartmann Keith Peterson .pdf,Ontology: Laying the Foundations,theory,"Being itself, independent of idealist or realist presuppositions, can be investigated systematically through a foundational ontology that addresses the traditional problem of what exists and how existence is structured across multiple domains.",modes of being and ontological strata; substance and individualization; realist ontology; metaphysical problems; intentionality and reflective cognition; part-whole relations,provisional_unverified,frontmatter_or_chapter_sample,hypothesis_only_not_scholarly_evidence
cognitive_philiosophy,Ontology Made Easy by Amie L. Thomasson (z-lib.org).pdf,Ontology Made Easy,theory,"Ontological existence questions can be answered straightforwardly through deflationary methods that treat 'exists' as a formal notion with determinate application conditions, rather than through substantive metaphysical inquiry.",deflationary ontology; quantifier variance; application conditions; conceptual truths; metaontological deflationism,provisional_unverified,frontmatter_or_chapter_sample,hypothesis_only_not_scholarly_evidence
cognitive_philiosophy,Ontology The Hermeneutics of Facticity.pdf,Ontology: The Hermeneutics of Facticity,theory,"Being must be investigated through hermeneutic interpretation of human facticity (Dasein) in its temporal, situated existence, rather than through traditional ontological doctrine.",hermeneutics; facticity; Dasein; existentials; temporal particularity; self-interpretation,provisional_unverified,frontmatter_or_chapter_sample,hypothesis_only_not_scholarly_evidence
cognitive_philiosophy,Ontology and Dialectics 1960-61.pdf,Ontology and Dialectics 1960/61,theory,"A critical examination of ontological inquiry that challenges traditional metaphysics by situating being within historical, linguistic, and dialectical frameworks rather than as a self-evident philosophical ground.",ontological difference; dialectical critique; being and language; history of ontology; immanent critique; regional versus fundamental ontology,provisional_unverified,frontmatter_or_chapter_sample,hypothesis_only_not_scholarly_evidence
cognitive_philiosophy,"Ontology and Dialectics, 1960-61.pdf",Ontology and Dialectics,theory,A critical examination of ontological inquiry and dialectical method that challenges traditional metaphysical foundations while investigating the historical development and linguistic dimensions of being.,ontological difference; dialectical critique; being and essence; regional ontologies; immanent critique; categorial intuition,provisional_unverified,frontmatter_or_chapter_sample,hypothesis_only_not_scholarly_evidence
cognitive_philiosophy,Passive_Revolution.pdf,Passive Revolution: Absorbing the Islamic Challenge to Capitalism,empirical,"Islamic mobilization in Turkey represents a hegemonic accommodation of capitalism rather than a revolutionary alternative, achieved through the recoupling of political and civil society.",hegemonic politics; Islamic mobilization; passive revolution; political society; civil society; capitalism; Turkish Islamism,provisional_unverified,frontmatter_or_chapter_sample,hypothesis_only_not_scholarly_evidence
cognitive_philiosophy,Pause for Transition An Analysis of the Relation of Man Mind and Society.pdf,"Pause for Transition: An Analysis of the Relation of Man, Mind and Society",theory,"Social evolution can be reconciled with structural unity of man by applying structural concepts from the social field to the human mind as the ultimate cause of society, thereby determining possible limits of social development.",social evolution; structural unity; mind-environment relation; social structure; energy transformation; Western civilization development,provisional_unverified,frontmatter_or_chapter_sample,hypothesis_only_not_scholarly_evidence
cognitive_philiosophy,Philosophy of Psychology and Cognitive Science.pdf,Philosophy of Psychology and Cognitive Science,theory,"Philosophy of science is essential to understanding the fundamental epistemological, metaphysical, and ethical questions that arise in psychology and cognitive science, bridging scientific inquiry with philosophical reflection on knowledge, reality, and consciousness.",philosophy of science; epistemology and metaphysics; theory and experiment; nature of consciousness; cognitive science methodology,provisional_unverified,frontmatter_or_chapter_sample,hypothesis_only_not_scholarly_evidence
cognitive_philiosophy,Politics_of_Deconstruction.pdf,Politics of Deconstruction: A New Introduction to Jacques Derrida,theory,"An introduction to Jacques Derrida's deconstructive philosophy and its political implications, tracing how deconstruction challenges metaphysical presence and logocentrism while engaging with democracy and undecidability.",deconstruction; logocentrism; metaphysics of presence; democracy; undecidability,provisional_unverified,frontmatter_or_chapter_sample,hypothesis_only_not_scholarly_evidence
cognitive_philiosophy,Psychological and Political Strategies for Peace Negotiation A Cognitive Approach.pdf,Psychological and Political Strategies for Peace Negotiation: A Cognitive Approach,theory,"Conflict resolution in negotiations requires understanding how cognitive and psychological factors—including perception, emotion, territoriality, and threat response—shape the parties' ability to communicate and reach agreement.",cognitive approaches to negotiation; threat perception and vulnerability; fight-flight emotional response; conflict entrenchment and gridlock; human territoriality; trust and cooperation barriers,provisional_unverified,frontmatter_or_chapter_sample,hypothesis_only_not_scholarly_evidence
cognitive_philiosophy,Purely Objective Reality Semiotics Communication and Cognition.pdf,"Purely Objective Reality: Semiotics, Communication and Cognition",theory,Objective reality is not independent of mind but constituted through semiotic relations and intersubjective communication grounded in the structure of signs.,semiotics and sign theory; objectivity versus subjectivity; relations and categories; intersubjectivity; social construction of reality,provisional_unverified,frontmatter_or_chapter_sample,hypothesis_only_not_scholarly_evidence
cognitive_philiosophy,Qualitative Data An Introduction to Coding and Analysis.pdf,Qualitative Data: An Introduction to Coding and Analysis,method,A practical guide to conducting qualitative hypothesis-generating research in psychology through systematic coding and analysis of textual data.,qualitative coding; hypothesis generation; data analysis mechanics; theoretical sampling; validity and reliability in qualitative research,provisional_unverified,frontmatter_or_chapter_sample,hypothesis_only_not_scholarly_evidence
cognitive_philiosophy,Qualitative Data Analysis with NVivo.pdf,Qualitative Data Analysis with NVivo,method,A practical guide to planning and conducting qualitative data analysis using NVivo software across diverse research methodologies and data types.,computer-assisted qualitative analysis; NVivo software tools; mixed methods research; data visualization; team-based analysis,provisional_unverified,frontmatter_or_chapter_sample,hypothesis_only_not_scholarly_evidence
cognitive_philiosophy,Scientific Realism and Human Emancipation.pdf,Scientific Realism and Human Emancipation,theory,"Scientific realism, grounded in transcendental realism and critical naturalism, provides a framework for understanding social science as explanatory and emancipatory critique that resolves dualisms in orthodox theory.",transcendental realism; critical naturalism; transformational model of social activity; explanatory critique; positivism critique; structured ontology,provisional_unverified,frontmatter_or_chapter_sample,hypothesis_only_not_scholarly_evidence
cognitive_philiosophy,Scientific Realism and International Relations.pdf,Scientific Realism and International Relations,theory,"Scientific realism provides a philosophical framework that transcends positivism and interpretivism to ground rigorous analysis of international relations through emergent structures, causal mechanisms, and critical realist ontology.",Scientific realism; Emergence and reduction; Critical realism; State theory; Causal mechanisms; Ontology and epistemology,provisional_unverified,frontmatter_or_chapter_sample,hypothesis_only_not_scholarly_evidence
cognitive_philiosophy,Strategic Interaction.pdf,Strategic Interaction,theory,Face-to-face interaction constitutes a distinct sociological field best understood through game theory and strategic analysis rather than communication frameworks.,strategic interaction; face-to-face conduct; expression games; game theory; mutual dealings; communication systems,provisional_unverified,frontmatter_or_chapter_sample,hypothesis_only_not_scholarly_evidence
cognitive_philiosophy,Structural Realism Structure Object and Causality.pdf,"Structural Realism: Structure, Object, and Causality",theory,"Scientific realism is best understood through structural realism, which privileges relational and structural aspects of ontology over object-based aspects, though the position encompasses diverse interpretations regarding whether this reflects fundamental reality or our epistemic engagement with it.",structural realism; scientific realism; ontological vs. epistemological thesis; relational ontology; physical symmetries; group theory,provisional_unverified,frontmatter_or_chapter_sample,hypothesis_only_not_scholarly_evidence
cognitive_philiosophy,Text Mining From Ontology Learning to Automated Text Processing Applications.pdf,Text Mining: From Ontology Learning to Automated Text Processing Applications,mixed,"A comprehensive survey of text mining and natural language processing techniques spanning ontology learning, information extraction, and automated text processing applications.",Ontology learning; Text mining; Natural language processing; Information extraction; Computational linguistics; Knowledge management,provisional_unverified,frontmatter_or_chapter_sample,hypothesis_only_not_scholarly_evidence
cognitive_philiosophy,The Conduct of Inquiry in International Relations Philosophy of Science.pdf,The Conduct of Inquiry in International Relations,method,"International Relations scholarship should embrace methodological pluralism grounded in philosophy of science, recognizing multiple scientifically valid approaches rather than a single unified scientific method.",philosophy of science; methodological pluralism; neopositivism; critical realism; analytical approaches; reflexivity; research design validity,provisional_unverified,frontmatter_or_chapter_sample,hypothesis_only_not_scholarly_evidence
cognitive_philiosophy,The Culture Industry Selected Essays on Mass Culture Adorno Bernstein.pdf,The Culture Industry: Selected Essays on Mass Culture,theory,"Mass culture operates as an administered system of standardization and manipulation that regresses human consciousness, blocks critical thought, and serves ideological domination rather than authentic human development.",culture industry; administered society; consciousness and regression; mass manipulation; fascist propaganda mechanisms; commodification of culture,provisional_unverified,frontmatter_or_chapter_sample,hypothesis_only_not_scholarly_evidence
